norm_path	hits	max_list_len
definition_snapshot.ISimulationSystem.OnSimulationCreated.Listeners[].Target.TileBasedSystems[].ChainPositions	96	129
definition_snapshot.ISimulationSystem.OnSimulationCreated.Listeners[].Target.ISimulator.Simulations	48	129
definition_snapshot.ISimulationSystem.OnSimulationCreated.Listeners[].Target.Layout.Buildings	48	129
definition_snapshot.ISimulationSystem.OnSimulationCreated.Listeners[].Target.Layout.Islands	48	129
definition_snapshot.ISimulationSystem.OnSimulationCreated.Listeners[].Target.Systems	48	129
simulation_parameters.ISimulationSystem.OnSimulationCreated.Listeners[].Target.ISimulator.Simulations	48	129
simulation_parameters.ISimulationSystem.OnSimulationCreated.Listeners[].Target.Systems	48	129
definition_snapshot.IShapeCollectorSystem.OnShapesCollected.Listeners[].Method.Module.Assembly.DefinedTypes	44	129
definition_snapshot.IShapeCollectorSystem.OnShapesCollected.Listeners[].Method.Module.Assembly.ExportedTypes	44	129
definition_snapshot.IRocketProducerSystem.OnRocketProduced.Listeners[].Target.LocalizedSimulationType.Assembly.DefinedTypes	36	129
definition_snapshot.IRocketProducerSystem.OnRocketProduced.Listeners[].Target.LocalizedSimulationType.Assembly.ExportedTypes	36	129
definition_snapshot.IRocketProducerSystem.OnRocketProduced.Listeners[].Target.Map.Buildings	36	129
definition_snapshot.IRocketProducerSystem.OnRocketProduced.Listeners[].Target.Map.Islands	36	129
definition_snapshot.IRocketProducerSystem.OnRocketProduced.Listeners[].Target.Map.LayoutModel.Buildings	36	129
definition_snapshot.IRocketProducerSystem.OnRocketProduced.Listeners[].Target.Map.LayoutModel.Islands	36	129
definition_snapshot.IRocketProducerSystem.OnRocketProduced.Listeners[].Target.Map.Map.Buildings	36	129
definition_snapshot.IRocketProducerSystem.OnRocketProduced.Listeners[].Target.Map.Map.IReadOnlyMap.Buildings	36	129
definition_snapshot.IRocketProducerSystem.OnRocketProduced.Listeners[].Target.Map.Map.IReadOnlyMap.Islands	36	129
definition_snapshot.IRocketProducerSystem.OnRocketProduced.Listeners[].Target.Map.Map.Islands	36	129
definition_snapshot.IRocketProducerSystem.OnRocketProduced.Listeners[].Target.Map.Map.SuperChunks	36	129
definition_snapshot.IRocketProducerSystem.OnRocketProduced.Listeners[].Target.Map.ResourcesAccessor.SuperChunks	36	129
definition_snapshot.IRocketProducerSystem.OnRocketProduced.Listeners[].Target.Map.SuperChunks	36	129
definition_snapshot.IRocketProducerSystem.OnRocketProduced.Listeners[].Target.SimulationType.Assembly.DefinedTypes	36	129
definition_snapshot.IRocketProducerSystem.OnRocketProduced.Listeners[].Target.SimulationType.Assembly.ExportedTypes	36	129
definition_snapshot.Interlock.ResearchUnlockManager.Mode.Islands.AllDefinitions	36	129
definition_snapshot.Interlock.ResearchUnlockManager.Mode.PlayerLevelConfig.IconicLevelShapes	36	129
definition_snapshot.Interlock.ResearchUnlockManager.Mode.WikiDatabase.KnowledgePanelEntries	36	129
definition_snapshot.Interlock.ResearchUnlockManager.UnlockProgressManager.OnChanged.Listeners	36	129
definition_snapshot.Interlock.ResearchUnlockManager.UnlockProgressManager.OnResearchLocked.Listeners	36	129
definition_snapshot.Interlock.ResearchUnlockManager.UnlockProgressManager.OnResearchUnlocked.Listeners	36	129
definition_snapshot.Interlock.ResearchUnlockManager.UnlockProgressManager.Progression.AllUpgrades	36	129
definition_snapshot.Interlock.ResearchUnlockManager.UnlockProgressManager.Progression.SideQuests	36	129
definition_snapshot.Interlock.ResearchUnlockManager.UnlockProgressManager.Progression.WikiConfiguration.WikiReferences	36	129
definition_snapshot.Interlock.ResearchUnlockManager.UnlockProgressManager.Progression._AllUpgrades	36	129
definition_snapshot.Interlock.ResearchUnlockManager.UnlockProgressManager.Progression._SideQuests	36	129
definition_snapshot.Interlock.ResearchUnlockManager.UnlockProgressManager.UnlockedRewards	36	129
definition_snapshot.Interlock.ResearchUnlockManager.UnlockProgressManager._CachedEffectiveUnlockedUpgrades	36	129
definition_snapshot.Interlock.ResearchUnlockManager.UnlockProgressManager._CachedUnlockedRewards	36	129
definition_snapshot.Interlock.ResearchUnlockManager.UnlockProgressManager._ManuallyUnlockedUpgrades	36	129
definition_snapshot.Logger.Info.LogAction.Method.Module.Assembly.CustomAttributes	8	129
definition_snapshot.Logger.Info.LogAction.Method.Module.Assembly.DefinedTypes	8	129
definition_snapshot.Logger.Info.LogAction.Method.Module.Assembly.ExportedTypes	8	129
definition_snapshot.ChainPositions	4	129
definition_snapshot.OnSimulationCreated.Listeners[].Target.TileBasedSystems[].ChainPositions	4	129
definition_snapshot.OnSimulationCreated.Listeners[].Target.ISimulator.Simulations	2	129
definition_snapshot.OnSimulationCreated.Listeners[].Target.Layout.Buildings	2	129
definition_snapshot.OnSimulationCreated.Listeners[].Target.Layout.Islands	2	129
definition_snapshot.OnSimulationCreated.Listeners[].Target.Systems	2	129
definition_snapshot.TrainIslands.Navigation.Catcher.Layout.ChunkInformationByPosition.(0, 0, 0).TileBuildableFlags_L	2	129
definition_snapshot.TrainIslands.Navigation.Catcher.Layout.ChunkInformationByPosition.(0, 0, 0).TileNotchFlags_L	2	129
definition_snapshot.TrainIslands.Navigation.Catcher.Layout.ChunkInformationByPosition.(0, 0, 0).TileVoidFlags_L	2	129
definition_snapshot.TrainIslands.Navigation.Launcher.Layout.ChunkInformationByPosition.(0, 0, 0).TileBuildableFlags_L	2	129
definition_snapshot.TrainIslands.Navigation.Launcher.Layout.ChunkInformationByPosition.(0, 0, 0).TileNotchFlags_L	2	129
definition_snapshot.TrainIslands.Navigation.Launcher.Layout.ChunkInformationByPosition.(0, 0, 0).TileVoidFlags_L	2	129
definition_snapshot.TrainIslands.Navigation.QuickStation.Layout.ChunkInformationByPosition.(0, 0, 0).TileBuildableFlags_L	2	129
definition_snapshot.TrainIslands.Navigation.QuickStation.Layout.ChunkInformationByPosition.(0, 0, 0).TileNotchFlags_L	2	129
definition_snapshot.TrainIslands.Navigation.QuickStation.Layout.ChunkInformationByPosition.(0, 0, 0).TileVoidFlags_L	2	129
definition_snapshot.TrainIslands.Navigation.Twister.Layout.ChunkInformationByPosition.(0, 0, 0).TileBuildableFlags_L	2	129
definition_snapshot.TrainIslands.Navigation.Twister.Layout.ChunkInformationByPosition.(0, 0, 0).TileNotchFlags_L	2	129
definition_snapshot.TrainIslands.Navigation.Twister.Layout.ChunkInformationByPosition.(0, 0, 0).TileVoidFlags_L	2	129
definition_snapshot.TrainIslands.Navigation.Twister.Layout.ChunkInformationByPosition.(1, 0, 0).TileBuildableFlags_L	2	129
definition_snapshot.TrainIslands.Navigation.Twister.Layout.ChunkInformationByPosition.(1, 0, 0).TileNotchFlags_L	2	129
definition_snapshot.TrainIslands.Navigation.Twister.Layout.ChunkInformationByPosition.(1, 0, 0).TileVoidFlags_L	2	129
definition_snapshot.TrainIslands.Navigation.Twister.Layout.ChunkInformationByPosition.(2, 0, 0).TileBuildableFlags_L	2	129
definition_snapshot.TrainIslands.Navigation.Twister.Layout.ChunkInformationByPosition.(2, 0, 0).TileNotchFlags_L	2	129
definition_snapshot.TrainIslands.Navigation.Twister.Layout.ChunkInformationByPosition.(2, 0, 0).TileVoidFlags_L	2	129
definition_snapshot.TrainIslands.Navigation.Twister.Layout.ChunkInformationByPosition.(3, 0, 0).TileBuildableFlags_L	2	129
definition_snapshot.TrainIslands.Navigation.Twister.Layout.ChunkInformationByPosition.(3, 0, 0).TileNotchFlags_L	2	129
definition_snapshot.TrainIslands.Navigation.Twister.Layout.ChunkInformationByPosition.(3, 0, 0).TileVoidFlags_L	2	129
definition_snapshot.TrainIslands.Navigation.Twister.Layout.ChunkInformationByPosition.(4, 0, 0).TileBuildableFlags_L	2	129
definition_snapshot.TrainIslands.Navigation.Twister.Layout.ChunkInformationByPosition.(4, 0, 0).TileNotchFlags_L	2	129
definition_snapshot.TrainIslands.Navigation.Twister.Layout.ChunkInformationByPosition.(4, 0, 0).TileVoidFlags_L	2	129
definition_snapshot.TrainIslands.Navigation.WaitStation.Layout.ChunkInformationByPosition.(0, 0, 0).TileBuildableFlags_L	2	129
definition_snapshot.TrainIslands.Navigation.WaitStation.Layout.ChunkInformationByPosition.(0, 0, 0).TileNotchFlags_L	2	129
definition_snapshot.TrainIslands.Navigation.WaitStation.Layout.ChunkInformationByPosition.(0, 0, 0).TileVoidFlags_L	2	129
definition_snapshot.TrainIslands.Production.FillerCargoFactory.Layout.ChunkInformationByPosition.(0, 0, 0).TileBuildableFlags_L	2	129
definition_snapshot.TrainIslands.Production.FillerCargoFactory.Layout.ChunkInformationByPosition.(0, 0, 0).TileNotchFlags_L	2	129
definition_snapshot.TrainIslands.Production.FillerCargoFactory.Layout.ChunkInformationByPosition.(0, 0, 0).TileVoidFlags_L	2	129
definition_snapshot.TrainIslands.Production.FluidCargoFactory.Layout.ChunkInformationByPosition.(0, 0, 0).TileBuildableFlags_L	2	129
definition_snapshot.TrainIslands.Production.FluidCargoFactory.Layout.ChunkInformationByPosition.(0, 0, 0).TileNotchFlags_L	2	129
definition_snapshot.TrainIslands.Production.FluidCargoFactory.Layout.ChunkInformationByPosition.(0, 0, 0).TileVoidFlags_L	2	129
definition_snapshot.TrainIslands.Production.ShapeCargoFactory.Layout.ChunkInformationByPosition.(0, 0, 0).TileBuildableFlags_L	2	129
definition_snapshot.TrainIslands.Production.ShapeCargoFactory.Layout.ChunkInformationByPosition.(0, 0, 0).TileNotchFlags_L	2	129
definition_snapshot.TrainIslands.Production.ShapeCargoFactory.Layout.ChunkInformationByPosition.(0, 0, 0).TileVoidFlags_L	2	129
definition_snapshot.TrainsSimulation.TrainsProductionSimulator.TrainSpawnerValidator.NavigationSimulator.NavigationCoordinators[].BlockedCoordinates	2	129
definition_snapshot._HubIslands[].Definition.Layout.ChunkInformationByPosition.(-1, -1, 0).TileBuildableFlags_L	2	129
definition_snapshot._HubIslands[].Definition.Layout.ChunkInformationByPosition.(-1, -1, 0).TileNotchFlags_L	2	129
definition_snapshot._HubIslands[].Definition.Layout.ChunkInformationByPosition.(-1, -1, 0).TileVoidFlags_L	2	129
definition_snapshot._HubIslands[].Definition.Layout.ChunkInformationByPosition.(-1, 0, 0).TileBuildableFlags_L	2	129
definition_snapshot._HubIslands[].Definition.Layout.ChunkInformationByPosition.(-1, 0, 0).TileNotchFlags_L	2	129
definition_snapshot._HubIslands[].Definition.Layout.ChunkInformationByPosition.(-1, 0, 0).TileVoidFlags_L	2	129
definition_snapshot._HubIslands[].Definition.Layout.ChunkInformationByPosition.(-1, 1, 0).TileBuildableFlags_L	2	129
definition_snapshot._HubIslands[].Definition.Layout.ChunkInformationByPosition.(-1, 1, 0).TileNotchFlags_L	2	129
definition_snapshot._HubIslands[].Definition.Layout.ChunkInformationByPosition.(-1, 1, 0).TileVoidFlags_L	2	129
definition_snapshot._HubIslands[].Definition.Layout.ChunkInformationByPosition.(0, -1, 0).TileBuildableFlags_L	2	129
definition_snapshot._HubIslands[].Definition.Layout.ChunkInformationByPosition.(0, -1, 0).TileNotchFlags_L	2	129
definition_snapshot._HubIslands[].Definition.Layout.ChunkInformationByPosition.(0, -1, 0).TileVoidFlags_L	2	129
definition_snapshot._HubIslands[].Definition.Layout.ChunkInformationByPosition.(0, 0, 0).TileBuildableFlags_L	2	129
definition_snapshot._HubIslands[].Definition.Layout.ChunkInformationByPosition.(0, 0, 0).TileNotchFlags_L	2	129
definition_snapshot._HubIslands[].Definition.Layout.ChunkInformationByPosition.(0, 0, 0).TileVoidFlags_L	2	129
definition_snapshot._HubIslands[].Definition.Layout.ChunkInformationByPosition.(0, 1, 0).TileBuildableFlags_L	2	129
definition_snapshot._HubIslands[].Definition.Layout.ChunkInformationByPosition.(0, 1, 0).TileNotchFlags_L	2	129
definition_snapshot._HubIslands[].Definition.Layout.ChunkInformationByPosition.(0, 1, 0).TileVoidFlags_L	2	129
definition_snapshot._HubIslands[].Definition.Layout.ChunkInformationByPosition.(1, -1, 0).TileBuildableFlags_L	2	129
definition_snapshot._HubIslands[].Definition.Layout.ChunkInformationByPosition.(1, -1, 0).TileNotchFlags_L	2	129
definition_snapshot._HubIslands[].Definition.Layout.ChunkInformationByPosition.(1, -1, 0).TileVoidFlags_L	2	129
definition_snapshot._HubIslands[].Definition.Layout.ChunkInformationByPosition.(1, 0, 0).TileBuildableFlags_L	2	129
definition_snapshot._HubIslands[].Definition.Layout.ChunkInformationByPosition.(1, 0, 0).TileNotchFlags_L	2	129
definition_snapshot._HubIslands[].Definition.Layout.ChunkInformationByPosition.(1, 0, 0).TileVoidFlags_L	2	129
definition_snapshot._HubIslands[].Definition.Layout.ChunkInformationByPosition.(1, 1, 0).TileBuildableFlags_L	2	129
definition_snapshot._HubIslands[].Definition.Layout.ChunkInformationByPosition.(1, 1, 0).TileNotchFlags_L	2	129
definition_snapshot._HubIslands[].Definition.Layout.ChunkInformationByPosition.(1, 1, 0).TileVoidFlags_L	2	129
simulation_parameters.OnSimulationCreated.Listeners[].Target.ISimulator.Simulations	2	129
simulation_parameters.OnSimulationCreated.Listeners[].Target.Systems	2	129
simulation_parameters.TrainsSimulation.TrainSimulationCoordinators[].BlockedCoordinates	2	129
definition_snapshot.ISimulationSystem.OnSimulationCreated.Listeners[].Method.Module.Assembly.DefinedTypes	48	106
definition_snapshot.OnSimulationCreated.Listeners[].Method.Module.Assembly.DefinedTypes	2	106
definition_snapshot.ISimulationSystem.OnSimulationCreated.Listeners[].Target.TileBasedSystems	48	101
simulation_parameters.ISimulationSystem.OnSimulationCreated.Listeners[].Target.TileBasedSystems	48	101
definition_snapshot.OnSimulationCreated.Listeners[].Target.TileBasedSystems	2	101
simulation_parameters.OnSimulationCreated.Listeners[].Target.TileBasedSystems	2	101
definition_snapshot.ISimulationSystem.OnSimulationCreated.Listeners[].Method.Module.Assembly.ExportedTypes	48	89
definition_snapshot.OnSimulationCreated.Listeners[].Method.Module.Assembly.ExportedTypes	2	89
definition_snapshot.ISimulationSystem.OnSimulationCreated.Listeners[].Method.ReflectedTypeInternal.DeclaredMembers	48	82
definition_snapshot.OnSimulationCreated.Listeners[].Method.ReflectedTypeInternal.DeclaredMembers	2	82
definition_snapshot.ISimulationSystem.OnSimulationCreated.Listeners[].Target.ChunkBasedSystems	48	77
simulation_parameters.ISimulationSystem.OnSimulationCreated.Listeners[].Target.ChunkBasedSystems	48	77
definition_snapshot.OnSimulationCreated.Listeners[].Target.ChunkBasedSystems	2	77
simulation_parameters.OnSimulationCreated.Listeners[].Target.ChunkBasedSystems	2	77
definition_snapshot.Interlock.ResearchUnlockManager.CostManager.PointStorage.OnChanged.Listeners	36	67
definition_snapshot.Interlock.ResearchUnlockManager.Mode.Buildings.All	36	67
definition_snapshot.Interlock.ResearchUnlockManager.Mode.Buildings._All	36	67
definition_snapshot.Interlock.ResearchUnlockManager.UnlockProgressManager._CachedUnlockedBuildingGroupIds	36	67
definition_snapshot.Interlock.ResearchUnlockManager.Mode.Islands.AllDefinitionGroups	36	64
definition_snapshot.Interlock.ResearchUnlockManager.UnlockProgressManager._CachedUnlockedIslandGroupIds	36	64
definition_snapshot.Logger.Info.LogAction.Method.ReflectedTypeInternal.DeclaredMembers	8	63
definition_snapshot.ISimulationSystem.OnSimulationCreated.Listeners[].Target.TileBasedSystems[].ExtractorPositions	96	58
definition_snapshot.ExtractorPositions	4	58
definition_snapshot.OnSimulationCreated.Listeners[].Target.TileBasedSystems[].ExtractorPositions	4	58
definition_snapshot.ISimulationSystem.OnSimulationCreated.Listeners[].Method.ReflectedTypeInternal.DeclaredMethods	48	54
definition_snapshot.ConnectableSimulations[].Simulation.DemandComparison.Method.ReflectedTypeInternal.DeclaredMembers	2	54
definition_snapshot.OnSimulationCreated.Listeners[].Method.ReflectedTypeInternal.DeclaredMethods	2	54
definition_snapshot.Logger.Info.LogAction.Method.ReflectedTypeInternal.DeclaredMethods	8	53
definition_snapshot.Interlock.ResearchUnlockManager.UnlockProgressManager.Progression.SideUpgrades	36	51
definition_snapshot.Interlock.ResearchUnlockManager.UnlockProgressManager.Progression._SideUpgrades	36	51
definition_snapshot.ISimulationSystem.OnSimulationCreated.Listeners[].Target.Systems[].ConnectableSimulations	94	47
definition_snapshot.ConnectableSimulations	12	47
simulation_parameters.ConnectableSimulations	12	47
definition_snapshot.OnSimulationCreated.Listeners[].Target.Systems[].ConnectableSimulations	4	47
definition_snapshot.ISimulationSystem.OnSimulationCreated.Listeners[].Target.SimulationGraph.Clusters	48	44
definition_snapshot.ISimulationSystem.OnSimulationCreated.Listeners[].Target.SimulationGraph.Game.Core.Map.Simulation.Clustering.ISimulationGraph.Clusters	48	44
definition_snapshot.OnSimulationCreated.Listeners[].Target.SimulationGraph.Clusters	2	44
definition_snapshot.OnSimulationCreated.Listeners[].Target.SimulationGraph.Game.Core.Map.Simulation.Clustering.ISimulationGraph.Clusters	2	44
definition_snapshot.Interlock.ResearchUnlockManager.UnlockProgressManager.Progression.SideQuestGroups	36	41
definition_snapshot.Interlock.ResearchUnlockManager.UnlockProgressManager.Progression._SideQuestGroups	36	41
definition_snapshot.ConnectableSimulations[].Simulation.DemandComparison.Method.ReturnType.DeclaredMembers	2	38
definition_snapshot.ConnectableSimulations[].Simulation.DemandComparison.Method.ReturnType.DeclaredMethods	2	35
definition_snapshot.IRocketProducerSystem.OnRocketProduced.Listeners[].Method.ReflectedTypeInternal.DeclaredMembers	72	32
definition_snapshot.ISimulationSystem.OnSimulationCreated.Listeners[].Target.SimulationGraph.UpdateTasks	48	32
definition_snapshot.TrainsSimulation.NavigationPredictor.NavigationCoordinators[].RailsIds	6	32
simulation_parameters.TrainsSimulation.NavigationPredictor.NavigationCoordinators[].RailsIds	6	32
definition_snapshot.ConnectableSimulations[].Simulation.DemandComparison.Method.ReflectedTypeInternal.DeclaredMethods	2	32
definition_snapshot.OnSimulationCreated.Listeners[].Target.SimulationGraph.UpdateTasks	2	32
definition_snapshot.Interlock.ResearchUnlockManager.Mode.Mechanics.Mechanics	36	31
definition_snapshot.Interlock.ResearchUnlockManager.UnlockProgressManager.Progression.ShopItems	36	29
definition_snapshot.Interlock.ResearchUnlockManager.UnlockProgressManager.Progression._ShopItems	36	29
definition_snapshot.Interlock.ResearchUnlockManager.Mode.Islands.ConverterHub.Layout.ChunkInformation	36	27
definition_snapshot.Interlock.ResearchUnlockManager.Mode.Islands.ConverterHub.Layout.ChunkPositions	36	27
definition_snapshot.Interlock.ResearchUnlockManager.Mode.Islands.SpaceBelts	36	27
definition_snapshot.Interlock.ResearchUnlockManager.Mode.Islands.SpacePipes	36	27
definition_snapshot.TrainsSimulation.TrainsProductionSimulator.TrainSpawnerValidator.NavigationSimulator.NavigationCoordinators[].RailsIds	6	27
simulation_parameters.TrainsSimulation.TrainSimulationCoordinators[].RailsIds	6	27
definition_snapshot.Interlock.ResearchUnlockManager.Mode.Islands.FoundationIslands	36	26
definition_snapshot.ISimulationSystem.OnSimulationCreated.Listeners[].Target.UpdateableSystems	48	23
simulation_parameters.ISimulationSystem.OnSimulationCreated.Listeners[].Target.UpdateableSystems	48	23
definition_snapshot.IShapeCollectorSystem.OnShapesCollected.Listeners[].Target.<>4__this.ShapeCollectors	44	23
definition_snapshot.OnSimulationCreated.Listeners[].Target.UpdateableSystems	2	23
simulation_parameters.OnSimulationCreated.Listeners[].Target.UpdateableSystems	2	23
definition_snapshot.Interlock.ResearchUnlockManager.UnlockProgressManager._CachedUnlockedMechanics	36	21
definition_snapshot.IRocketProducerSystem.OnRocketProduced.Listeners[].Method.ReflectedTypeInternal.DeclaredMethods	72	20
definition_snapshot.ISimulationSystem.OnSimulationCreated.Listeners[].Method.ReflectedTypeInternal.DeclaredFields	48	20
definition_snapshot.IRocketProducerSystem.OnRocketProduced.Listeners[].Target.LocalizedSimulationType.DeclaredMembers	36	20
definition_snapshot.IRocketProducerSystem.OnRocketProduced.Listeners[].Target.SimulationType.DeclaredMembers	36	20
definition_snapshot.Interlock.ResearchUnlockManager.Mode.Islands.ConverterHub.IEntityDefinition.CustomData.All	36	20
definition_snapshot.Interlock.ResearchUnlockManager.Mode.Islands.ConverterHub.IEntityDefinition.CustomData.CustomData	36	20
definition_snapshot.TrainIslands.Production._Producers[].IEntityDefinition.CustomData.All	14	20
definition_snapshot.TrainIslands.Production._Producers[].IEntityDefinition.CustomData.CustomData	14	20
definition_snapshot.TrainIslands.Exchange.FluidLoaders[].IEntityDefinition.CustomData.All	4	20
definition_snapshot.TrainIslands.Exchange.FluidLoaders[].IEntityDefinition.CustomData.CustomData	4	20
definition_snapshot.TrainIslands.Exchange.FluidUnloaders[].IEntityDefinition.CustomData.All	4	20
definition_snapshot.TrainIslands.Exchange.FluidUnloaders[].IEntityDefinition.CustomData.CustomData	4	20
definition_snapshot.TrainIslands.Exchange.ShapeLoaders[].IEntityDefinition.CustomData.All	4	20
definition_snapshot.TrainIslands.Exchange.ShapeLoaders[].IEntityDefinition.CustomData.CustomData	4	20
definition_snapshot.TrainIslands.Exchange.ShapeUnloaders[].IEntityDefinition.CustomData.All	4	20
definition_snapshot.TrainIslands.Exchange.ShapeUnloaders[].IEntityDefinition.CustomData.CustomData	4	20
definition_snapshot.TrainIslands.Navigation.Loops[].IEntityDefinition.CustomData.All	4	20
definition_snapshot.TrainIslands.Navigation.Loops[].IEntityDefinition.CustomData.CustomData	4	20
definition_snapshot.OnSimulationCreated.Listeners[].Method.ReflectedTypeInternal.DeclaredFields	2	20
definition_snapshot.Interlock.ResearchUnlockManager.Mode.WikiDatabase.Entries.WKWires_MaM.<Entries>k__BackingField	36	19
definition_snapshot.Interlock.ResearchUnlockManager.Mode.WikiDatabase.Entries.WKWires_MaM.Entries	36	19
definition_snapshot.TrainIslands.Navigation.Launcher.IEntityDefinition.CustomData.All	2	19
definition_snapshot.TrainIslands.Navigation.Launcher.IEntityDefinition.CustomData.CustomData	2	19
definition_snapshot.TrainIslands.Navigation.Twister.IEntityDefinition.CustomData.All	2	19
definition_snapshot.TrainIslands.Navigation.Twister.IEntityDefinition.CustomData.CustomData	2	19
definition_snapshot.IShapeCollectorSystem.OnShapesCollected.Listeners[].Method.ReflectedTypeInternal.ReflectedType.DeclaredMembers	44	18
definition_snapshot.IRocketProducerSystem.OnRocketProduced.Listeners[].Target.RocketProducerSystems	36	18
definition_snapshot.IRocketProducerSystem.OnRocketProduced.Listeners[].Target.Systems	36	18
definition_snapshot.Interlock.ResearchUnlockManager.Mode.Islands.ConverterIslands	36	18
definition_snapshot.Interlock.ResearchUnlockManager.Mode.Islands.Hub.IEntityDefinition.CustomData.All	36	18
definition_snapshot.Interlock.ResearchUnlockManager.Mode.Islands.Hub.IEntityDefinition.CustomData.CustomData	36	18
definition_snapshot.Interlock.ResearchUnlockManager.Mode.WikiDatabase.Entries.WKWires_VirtualProcessing.<Entries>k__BackingField	36	18
definition_snapshot.Interlock.ResearchUnlockManager.Mode.WikiDatabase.Entries.WKWires_VirtualProcessing.Entries	36	18
definition_snapshot.TrainIslands.Navigation.Catcher.IEntityDefinition.CustomData.All	2	18
definition_snapshot.TrainIslands.Navigation.Catcher.IEntityDefinition.CustomData.CustomData	2	18
definition_snapshot.TrainIslands.Production.FillerCargoFactory.IEntityDefinition.CustomData.All	2	18
definition_snapshot.TrainIslands.Production.FillerCargoFactory.IEntityDefinition.CustomData.CustomData	2	18
definition_snapshot.TrainIslands.Production.FluidCargoFactory.IEntityDefinition.CustomData.All	2	18
definition_snapshot.TrainIslands.Production.FluidCargoFactory.IEntityDefinition.CustomData.CustomData	2	18
definition_snapshot.TrainIslands.Production.ShapeCargoFactory.IEntityDefinition.CustomData.All	2	18
definition_snapshot.TrainIslands.Production.ShapeCargoFactory.IEntityDefinition.CustomData.CustomData	2	18
definition_snapshot._HubIslands[].Definition.IEntityDefinition.CustomData.All	2	18
definition_snapshot._HubIslands[].Definition.IEntityDefinition.CustomData.All[].DrawingContext	2	18
definition_snapshot._HubIslands[].Definition.IEntityDefinition.CustomData.CustomData	2	18
definition_snapshot.TrainIslands.Navigation.Rails[].IEntityDefinition.CustomData.All	26	17
definition_snapshot.TrainIslands.Navigation.Rails[].IEntityDefinition.CustomData.CustomData	26	17
definition_snapshot.TrainIslands.Navigation.QuickStation.IEntityDefinition.CustomData.All	2	17
definition_snapshot.TrainIslands.Navigation.QuickStation.IEntityDefinition.CustomData.CustomData	2	17
definition_snapshot.TrainIslands.Navigation.WaitStation.IEntityDefinition.CustomData.All	2	17
definition_snapshot.TrainIslands.Navigation.WaitStation.IEntityDefinition.CustomData.CustomData	2	17
definition_snapshot.ISimulationSystem.OnSimulationCreated.Listeners[].Target.GenericIslandObserverSystems[].ConnectableSimulations	96	16
definition_snapshot.IRocketProducerSystem.OnRocketProduced.Listeners[].Method.ReflectedTypeInternal.BaseType.DeclaredMembers	36	16
definition_snapshot.Interlock.ResearchUnlockManager.Mode.MapGenerationParameters.ShapePatchGenerationLikeliness	36	16
definition_snapshot.OnSimulationCreated.Listeners[].Target.GenericIslandObserverSystems[].ConnectableSimulations	4	16
definition_snapshot.Interlock.ResearchUnlockManager.Mode.PlayerLevelConfig.GoalLines	36	14
definition_snapshot.Interlock.ResearchUnlockManager.Mode.WikiDatabase.Entries.WKWires_LogicGates.<Entries>k__BackingField	36	14
definition_snapshot.Interlock.ResearchUnlockManager.Mode.WikiDatabase.Entries.WKWires_LogicGates.Entries	36	14
definition_snapshot.Interlock.ResearchUnlockManager.UnlockProgressManager.Progression.WikiConfiguration.Categories	36	14
definition_snapshot.TrainsSimulation.NavigationPredictor.InputsByRoutedOutput.Activator.Method.ReflectedTypeInternal.DeclaredMembers	2	14
definition_snapshot.TrainsSimulation.NavigationPredictor.RoutesByInput.Activator.Method.ReflectedTypeInternal.DeclaredMembers	2	14
definition_snapshot.Interlock.ResearchUnlockManager.Mode.Buildings.All[].Definitions	2412	13
definition_snapshot.Interlock.ResearchUnlockManager.Mode.Buildings.All[]._Definitions	2412	13
definition_snapshot.Interlock.ResearchUnlockManager.UnlockProgressManager.Progression.SideUpgrades[].<Rewards>k__BackingField	1836	13
definition_snapshot.Interlock.ResearchUnlockManager.UnlockProgressManager.Progression.SideUpgrades[].Rewards	1836	13
definition_snapshot.Interlock.ResearchUnlockManager.Mode.Islands.Trains.Navigation.Rails	36	13
definition_snapshot.Interlock.ResearchUnlockManager.UnlockProgressManager.Progression.Levels	36	13
definition_snapshot.Interlock.ResearchUnlockManager.UnlockProgressManager.Progression._Levels	36	13
definition_snapshot.TrainIslands.Navigation.Rails	2	13
definition_snapshot.ISimulationSystem.OnSimulationCreated.Listeners[].Method.ReflectedTypeInternal.BaseType.DeclaredMembers	46	12
definition_snapshot.ConnectableSimulations[].Simulation.InputLanes	32	12
definition_snapshot.ConnectableSimulations[].Simulation.NextBundle	32	12
definition_snapshot.ConnectableSimulations[].Simulation._NextBundle	32	12
definition_snapshot.ConnectableSimulations[].TileConnectors	32	12
simulation_parameters.ConnectableSimulations[].Simulation.InputLanes	32	12
simulation_parameters.ConnectableSimulations[].Simulation.NextBundle	32	12
simulation_parameters.ConnectableSimulations[].Simulation._NextBundle	32	12
simulation_parameters.ConnectableSimulations[].TileConnectors	32	12
definition_snapshot.Logger.Info.LogAction.Method.ReflectedTypeInternal.BaseType.DeclaredMembers	8	12
definition_snapshot.ConnectableSimulations[].Building.Definition.IEntityDefinition.CustomData.All	2	12
definition_snapshot.ConnectableSimulations[].Building.Definition.IEntityDefinition.CustomData.CustomData	2	12
definition_snapshot.ConnectableSimulations[].Simulation.DemandComparison.Method.ReflectedTypeInternal.DeclaredFields	2	12
definition_snapshot.IShapeCollectorSystem.OnShapesCollected.Listeners[].Method.ReflectedTypeInternal.BaseType.DeclaredMembers	2	12
definition_snapshot.OnSimulationCreated.Listeners[].Method.ReflectedTypeInternal.BaseType.DeclaredMembers	2	12
definition_snapshot.TrainsSimulation.TrainSimulationCoordinators	2	12
definition_snapshot.TrainsSimulation.TrainsProductionSimulator.TrainSpawnerValidator.NavigationSimulator.NavigationCoordinators	2	12
simulation_parameters.TrainsSimulation.TrainSimulationCoordinators	2	12
simulation_parameters.TrainsSimulation.TrainsProductionSimulator.TrainSpawnerValidator.NavigationSimulator.NavigationCoordinators	2	12
definition_snapshot.ISimulationSystem.OnSimulationCreated.Listeners[].Method.ReflectedTypeInternal.BaseType.DeclaredMethods	46	11
definition_snapshot.IRocketProducerSystem.OnRocketProduced.Listeners[].Method.ReflectedTypeInternal.BaseType.DeclaredMethods	36	11
definition_snapshot.IRocketProducerSystem.OnRocketProduced.Listeners[].Target.Map.IIslandModelAccessor.OnIslandAdded.Listeners	36	11
definition_snapshot.Interlock.ResearchUnlockManager.Mode.Buildings.BeltPortReceiver.IEntityDefinition.CustomData.All	36	11
definition_snapshot.Interlock.ResearchUnlockManager.Mode.Buildings.BeltPortReceiver.IEntityDefinition.CustomData.CustomData	36	11
definition_snapshot.Interlock.ResearchUnlockManager.Mode.Buildings.BeltPortSender.IEntityDefinition.CustomData.All	36	11
definition_snapshot.Interlock.ResearchUnlockManager.Mode.Buildings.BeltPortSender.IEntityDefinition.CustomData.CustomData	36	11
definition_snapshot.Interlock.ResearchUnlockManager.Mode.WikiDatabase.Entries.WKTrains_FluidTransport.<Entries>k__BackingField	36	11
definition_snapshot.Interlock.ResearchUnlockManager.Mode.WikiDatabase.Entries.WKTrains_FluidTransport.Entries	36	11
definition_snapshot.Logger.Info.LogAction.Method.ReflectedTypeInternal.BaseType.DeclaredMethods	8	11
definition_snapshot.IShapeCollectorSystem.OnShapesCollected.Listeners[].Method.ReflectedTypeInternal.BaseType.DeclaredMethods	2	11
definition_snapshot.OnSimulationCreated.Listeners[].Method.ReflectedTypeInternal.BaseType.DeclaredMethods	2	11
definition_snapshot.TrainsSimulation.NavigationPredictor.InputsByRoutedOutput.Activator.Method.ReflectedTypeInternal.DeclaredMethods	2	11
definition_snapshot.TrainsSimulation.NavigationPredictor.RoutesByInput.Activator.Method.ReflectedTypeInternal.DeclaredMethods	2	11
definition_snapshot.Interlock.ResearchUnlockManager.UnlockProgressManager.Progression.Levels[].<Rewards>k__BackingField	468	10
definition_snapshot.Interlock.ResearchUnlockManager.UnlockProgressManager.Progression.Levels[].Rewards	468	10
definition_snapshot.Interlock.ResearchUnlockManager.Mode.Buildings.FluidExtractor.IEntityDefinition.CustomData.All	36	10
definition_snapshot.Interlock.ResearchUnlockManager.Mode.Buildings.FluidExtractor.IEntityDefinition.CustomData.CustomData	36	10
definition_snapshot.Interlock.ResearchUnlockManager.Mode.Buildings.FluidPortReceiver.IEntityDefinition.CustomData.All	36	10
definition_snapshot.Interlock.ResearchUnlockManager.Mode.Buildings.FluidPortReceiver.IEntityDefinition.CustomData.CustomData	36	10
definition_snapshot.Interlock.ResearchUnlockManager.Mode.Buildings.FluidPortSender.IEntityDefinition.CustomData.All	36	10
definition_snapshot.Interlock.ResearchUnlockManager.Mode.Buildings.FluidPortSender.IEntityDefinition.CustomData.CustomData	36	10
definition_snapshot.Interlock.ResearchUnlockManager.Mode.Buildings.ForwardBelt.IEntityDefinition.CustomData.All	36	10
definition_snapshot.Interlock.ResearchUnlockManager.Mode.Buildings.ForwardBelt.IEntityDefinition.CustomData.CustomData	36	10
definition_snapshot.Interlock.ResearchUnlockManager.Mode.Buildings.PipeForward.IEntityDefinition.CustomData.All	36	10
definition_snapshot.Interlock.ResearchUnlockManager.Mode.Buildings.PipeForward.IEntityDefinition.CustomData.CustomData	36	10
definition_snapshot.Interlock.ResearchUnlockManager.Mode.Buildings.ShapeMiner.IEntityDefinition.CustomData.All	36	10
definition_snapshot.Interlock.ResearchUnlockManager.Mode.Buildings.ShapeMiner.IEntityDefinition.CustomData.CustomData	36	10
definition_snapshot.Interlock.ResearchUnlockManager.Mode.Buildings.WireForward.IEntityDefinition.CustomData.All	36	10
definition_snapshot.Interlock.ResearchUnlockManager.Mode.Buildings.WireForward.IEntityDefinition.CustomData.CustomData	36	10
definition_snapshot.Interlock.ResearchUnlockManager.Mode.Buildings.WireTransmitterReceiver.IEntityDefinition.CustomData.All	36	10
definition_snapshot.Interlock.ResearchUnlockManager.Mode.Buildings.WireTransmitterReceiver.IEntityDefinition.CustomData.CustomData	36	10
definition_snapshot.Interlock.ResearchUnlockManager.Mode.Buildings.WireTransmitterSender.IEntityDefinition.CustomData.All	36	10
definition_snapshot.Interlock.ResearchUnlockManager.Mode.Buildings.WireTransmitterSender.IEntityDefinition.CustomData.CustomData	36	10
definition_snapshot.Interlock.ResearchUnlockManager.Mode.WikiDatabase.Entries.WKTrains_ShapeTransport.<Entries>k__BackingField	36	10
definition_snapshot.Interlock.ResearchUnlockManager.Mode.WikiDatabase.Entries.WKTrains_ShapeTransport.Entries	36	10
definition_snapshot.Interlock.ResearchUnlockManager.Mode.WikiDatabase.Entries.WKWires_BeltFilter.<Entries>k__BackingField	36	10
definition_snapshot.Interlock.ResearchUnlockManager.Mode.WikiDatabase.Entries.WKWires_BeltFilter.Entries	36	10
definition_snapshot.ConnectableSimulations[].Buildings[].Definition.IEntityDefinition.CustomData.All	2	10
definition_snapshot.ConnectableSimulations[].Buildings[].Definition.IEntityDefinition.CustomData.CustomData	2	10
definition_snapshot.TrainsSimulation.NavigationPredictor.InputsByRoutedOutput.Activator.Method.ReflectedTypeInternal.ImplementedInterfaces	2	10
definition_snapshot.TrainsSimulation.NavigationPredictor.RoutesByInput.Activator.Method.ReflectedTypeInternal.ImplementedInterfaces	2	10
definition_snapshot.ISimulationSystem.OnSimulationCreated.Listeners[].Target.TileBasedSystems[].ConnectableSimulations	94	9
definition_snapshot.ISimulationSystem.OnSimulationCreated.Listeners[].Target.TileBasedSystems[]._Networks	46	9
definition_snapshot.IRocketProducerSystem.OnRocketProduced.Listeners[].Target.SimulationType.DeclaredMethods	36	9
definition_snapshot.Interlock.ResearchUnlockManager.Mode.Islands.Groups.ConverterIslandsGroups	36	9
definition_snapshot.Interlock.ResearchUnlockManager.Mode.Islands.Hub.Layout.ChunkInformation	36	9
definition_snapshot.Interlock.ResearchUnlockManager.Mode.Islands.Hub.Layout.ChunkPositions	36	9
definition_snapshot.Interlock.ResearchUnlockManager.Mode.ShapeColorScheme.<Colors>k__BackingField	36	9
definition_snapshot.Interlock.ResearchUnlockManager.Mode.ShapeColorScheme.<PlayerObtainableColors>k__BackingField	36	9
definition_snapshot.Interlock.ResearchUnlockManager.Mode.ShapeColorScheme.Colors	36	9
definition_snapshot.Interlock.ResearchUnlockManager.Mode.ShapeColorScheme.PlayerObtainableColors	36	9
definition_snapshot.Interlock.ResearchUnlockManager.Mode.WikiDatabase.Entries.WKTrains_SupporterEdition.<Entries>k__BackingField	36	9
definition_snapshot.Interlock.ResearchUnlockManager.Mode.WikiDatabase.Entries.WKTrains_SupporterEdition.Entries	36	9
definition_snapshot.Interlock.ResearchUnlockManager.Mode.WikiDatabase.Entries.WKWires_VirtualProcessing.<RelatedEntries>k__BackingField	36	9
definition_snapshot.Interlock.ResearchUnlockManager.Mode.WikiDatabase.Entries.WKWires_VirtualProcessing.RelatedEntries	36	9
definition_snapshot.OnSimulationCreated.Listeners[].Target.TileBasedSystems[].ConnectableSimulations	4	9
definition_snapshot.SimulationFactory.FluidMixing.ColorScheme.<Colors>k__BackingField	4	9
definition_snapshot.SimulationFactory.FluidMixing.ColorScheme.<PlayerObtainableColors>k__BackingField	4	9
definition_snapshot.SimulationFactory.FluidMixing.ColorScheme.Colors	4	9
definition_snapshot.SimulationFactory.FluidMixing.ColorScheme.PlayerObtainableColors	4	9
simulation_parameters.SimulationFactory.FluidMixing.ColorScheme.<Colors>k__BackingField	4	9
simulation_parameters.SimulationFactory.FluidMixing.ColorScheme.<PlayerObtainableColors>k__BackingField	4	9
simulation_parameters.SimulationFactory.FluidMixing.ColorScheme.Colors	4	9
simulation_parameters.SimulationFactory.FluidMixing.ColorScheme.PlayerObtainableColors	4	9
definition_snapshot.OnSimulationCreated.Listeners[].Target.TileBasedSystems[]._Networks	2	9
definition_snapshot._HubIslands[].Definition.IEntityDefinition.CustomData.All[].<Tiles>k__BackingField	2	9
definition_snapshot._HubIslands[].Definition.IEntityDefinition.CustomData.All[].Tiles	2	9
definition_snapshot._HubIslands[].Definition.Layout.ChunkInformation	2	9
definition_snapshot._HubIslands[].Definition.Layout.ChunkPositions	2	9
definition_snapshot._Networks	2	9
definition_snapshot.IRocketProducerSystem.OnRocketProduced.Listeners[].Method.ReflectedTypeInternal.DeclaredNestedTypes	72	8
definition_snapshot.IShapeCollectorSystem.OnShapesCollected.Listeners[].Method.ReflectedTypeInternal.ReflectedType.DeclaredFields	44	8
definition_snapshot.IRocketProducerSystem.OnRocketProduced.Listeners[].Target.LocalizedSimulationType.DeclaredMethods	36	8
definition_snapshot.Interlock.ResearchUnlockManager.Mode.ShapesConfiguration.<Parts>k__BackingField	36	8
definition_snapshot.Interlock.ResearchUnlockManager.Mode.ShapesConfiguration.Parts	36	8
definition_snapshot.Interlock.ResearchUnlockManager.Mode.WikiDatabase.Entries.WKShapes_CreatingDiagonals.<Entries>k__BackingField	36	8
definition_snapshot.Interlock.ResearchUnlockManager.Mode.WikiDatabase.Entries.WKShapes_CreatingDiagonals.Entries	36	8
definition_snapshot.Interlock.ResearchUnlockManager.Mode.WikiDatabase.Entries.WKTrains_TrainStops.<Entries>k__BackingField	36	8
definition_snapshot.Interlock.ResearchUnlockManager.Mode.WikiDatabase.Entries.WKTrains_TrainStops.Entries	36	8
definition_snapshot.ISimulationSystem.OnSimulationCreated.Listeners[].Target.ISimulator.Simulations[].Buildings	3888	7
definition_snapshot.OnSimulationCreated.Listeners[].Target.ISimulator.Simulations[].Buildings	162	7
definition_snapshot.IRocketProducerSystem.OnRocketProduced.Listeners[].Target.Map.IIslandModelAccessor.OnBeforeIslandRemoved.Listeners	36	7
definition_snapshot.Interlock.ResearchUnlockManager.Mode.Islands.RailRouterGroups	36	7
definition_snapshot.Interlock.ResearchUnlockManager.Mode.Islands.Trains.Production._Producers	36	7
definition_snapshot.Interlock.ResearchUnlockManager.Mode.Scenario.RailColorRegistry.AllColors	36	7
definition_snapshot.Interlock.ResearchUnlockManager.Mode.Scenario.RailColorRegistry.Colors	36	7
definition_snapshot.Interlock.ResearchUnlockManager.Mode.WikiDatabase.Entries.WKMisc_GameModes.<Entries>k__BackingField	36	7
definition_snapshot.Interlock.ResearchUnlockManager.Mode.WikiDatabase.Entries.WKMisc_GameModes.Entries	36	7
definition_snapshot.Interlock.ResearchUnlockManager.Mode.WikiDatabase.Entries.WKWires_GlobalTransmission.<Entries>k__BackingField	36	7
definition_snapshot.Interlock.ResearchUnlockManager.Mode.WikiDatabase.Entries.WKWires_GlobalTransmission.Entries	36	7
definition_snapshot.Interlock.ResearchUnlockManager.UnlockProgressManager.Progression.LinearUpgrades.Upgrades	36	7
definition_snapshot.Interlock.ResearchUnlockManager.UnlockProgressManager.Progression.SideUpgradeCategories	36	7
definition_snapshot.Interlock.ResearchUnlockManager.UnlockProgressManager.Progression._SideUpgradeCategories	36	7
definition_snapshot.ConnectableSimulations[].Simulation.DemandComparison.Method.ReflectedTypeInternal.DeclaredProperties	2	7
definition_snapshot.TrainIslands.Production._Producers	2	7
definition_snapshot.TrainsSimulation.NavigationPredictor.NavigationCoordinators[].RailColorRegistry.AllColors	2	7
definition_snapshot.TrainsSimulation.NavigationPredictor.NavigationCoordinators[].RailColorRegistry.Colors	2	7
definition_snapshot.TrainsSimulation.TrainsProductionSimulator.TrainSpawnerValidator.NavigationSimulator.NavigationCoordinators[].ProducerIds	2	7
simulation_parameters.TrainsSimulation.TrainSimulationCoordinators[].ProducerIds	2	7
simulation_parameters.TrainsSimulation.TrainSimulationCoordinators[].RailColorRegistry.AllColors	2	7
simulation_parameters.TrainsSimulation.TrainSimulationCoordinators[].RailColorRegistry.Colors	2	7
simulation_parameters.TrainsSimulation.TrainSimulationCoordinators[].TrainBlockerEvaluator.NonBlockingIslandIds	2	7
definition_snapshot.ISimulationSystem.OnSimulationCreated.Listeners[].Target.Layout.OnIslandAdded.Listeners	48	6
definition_snapshot.ISimulationSystem.OnSimulationCreated.Listeners[].Target.Layout.OnIslandRemoved.Listeners	48	6
definition_snapshot.ISimulationSystem.OnSimulationCreated.Listeners[].Target.SimulationGraph.ConnectorPool.PooledInstances	48	6
definition_snapshot.ISimulationSystem.OnSimulationCreated.Listeners[].Target.TileBasedSystems[].JumpLaneLenghtInItemsByDistance	48	6
definition_snapshot.IRocketProducerSystem.OnRocketProduced.Listeners[].Target.LocalizedSimulationType.DeclaredProperties	36	6
definition_snapshot.IRocketProducerSystem.OnRocketProduced.Listeners[].Target.SimulationType.DeclaredFields	36	6
definition_snapshot.Interlock.ResearchUnlockManager.Mode.Buildings.NotchConfiguration.NotchBuildingConfigurations	36	6
definition_snapshot.Interlock.ResearchUnlockManager.Mode.Islands.RailLifts	36	6
definition_snapshot.Interlock.ResearchUnlockManager.Mode.Scenario.ExampleShapes	36	6
definition_snapshot.Interlock.ResearchUnlockManager.Mode.WikiDatabase.Entries.WKCameraNavigation_SwitchingFloors.<RelatedEntries>k__BackingField	36	6
definition_snapshot.Interlock.ResearchUnlockManager.Mode.WikiDatabase.Entries.WKCameraNavigation_SwitchingFloors.RelatedEntries	36	6
definition_snapshot.Interlock.ResearchUnlockManager.Mode.WikiDatabase.Entries.WKShapes_Predictions.<Entries>k__BackingField	36	6
definition_snapshot.Interlock.ResearchUnlockManager.Mode.WikiDatabase.Entries.WKShapes_Predictions.Entries	36	6
definition_snapshot.Interlock.ResearchUnlockManager.Mode.WikiDatabase.Entries.WKTrains_Locomotives.<Entries>k__BackingField	36	6
definition_snapshot.Interlock.ResearchUnlockManager.Mode.WikiDatabase.Entries.WKTrains_Locomotives.Entries	36	6
definition_snapshot.Interlock.ResearchUnlockManager.Mode.WikiDatabase.Entries.WKTrains_Rails.<Entries>k__BackingField	36	6
definition_snapshot.Interlock.ResearchUnlockManager.Mode.WikiDatabase.Entries.WKTrains_Rails.Entries	36	6
definition_snapshot.Logger.Info.LogAction.Method.ReflectedTypeInternal.DeclaredProperties	8	6
definition_snapshot.ConnectableSimulations[].Simulation.DemandComparison.Method.ReturnType.ImplementedInterfaces	2	6
definition_snapshot.JumpLaneLenghtInItemsByDistance	2	6
definition_snapshot.OnSimulationCreated.Listeners[].Target.Layout.OnIslandAdded.Listeners	2	6
definition_snapshot.OnSimulationCreated.Listeners[].Target.Layout.OnIslandRemoved.Listeners	2	6
definition_snapshot.OnSimulationCreated.Listeners[].Target.SimulationGraph.ConnectorPool.PooledInstances	2	6
definition_snapshot.OnSimulationCreated.Listeners[].Target.TileBasedSystems[].JumpLaneLenghtInItemsByDistance	2	6
simulation_parameters.JumpLaneLenghtInItemsByDistance	2	6
definition_snapshot.Interlock.ResearchUnlockManager.UnlockProgressManager.Progression.SideQuests[].<RequiredUpgrades>k__BackingField	4608	5
definition_snapshot.Interlock.ResearchUnlockManager.UnlockProgressManager.Progression.SideQuests[].RequiredUpgrades	4608	5
definition_snapshot.Interlock.ResearchUnlockManager.UnlockProgressManager.Progression.SideQuestGroups[].<SideQuests>k__BackingField	1476	5
definition_snapshot.Interlock.ResearchUnlockManager.UnlockProgressManager.Progression.SideQuestGroups[].SideQuests	1476	5
definition_snapshot.Interlock.ResearchUnlockManager.UnlockProgressManager.Progression.Levels[].<Costs>k__BackingField	468	5
definition_snapshot.Interlock.ResearchUnlockManager.UnlockProgressManager.Progression.Levels[].Costs	468	5
definition_snapshot.IRocketProducerSystem.OnRocketProduced.Listeners[].Method.ReflectedTypeInternal.DeclaredFields	72	5
definition_snapshot.IRocketProducerSystem.OnRocketProduced.Listeners[].Target.LocalizedSimulationType.ImplementedInterfaces	36	5
definition_snapshot.Interlock.ResearchUnlockManager.Mode.ResearchConfig.BlueprintCurrencyShapes	36	5
definition_snapshot.Interlock.ResearchUnlockManager.Mode.WikiDatabase.Entries.WKBelts_Checkpoints.<RelatedEntries>k__BackingField	36	5
definition_snapshot.Interlock.ResearchUnlockManager.Mode.WikiDatabase.Entries.WKBelts_Checkpoints.RelatedEntries	36	5
definition_snapshot.Interlock.ResearchUnlockManager.Mode.WikiDatabase.Entries.WKIslands_Foundations.<Entries>k__BackingField	36	5
definition_snapshot.Interlock.ResearchUnlockManager.Mode.WikiDatabase.Entries.WKIslands_Foundations.Entries	36	5
definition_snapshot.Interlock.ResearchUnlockManager.Mode.WikiDatabase.Entries.WKMisc_ConsoleCommands.<Entries>k__BackingField	36	5
definition_snapshot.Interlock.ResearchUnlockManager.Mode.WikiDatabase.Entries.WKMisc_ConsoleCommands.Entries	36	5
definition_snapshot.Interlock.ResearchUnlockManager.Mode.WikiDatabase.Entries.WKProcessing_Floors.<Entries>k__BackingField	36	5
definition_snapshot.Interlock.ResearchUnlockManager.Mode.WikiDatabase.Entries.WKProcessing_Floors.Entries	36	5
definition_snapshot.Interlock.ResearchUnlockManager.Mode.WikiDatabase.Entries.WKProcessing_HalfDestroyer.<RelatedEntries>k__BackingField	36	5
definition_snapshot.Interlock.ResearchUnlockManager.Mode.WikiDatabase.Entries.WKProcessing_HalfDestroyer.RelatedEntries	36	5
definition_snapshot.Interlock.ResearchUnlockManager.Mode.WikiDatabase.Entries.WKProcessing_Rotator.<Entries>k__BackingField	36	5
definition_snapshot.Interlock.ResearchUnlockManager.Mode.WikiDatabase.Entries.WKProcessing_Rotator.Entries	36	5
definition_snapshot.Interlock.ResearchUnlockManager.Mode.WikiDatabase.Entries.WKShapes_Code.<Entries>k__BackingField	36	5
definition_snapshot.Interlock.ResearchUnlockManager.Mode.WikiDatabase.Entries.WKShapes_Code.Entries	36	5
definition_snapshot.Interlock.ResearchUnlockManager.Mode.WikiDatabase.Entries.WKShapes_CreatingDiagonals.<RelatedEntries>k__BackingField	36	5
definition_snapshot.Interlock.ResearchUnlockManager.Mode.WikiDatabase.Entries.WKShapes_CreatingDiagonals.RelatedEntries	36	5
definition_snapshot.Interlock.ResearchUnlockManager.Mode.WikiDatabase.Entries.WKShapes_Crystals.<Entries>k__BackingField	36	5
definition_snapshot.Interlock.ResearchUnlockManager.Mode.WikiDatabase.Entries.WKShapes_Crystals.Entries	36	5
definition_snapshot.Interlock.ResearchUnlockManager.Mode.WikiDatabase.Entries.WKTrains_Intro.<Entries>k__BackingField	36	5
definition_snapshot.Interlock.ResearchUnlockManager.Mode.WikiDatabase.Entries.WKTrains_Intro.Entries	36	5
definition_snapshot.Interlock.ResearchUnlockManager.Mode.WikiDatabase.Entries.WKTrains_TrainRoutes.<Entries>k__BackingField	36	5
definition_snapshot.Interlock.ResearchUnlockManager.Mode.WikiDatabase.Entries.WKTrains_TrainRoutes.Entries	36	5
definition_snapshot.Interlock.ResearchUnlockManager.Mode.WikiDatabase.Entries.WKTrains_TrainStations.<Entries>k__BackingField	36	5
definition_snapshot.Interlock.ResearchUnlockManager.Mode.WikiDatabase.Entries.WKTrains_TrainStations.Entries	36	5
definition_snapshot.Interlock.ResearchUnlockManager.Mode.WikiDatabase.Entries.WKTrains_Wagons.<Entries>k__BackingField	36	5
definition_snapshot.Interlock.ResearchUnlockManager.Mode.WikiDatabase.Entries.WKTrains_Wagons.Entries	36	5
definition_snapshot.Interlock.ResearchUnlockManager.Mode.WikiDatabase.Entries.WKWires_MaM.<RelatedEntries>k__BackingField	36	5
definition_snapshot.Interlock.ResearchUnlockManager.Mode.WikiDatabase.Entries.WKWires_MaM.RelatedEntries	36	5
definition_snapshot.TrainIslands.Navigation.Twister.IEntityDefinition.CustomData.All[].<Tiles>k__BackingField	2	5
definition_snapshot.TrainIslands.Navigation.Twister.IEntityDefinition.CustomData.All[].DrawingContext	2	5
definition_snapshot.TrainIslands.Navigation.Twister.IEntityDefinition.CustomData.All[].Tiles	2	5
definition_snapshot.TrainIslands.Navigation.Twister.Layout.ChunkInformation	2	5
definition_snapshot.TrainIslands.Navigation.Twister.Layout.ChunkPositions	2	5
definition_snapshot.ISimulationSystem.OnSimulationCreated.Listeners[].Target.ISimulator.Simulations[].Connectors	2256	4
definition_snapshot.ConnectableSimulations[].Connectors	114	4
simulation_parameters.ConnectableSimulations[].Connectors	114	4
definition_snapshot.ConnectableSimulations[].Building.State.State.LaneStates	94	4
definition_snapshot.ConnectableSimulations[].Simulation._Lanes	94	4
definition_snapshot.OnSimulationCreated.Listeners[].Target.ISimulator.Simulations[].Connectors	94	4
simulation_parameters.ConnectableSimulations[].Simulation.State.LaneStates	94	4
simulation_parameters.ConnectableSimulations[].Simulation._Lanes	94	4
definition_snapshot.ISimulationSystem.OnSimulationCreated.Listeners[].Method.Module.Assembly.CustomAttributes	48	4
definition_snapshot.ISimulationSystem.OnSimulationCreated.Listeners[].Method.ReflectedTypeInternal.DeclaredProperties	48	4
definition_snapshot.ISimulationSystem.OnSimulationCreated.Listeners[].Method.ReflectedTypeInternal.ImplementedInterfaces	48	4
definition_snapshot.SimulationFactory.ShapeIdRegistry.ShapeDefinitionCache.#35.Layers[].Parts	48	4
definition_snapshot.SimulationFactory.ShapeIdRegistry.ShapeDefinitionCache.#36.Layers[].Parts	48	4
definition_snapshot.SimulationFactory.ShapeIdRegistry.ShapeDefinitionCache.#37.Layers[].Parts	48	4
definition_snapshot.SimulationFactory.ShapeIdRegistry.ShapeDefinitionCache.#38.Layers[].Parts	48	4
definition_snapshot.SimulationFactory.ShapeIdRegistry.ShapeDefinitionCache.#71.Layers[].Parts	48	4
definition_snapshot.SimulationFactory.ShapeIdRegistry.ShapeDefinitionCache.#72.Layers[].Parts	48	4
definition_snapshot.SimulationFactory.ShapeIdRegistry.ShapeDefinitionCache.#73.Layers[].Parts	48	4
definition_snapshot.SimulationFactory.ShapeIdRegistry.ShapeDefinitionCache.#74.Layers[].Parts	48	4
definition_snapshot.SimulationFactory.ShapeIdRegistry.ShapeDefinitionCache.#75.Layers[].Parts	48	4
definition_snapshot.SimulationFactory.ShapeIdRegistry.ShapeDefinitionCache.#86.Layers[].Parts	48	4
definition_snapshot.SimulationFactory.ShapeIdRegistry.ShapeDefinitionCache.#87.Layers[].Parts	48	4
definition_snapshot.SimulationFactory.ShapeIdRegistry.ShapeDefinitionCache.#88.Layers[].Parts	48	4
definition_snapshot.SimulationFactory.ShapeIdRegistry.ShapeDefinitionCache.#89.Layers[].Parts	48	4
definition_snapshot.SimulationFactory.ShapeIdRegistry.ShapeDefinitionCache.#90.Layers[].Parts	48	4
definition_snapshot.SimulationFactory.ShapeIdRegistry.ShapeDefinitionCache.#91.Layers[].Parts	48	4
definition_snapshot.SimulationFactory.ShapeIdRegistry.ShapeDefinitionCache.#92.Layers[].Parts	48	4
definition_snapshot.SimulationFactory.ShapeIdRegistry.ShapeDefinitionCache.#93.Layers[].Parts	48	4
definition_snapshot.SimulationFactory.ShapeIdRegistry.ShapeDefinitionCache.#94.Layers[].Parts	48	4
definition_snapshot.SimulationFactory.ShapeIdRegistry.ShapeDefinitionCache.#95.Layers[].Parts	48	4
definition_snapshot.IShapeCollectorSystem.OnShapesCollected.Listeners[].Method.Module.Assembly.CustomAttributes	44	4
definition_snapshot.IShapeCollectorSystem.OnShapesCollected.Listeners[].Method.ReflectedTypeInternal.DeclaredMembers	44	4
definition_snapshot.IShapeCollectorSystem.OnShapesCollected.Listeners[].Method.ReflectedTypeInternal.ReflectedType.DeclaredMethods	44	4
definition_snapshot.IShapeCollectorSystem.OnShapesCollected.Listeners[].Method.ReflectedTypeInternal.ReflectedType.DeclaredNestedTypes	44	4
definition_snapshot.SimulationFactory.ShapeRegistry.ShapeDefinitionCache.#35.Layers[].Parts	40	4
definition_snapshot.SimulationFactory.ShapeRegistry.ShapeDefinitionCache.#36.Layers[].Parts	40	4
definition_snapshot.SimulationFactory.ShapeRegistry.ShapeDefinitionCache.#37.Layers[].Parts	40	4
definition_snapshot.SimulationFactory.ShapeRegistry.ShapeDefinitionCache.#38.Layers[].Parts	40	4
definition_snapshot.SimulationFactory.ShapeRegistry.ShapeDefinitionCache.#71.Layers[].Parts	40	4
definition_snapshot.SimulationFactory.ShapeRegistry.ShapeDefinitionCache.#72.Layers[].Parts	40	4
definition_snapshot.SimulationFactory.ShapeRegistry.ShapeDefinitionCache.#73.Layers[].Parts	40	4
definition_snapshot.SimulationFactory.ShapeRegistry.ShapeDefinitionCache.#74.Layers[].Parts	40	4
definition_snapshot.SimulationFactory.ShapeRegistry.ShapeDefinitionCache.#75.Layers[].Parts	40	4
definition_snapshot.SimulationFactory.ShapeRegistry.ShapeDefinitionCache.#86.Layers[].Parts	40	4
definition_snapshot.SimulationFactory.ShapeRegistry.ShapeDefinitionCache.#87.Layers[].Parts	40	4
definition_snapshot.SimulationFactory.ShapeRegistry.ShapeDefinitionCache.#88.Layers[].Parts	40	4
definition_snapshot.SimulationFactory.ShapeRegistry.ShapeDefinitionCache.#89.Layers[].Parts	40	4
definition_snapshot.SimulationFactory.ShapeRegistry.ShapeDefinitionCache.#90.Layers[].Parts	40	4
definition_snapshot.SimulationFactory.ShapeRegistry.ShapeDefinitionCache.#91.Layers[].Parts	40	4
definition_snapshot.SimulationFactory.ShapeRegistry.ShapeDefinitionCache.#92.Layers[].Parts	40	4
definition_snapshot.SimulationFactory.ShapeRegistry.ShapeDefinitionCache.#93.Layers[].Parts	40	4
definition_snapshot.SimulationFactory.ShapeRegistry.ShapeDefinitionCache.#94.Layers[].Parts	40	4
definition_snapshot.SimulationFactory.ShapeRegistry.ShapeDefinitionCache.#95.Layers[].Parts	40	4
definition_snapshot.IRocketProducerSystem.OnRocketProduced.Listeners[].Target.LocalizedSimulationType.Assembly.CustomAttributes	36	4
definition_snapshot.IRocketProducerSystem.OnRocketProduced.Listeners[].Target.LocalizedSimulationType.DeclaredFields	36	4
definition_snapshot.IRocketProducerSystem.OnRocketProduced.Listeners[].Target.Map.IBuildingModelAccessor.OnBeforeBuildingRemoved.Listeners	36	4
definition_snapshot.IRocketProducerSystem.OnRocketProduced.Listeners[].Target.Map.IBuildingModelAccessor.OnBuildingAdded.Listeners	36	4
definition_snapshot.IRocketProducerSystem.OnRocketProduced.Listeners[].Target.SimulationType.Assembly.CustomAttributes	36	4
definition_snapshot.Interlock.ResearchUnlockManager.Mode.Buildings.SplitterVariantIds	36	4
definition_snapshot.Interlock.ResearchUnlockManager.Mode.Scenario.StartingLocation.<FixedPatches>k__BackingField	36	4
definition_snapshot.Interlock.ResearchUnlockManager.Mode.Scenario.StartingLocation.FixedPatches	36	4
definition_snapshot.Interlock.ResearchUnlockManager.Mode.ShapesConfiguration.<MapGenerationAllParts>k__BackingField	36	4
definition_snapshot.Interlock.ResearchUnlockManager.Mode.ShapesConfiguration.MapGenerationAllParts	36	4
definition_snapshot.Interlock.ResearchUnlockManager.Mode.WikiDatabase.Entries.WKBelts_IdealRatios.<RelatedEntries>k__BackingField	36	4
definition_snapshot.Interlock.ResearchUnlockManager.Mode.WikiDatabase.Entries.WKBelts_IdealRatios.RelatedEntries	36	4
definition_snapshot.Interlock.ResearchUnlockManager.Mode.WikiDatabase.Entries.WKBelts_Lifts.<RelatedEntries>k__BackingField	36	4
definition_snapshot.Interlock.ResearchUnlockManager.Mode.WikiDatabase.Entries.WKBelts_Lifts.RelatedEntries	36	4
definition_snapshot.Interlock.ResearchUnlockManager.Mode.WikiDatabase.Entries.WKBlueprints_Library.<RelatedEntries>k__BackingField	36	4
definition_snapshot.Interlock.ResearchUnlockManager.Mode.WikiDatabase.Entries.WKBlueprints_Library.RelatedEntries	36	4
definition_snapshot.Interlock.ResearchUnlockManager.Mode.WikiDatabase.Entries.WKFluids_ColorBlindness.<Entries>k__BackingField	36	4
definition_snapshot.Interlock.ResearchUnlockManager.Mode.WikiDatabase.Entries.WKFluids_ColorBlindness.Entries	36	4
definition_snapshot.Interlock.ResearchUnlockManager.Mode.WikiDatabase.Entries.WKFluids_ColorMode.<Entries>k__BackingField	36	4
definition_snapshot.Interlock.ResearchUnlockManager.Mode.WikiDatabase.Entries.WKFluids_ColorMode.Entries	36	4
definition_snapshot.Interlock.ResearchUnlockManager.Mode.WikiDatabase.Entries.WKFluids_CrystalGenerator.<RelatedEntries>k__BackingField	36	4
definition_snapshot.Interlock.ResearchUnlockManager.Mode.WikiDatabase.Entries.WKFluids_CrystalGenerator.RelatedEntries	36	4
definition_snapshot.Interlock.ResearchUnlockManager.Mode.WikiDatabase.Entries.WKFluids_Mixing.<RelatedEntries>k__BackingField	36	4
definition_snapshot.Interlock.ResearchUnlockManager.Mode.WikiDatabase.Entries.WKFluids_Mixing.RelatedEntries	36	4
definition_snapshot.Interlock.ResearchUnlockManager.Mode.WikiDatabase.Entries.WKIslands_ModularBuilds.<Entries>k__BackingField	36	4
definition_snapshot.Interlock.ResearchUnlockManager.Mode.WikiDatabase.Entries.WKIslands_ModularBuilds.Entries	36	4
definition_snapshot.Interlock.ResearchUnlockManager.Mode.WikiDatabase.Entries.WKIslands_PlatformLimit.<RelatedEntries>k__BackingField	36	4
definition_snapshot.Interlock.ResearchUnlockManager.Mode.WikiDatabase.Entries.WKIslands_PlatformLimit.RelatedEntries	36	4
definition_snapshot.Interlock.ResearchUnlockManager.Mode.WikiDatabase.Entries.WKMisc_Difficulty.<RelatedEntries>k__BackingField	36	4
definition_snapshot.Interlock.ResearchUnlockManager.Mode.WikiDatabase.Entries.WKMisc_Difficulty.RelatedEntries	36	4
definition_snapshot.Interlock.ResearchUnlockManager.Mode.WikiDatabase.Entries.WKPlacement_Mirroring.<RelatedEntries>k__BackingField	36	4
definition_snapshot.Interlock.ResearchUnlockManager.Mode.WikiDatabase.Entries.WKPlacement_Mirroring.RelatedEntries	36	4
definition_snapshot.Interlock.ResearchUnlockManager.Mode.WikiDatabase.Entries.WKPlacement_Placement.<RelatedEntries>k__BackingField	36	4
definition_snapshot.Interlock.ResearchUnlockManager.Mode.WikiDatabase.Entries.WKPlacement_Placement.RelatedEntries	36	4
definition_snapshot.Interlock.ResearchUnlockManager.Mode.WikiDatabase.Entries.WKProcessing_Floors.<RelatedEntries>k__BackingField	36	4
definition_snapshot.Interlock.ResearchUnlockManager.Mode.WikiDatabase.Entries.WKProcessing_Floors.RelatedEntries	36	4
definition_snapshot.Interlock.ResearchUnlockManager.Mode.WikiDatabase.Entries.WKShapes_ShapeLayerLimit.<RelatedEntries>k__BackingField	36	4
definition_snapshot.Interlock.ResearchUnlockManager.Mode.WikiDatabase.Entries.WKShapes_ShapeLayerLimit.RelatedEntries	36	4
definition_snapshot.Interlock.ResearchUnlockManager.Mode.WikiDatabase.Entries.WKShapes_Shapes.<Entries>k__BackingField	36	4
definition_snapshot.Interlock.ResearchUnlockManager.Mode.WikiDatabase.Entries.WKShapes_Shapes.Entries	36	4
definition_snapshot.Interlock.ResearchUnlockManager.Mode.WikiDatabase.Entries.WKTrains_SpacerWagons.<Entries>k__BackingField	36	4
definition_snapshot.Interlock.ResearchUnlockManager.Mode.WikiDatabase.Entries.WKTrains_SpacerWagons.Entries	36	4
definition_snapshot.Interlock.ResearchUnlockManager.Mode.WikiDatabase.Entries.WKTrains_Wagons.<RelatedEntries>k__BackingField	36	4
definition_snapshot.Interlock.ResearchUnlockManager.Mode.WikiDatabase.Entries.WKTrains_Wagons.RelatedEntries	36	4
definition_snapshot.Interlock.ResearchUnlockManager.Mode.WikiDatabase.Entries.WKWires_PipeGate.<RelatedEntries>k__BackingField	36	4
definition_snapshot.Interlock.ResearchUnlockManager.Mode.WikiDatabase.Entries.WKWires_PipeGate.RelatedEntries	36	4
definition_snapshot.SimulationFactory.ShapeIdRegistry.ShapeDefinitionCache.#100.Layers[].Parts	36	4
definition_snapshot.SimulationFactory.ShapeIdRegistry.ShapeDefinitionCache.#101.Layers[].Parts	36	4
definition_snapshot.SimulationFactory.ShapeIdRegistry.ShapeDefinitionCache.#102.Layers[].Parts	36	4
definition_snapshot.SimulationFactory.ShapeIdRegistry.ShapeDefinitionCache.#103.Layers[].Parts	36	4
definition_snapshot.SimulationFactory.ShapeIdRegistry.ShapeDefinitionCache.#104.Layers[].Parts	36	4
definition_snapshot.SimulationFactory.ShapeIdRegistry.ShapeDefinitionCache.#105.Layers[].Parts	36	4
definition_snapshot.SimulationFactory.ShapeIdRegistry.ShapeDefinitionCache.#110.Layers[].Parts	36	4
definition_snapshot.SimulationFactory.ShapeIdRegistry.ShapeDefinitionCache.#111.Layers[].Parts	36	4
definition_snapshot.SimulationFactory.ShapeIdRegistry.ShapeDefinitionCache.#112.Layers[].Parts	36	4
definition_snapshot.SimulationFactory.ShapeIdRegistry.ShapeDefinitionCache.#113.Layers[].Parts	36	4
definition_snapshot.SimulationFactory.ShapeIdRegistry.ShapeDefinitionCache.#114.Layers[].Parts	36	4
definition_snapshot.SimulationFactory.ShapeIdRegistry.ShapeDefinitionCache.#21.Layers[].Parts	36	4
definition_snapshot.SimulationFactory.ShapeIdRegistry.ShapeDefinitionCache.#22.Layers[].Parts	36	4
definition_snapshot.SimulationFactory.ShapeIdRegistry.ShapeDefinitionCache.#50.Layers[].Parts	36	4
definition_snapshot.SimulationFactory.ShapeIdRegistry.ShapeDefinitionCache.#51.Layers[].Parts	36	4
definition_snapshot.SimulationFactory.ShapeIdRegistry.ShapeDefinitionCache.#52.Layers[].Parts	36	4
definition_snapshot.SimulationFactory.ShapeIdRegistry.ShapeDefinitionCache.#53.Layers[].Parts	36	4
definition_snapshot.SimulationFactory.ShapeIdRegistry.ShapeDefinitionCache.#66.Layers[].Parts	36	4
definition_snapshot.SimulationFactory.ShapeIdRegistry.ShapeDefinitionCache.#67.Layers[].Parts	36	4
definition_snapshot.SimulationFactory.ShapeIdRegistry.ShapeDefinitionCache.#68.Layers[].Parts	36	4
definition_snapshot.SimulationFactory.ShapeIdRegistry.ShapeDefinitionCache.#69.Layers[].Parts	36	4
definition_snapshot.SimulationFactory.ShapeIdRegistry.ShapeDefinitionCache.#70.Layers[].Parts	36	4
definition_snapshot.SimulationFactory.ShapeIdRegistry.ShapeDefinitionCache.#96.Layers[].Parts	36	4
definition_snapshot.SimulationFactory.ShapeIdRegistry.ShapeDefinitionCache.#97.Layers[].Parts	36	4
definition_snapshot.SimulationFactory.ShapeIdRegistry.ShapeDefinitionCache.#98.Layers[].Parts	36	4
definition_snapshot.SimulationFactory.ShapeIdRegistry.ShapeDefinitionCache.#99.Layers[].Parts	36	4
definition_snapshot.Config.Io.<Inputs>k__BackingField[]	34	4
definition_snapshot.Config.Io.Inputs[]	34	4
definition_snapshot.SimulationFactory.ShapeRegistry.ShapeDefinitionCache.#100.Layers[].Parts	30	4
definition_snapshot.SimulationFactory.ShapeRegistry.ShapeDefinitionCache.#101.Layers[].Parts	30	4
definition_snapshot.SimulationFactory.ShapeRegistry.ShapeDefinitionCache.#102.Layers[].Parts	30	4
definition_snapshot.SimulationFactory.ShapeRegistry.ShapeDefinitionCache.#103.Layers[].Parts	30	4
definition_snapshot.SimulationFactory.ShapeRegistry.ShapeDefinitionCache.#104.Layers[].Parts	30	4
definition_snapshot.SimulationFactory.ShapeRegistry.ShapeDefinitionCache.#105.Layers[].Parts	30	4
definition_snapshot.SimulationFactory.ShapeRegistry.ShapeDefinitionCache.#110.Layers[].Parts	30	4
definition_snapshot.SimulationFactory.ShapeRegistry.ShapeDefinitionCache.#111.Layers[].Parts	30	4
definition_snapshot.SimulationFactory.ShapeRegistry.ShapeDefinitionCache.#112.Layers[].Parts	30	4
definition_snapshot.SimulationFactory.ShapeRegistry.ShapeDefinitionCache.#113.Layers[].Parts	30	4
definition_snapshot.SimulationFactory.ShapeRegistry.ShapeDefinitionCache.#114.Layers[].Parts	30	4
definition_snapshot.SimulationFactory.ShapeRegistry.ShapeDefinitionCache.#21.Layers[].Parts	30	4
definition_snapshot.SimulationFactory.ShapeRegistry.ShapeDefinitionCache.#22.Layers[].Parts	30	4
definition_snapshot.SimulationFactory.ShapeRegistry.ShapeDefinitionCache.#50.Layers[].Parts	30	4
definition_snapshot.SimulationFactory.ShapeRegistry.ShapeDefinitionCache.#51.Layers[].Parts	30	4
definition_snapshot.SimulationFactory.ShapeRegistry.ShapeDefinitionCache.#52.Layers[].Parts	30	4
definition_snapshot.SimulationFactory.ShapeRegistry.ShapeDefinitionCache.#53.Layers[].Parts	30	4
definition_snapshot.SimulationFactory.ShapeRegistry.ShapeDefinitionCache.#66.Layers[].Parts	30	4
definition_snapshot.SimulationFactory.ShapeRegistry.ShapeDefinitionCache.#67.Layers[].Parts	30	4
definition_snapshot.SimulationFactory.ShapeRegistry.ShapeDefinitionCache.#68.Layers[].Parts	30	4
definition_snapshot.SimulationFactory.ShapeRegistry.ShapeDefinitionCache.#69.Layers[].Parts	30	4
definition_snapshot.SimulationFactory.ShapeRegistry.ShapeDefinitionCache.#70.Layers[].Parts	30	4
definition_snapshot.SimulationFactory.ShapeRegistry.ShapeDefinitionCache.#96.Layers[].Parts	30	4
definition_snapshot.SimulationFactory.ShapeRegistry.ShapeDefinitionCache.#97.Layers[].Parts	30	4
definition_snapshot.SimulationFactory.ShapeRegistry.ShapeDefinitionCache.#98.Layers[].Parts	30	4
definition_snapshot.SimulationFactory.ShapeRegistry.ShapeDefinitionCache.#99.Layers[].Parts	30	4
definition_snapshot.SimulationFactory.Operation.ShapeRegistry.ShapeDefinitionCache.#35.Layers	28	4
definition_snapshot.SimulationFactory.Operation.ShapeRegistry.ShapeDefinitionCache.#36.Layers	28	4
definition_snapshot.SimulationFactory.Operation.ShapeRegistry.ShapeDefinitionCache.#37.Layers	28	4
definition_snapshot.SimulationFactory.Operation.ShapeRegistry.ShapeDefinitionCache.#38.Layers	28	4
definition_snapshot.SimulationFactory.Operation.ShapeRegistry.ShapeDefinitionCache.#71.Layers	28	4
definition_snapshot.SimulationFactory.Operation.ShapeRegistry.ShapeDefinitionCache.#72.Layers	28	4
definition_snapshot.SimulationFactory.Operation.ShapeRegistry.ShapeDefinitionCache.#73.Layers	28	4
definition_snapshot.SimulationFactory.Operation.ShapeRegistry.ShapeDefinitionCache.#74.Layers	28	4
definition_snapshot.SimulationFactory.Operation.ShapeRegistry.ShapeDefinitionCache.#75.Layers	28	4
definition_snapshot.SimulationFactory.Operation.ShapeRegistry.ShapeDefinitionCache.#86.Layers	28	4
definition_snapshot.SimulationFactory.Operation.ShapeRegistry.ShapeDefinitionCache.#87.Layers	28	4
definition_snapshot.SimulationFactory.Operation.ShapeRegistry.ShapeDefinitionCache.#88.Layers	28	4
definition_snapshot.SimulationFactory.Operation.ShapeRegistry.ShapeDefinitionCache.#89.Layers	28	4
definition_snapshot.SimulationFactory.Operation.ShapeRegistry.ShapeDefinitionCache.#90.Layers	28	4
definition_snapshot.SimulationFactory.Operation.ShapeRegistry.ShapeDefinitionCache.#91.Layers	28	4
definition_snapshot.SimulationFactory.Operation.ShapeRegistry.ShapeDefinitionCache.#92.Layers	28	4
definition_snapshot.SimulationFactory.Operation.ShapeRegistry.ShapeDefinitionCache.#93.Layers	28	4
definition_snapshot.SimulationFactory.Operation.ShapeRegistry.ShapeDefinitionCache.#94.Layers	28	4
definition_snapshot.SimulationFactory.Operation.ShapeRegistry.ShapeDefinitionCache.#95.Layers	28	4
definition_snapshot.SimulationFactory.Operation.ShapeRegistry.ShapeItemCache.#1029.Definition.Layers	28	4
definition_snapshot.SimulationFactory.Operation.ShapeRegistry.ShapeItemCache.#1030.Definition.Layers	28	4
definition_snapshot.SimulationFactory.Operation.ShapeRegistry.ShapeItemCache.#1031.Definition.Layers	28	4
definition_snapshot.SimulationFactory.Operation.ShapeRegistry.ShapeItemCache.#1032.Definition.Layers	28	4
definition_snapshot.SimulationFactory.Operation.ShapeRegistry.ShapeItemCache.#1033.Definition.Layers	28	4
definition_snapshot.SimulationFactory.Operation.ShapeRegistry.ShapeItemCache.#1034.Definition.Layers	28	4
definition_snapshot.SimulationFactory.Operation.ShapeRegistry.ShapeItemCache.#1035.Definition.Layers	28	4
definition_snapshot.SimulationFactory.Operation.ShapeRegistry.ShapeItemCache.#1036.Definition.Layers	28	4
definition_snapshot.SimulationFactory.Operation.ShapeRegistry.ShapeItemCache.#1038.Definition.Layers	28	4
definition_snapshot.SimulationFactory.Operation.ShapeRegistry.ShapeItemCache.#1041.Definition.Layers	28	4
definition_snapshot.SimulationFactory.Operation.ShapeRegistry.ShapeItemCache.#1044.Definition.Layers	28	4
definition_snapshot.SimulationFactory.Operation.ShapeRegistry.ShapeItemCache.#1047.Definition.Layers	28	4
definition_snapshot.SimulationFactory.Operation.ShapeRegistry.ShapeItemCache.#1048.Definition.Layers	28	4
definition_snapshot.SimulationFactory.Operation.ShapeRegistry.ShapeItemCache.#1049.Definition.Layers	28	4
definition_snapshot.SimulationFactory.Operation.ShapeRegistry.ShapeItemCache.#1050.Definition.Layers	28	4
definition_snapshot.SimulationFactory.Operation.ShapeRegistry.ShapeItemCache.#1053.Definition.Layers	28	4
definition_snapshot.SimulationFactory.Operation.ShapeRegistry.ShapeItemCache.#1054.Definition.Layers	28	4
definition_snapshot.SimulationFactory.Operation.ShapeRegistry.ShapeItemCache.#1059.Definition.Layers	28	4
definition_snapshot.SimulationFactory.Operation.ShapeRegistry.ShapeItemCache.#1060.Definition.Layers	28	4
definition_snapshot.SimulationFactory.Operation.ShapeRegistry.ShapeItemCache.#1061.Definition.Layers	28	4
definition_snapshot.SimulationFactory.Operation.ShapeRegistry.ShapeItemCache.#1062.Definition.Layers	28	4
definition_snapshot.SimulationFactory.Operation.ShapeRegistry.ShapeItemCache.#1063.Definition.Layers	28	4
definition_snapshot.SimulationFactory.Operation.ShapeRegistry.ShapeItemCache.#1064.Definition.Layers	28	4
definition_snapshot.SimulationFactory.Operation.ShapeRegistry.ShapeItemCache.#1065.Definition.Layers	28	4
definition_snapshot.SimulationFactory.Operation.ShapeRegistry.ShapeItemCache.#1067.Definition.Layers	28	4
definition_snapshot.SimulationFactory.Operation.ShapeRegistry.ShapeItemCache.#1068.Definition.Layers	28	4
definition_snapshot.SimulationFactory.Operation.ShapeRegistry.ShapeItemCache.#1070.Definition.Layers	28	4
definition_snapshot.SimulationFactory.Operation.ShapeRegistry.ShapeItemCache.#1071.Definition.Layers	28	4
definition_snapshot.SimulationFactory.Operation.ShapeRegistry.ShapeItemCache.#1072.Definition.Layers	28	4
definition_snapshot.SimulationFactory.Operation.ShapeRegistry.ShapeItemCache.#1073.Definition.Layers	28	4
definition_snapshot.SimulationFactory.Operation.ShapeRegistry.ShapeItemCache.#1074.Definition.Layers	28	4
definition_snapshot.SimulationFactory.Operation.ShapeRegistry.ShapeItemCache.#1075.Definition.Layers	28	4
definition_snapshot.SimulationFactory.ShapeIdRegistry.ShapeDefinitionCache.#106.Layers[].Parts	24	4
definition_snapshot.SimulationFactory.ShapeIdRegistry.ShapeDefinitionCache.#107.Layers[].Parts	24	4
definition_snapshot.SimulationFactory.ShapeIdRegistry.ShapeDefinitionCache.#108.Layers[].Parts	24	4
definition_snapshot.SimulationFactory.ShapeIdRegistry.ShapeDefinitionCache.#109.Layers[].Parts	24	4
definition_snapshot.SimulationFactory.ShapeIdRegistry.ShapeDefinitionCache.#11.Layers[].Parts	24	4
definition_snapshot.SimulationFactory.ShapeIdRegistry.ShapeDefinitionCache.#119.Layers[].Parts	24	4
definition_snapshot.SimulationFactory.ShapeIdRegistry.ShapeDefinitionCache.#12.Layers[].Parts	24	4
definition_snapshot.SimulationFactory.ShapeIdRegistry.ShapeDefinitionCache.#120.Layers[].Parts	24	4
definition_snapshot.SimulationFactory.ShapeIdRegistry.ShapeDefinitionCache.#121.Layers[].Parts	24	4
definition_snapshot.SimulationFactory.ShapeIdRegistry.ShapeDefinitionCache.#122.Layers[].Parts	24	4
definition_snapshot.SimulationFactory.ShapeIdRegistry.ShapeDefinitionCache.#123.Layers[].Parts	24	4
definition_snapshot.SimulationFactory.ShapeIdRegistry.ShapeDefinitionCache.#128.Layers[].Parts	24	4
definition_snapshot.SimulationFactory.ShapeIdRegistry.ShapeDefinitionCache.#17.Layers[].Parts	24	4
definition_snapshot.SimulationFactory.ShapeIdRegistry.ShapeDefinitionCache.#18.Layers[].Parts	24	4
definition_snapshot.SimulationFactory.ShapeIdRegistry.ShapeDefinitionCache.#19.Layers[].Parts	24	4
definition_snapshot.SimulationFactory.ShapeIdRegistry.ShapeDefinitionCache.#20.Layers[].Parts	24	4
definition_snapshot.SimulationFactory.ShapeIdRegistry.ShapeDefinitionCache.#3.Layers[].Parts	24	4
definition_snapshot.SimulationFactory.ShapeIdRegistry.ShapeDefinitionCache.#31.Layers[].Parts	24	4
definition_snapshot.SimulationFactory.ShapeIdRegistry.ShapeDefinitionCache.#32.Layers[].Parts	24	4
definition_snapshot.SimulationFactory.ShapeIdRegistry.ShapeDefinitionCache.#33.Layers[].Parts	24	4
definition_snapshot.SimulationFactory.ShapeIdRegistry.ShapeDefinitionCache.#34.Layers[].Parts	24	4
definition_snapshot.SimulationFactory.ShapeIdRegistry.ShapeDefinitionCache.#4.Layers[].Parts	24	4
definition_snapshot.SimulationFactory.ShapeIdRegistry.ShapeDefinitionCache.#40.Layers[].Parts	24	4
definition_snapshot.SimulationFactory.ShapeIdRegistry.ShapeDefinitionCache.#41.Layers[].Parts	24	4
definition_snapshot.SimulationFactory.ShapeIdRegistry.ShapeDefinitionCache.#42.Layers[].Parts	24	4
definition_snapshot.SimulationFactory.ShapeIdRegistry.ShapeDefinitionCache.#43.Layers[].Parts	24	4
definition_snapshot.SimulationFactory.ShapeIdRegistry.ShapeDefinitionCache.#44.Layers[].Parts	24	4
definition_snapshot.SimulationFactory.ShapeIdRegistry.ShapeDefinitionCache.#45.Layers[].Parts	24	4
definition_snapshot.SimulationFactory.ShapeIdRegistry.ShapeDefinitionCache.#46.Layers[].Parts	24	4
definition_snapshot.SimulationFactory.ShapeIdRegistry.ShapeDefinitionCache.#47.Layers[].Parts	24	4
definition_snapshot.SimulationFactory.ShapeIdRegistry.ShapeDefinitionCache.#48.Layers[].Parts	24	4
definition_snapshot.SimulationFactory.ShapeIdRegistry.ShapeDefinitionCache.#49.Layers[].Parts	24	4
definition_snapshot.SimulationFactory.ShapeIdRegistry.ShapeDefinitionCache.#5.Layers[].Parts	24	4
definition_snapshot.SimulationFactory.ShapeIdRegistry.ShapeDefinitionCache.#6.Layers[].Parts	24	4
definition_snapshot.SimulationFactory.ShapeIdRegistry.ShapeDefinitionCache.#7.Layers[].Parts	24	4
definition_snapshot.SimulationFactory.ShapeIdRegistry.ShapeDefinitionCache.#76.Layers[].Parts	24	4
definition_snapshot.SimulationFactory.ShapeIdRegistry.ShapeDefinitionCache.#77.Layers[].Parts	24	4
definition_snapshot.SimulationFactory.ShapeIdRegistry.ShapeDefinitionCache.#78.Layers[].Parts	24	4
definition_snapshot.SimulationFactory.ShapeIdRegistry.ShapeDefinitionCache.#79.Layers[].Parts	24	4
definition_snapshot.SimulationFactory.ShapeIdRegistry.ShapeDefinitionCache.#8.Layers[].Parts	24	4
definition_snapshot.SimulationFactory.ShapeIdRegistry.ShapeDefinitionCache.#80.Layers[].Parts	24	4
definition_snapshot.SimulationFactory.ShapeIdRegistry.ShapeDefinitionCache.#81.Layers[].Parts	24	4
definition_snapshot.SimulationFactory.ShapeRegistry.ShapeDefinitionCache.#106.Layers[].Parts	20	4
definition_snapshot.SimulationFactory.ShapeRegistry.ShapeDefinitionCache.#107.Layers[].Parts	20	4
definition_snapshot.SimulationFactory.ShapeRegistry.ShapeDefinitionCache.#108.Layers[].Parts	20	4
definition_snapshot.SimulationFactory.ShapeRegistry.ShapeDefinitionCache.#109.Layers[].Parts	20	4
definition_snapshot.SimulationFactory.ShapeRegistry.ShapeDefinitionCache.#11.Layers[].Parts	20	4
definition_snapshot.SimulationFactory.ShapeRegistry.ShapeDefinitionCache.#119.Layers[].Parts	20	4
definition_snapshot.SimulationFactory.ShapeRegistry.ShapeDefinitionCache.#12.Layers[].Parts	20	4
definition_snapshot.SimulationFactory.ShapeRegistry.ShapeDefinitionCache.#120.Layers[].Parts	20	4
definition_snapshot.SimulationFactory.ShapeRegistry.ShapeDefinitionCache.#121.Layers[].Parts	20	4
definition_snapshot.SimulationFactory.ShapeRegistry.ShapeDefinitionCache.#122.Layers[].Parts	20	4
definition_snapshot.SimulationFactory.ShapeRegistry.ShapeDefinitionCache.#123.Layers[].Parts	20	4
definition_snapshot.SimulationFactory.ShapeRegistry.ShapeDefinitionCache.#128.Layers[].Parts	20	4
definition_snapshot.SimulationFactory.ShapeRegistry.ShapeDefinitionCache.#17.Layers[].Parts	20	4
definition_snapshot.SimulationFactory.ShapeRegistry.ShapeDefinitionCache.#18.Layers[].Parts	20	4
definition_snapshot.SimulationFactory.ShapeRegistry.ShapeDefinitionCache.#19.Layers[].Parts	20	4
definition_snapshot.SimulationFactory.ShapeRegistry.ShapeDefinitionCache.#20.Layers[].Parts	20	4
definition_snapshot.SimulationFactory.ShapeRegistry.ShapeDefinitionCache.#3.Layers[].Parts	20	4
definition_snapshot.SimulationFactory.ShapeRegistry.ShapeDefinitionCache.#31.Layers[].Parts	20	4
definition_snapshot.SimulationFactory.ShapeRegistry.ShapeDefinitionCache.#32.Layers[].Parts	20	4
definition_snapshot.SimulationFactory.ShapeRegistry.ShapeDefinitionCache.#33.Layers[].Parts	20	4
definition_snapshot.SimulationFactory.ShapeRegistry.ShapeDefinitionCache.#34.Layers[].Parts	20	4
definition_snapshot.SimulationFactory.ShapeRegistry.ShapeDefinitionCache.#4.Layers[].Parts	20	4
definition_snapshot.SimulationFactory.ShapeRegistry.ShapeDefinitionCache.#40.Layers[].Parts	20	4
definition_snapshot.SimulationFactory.ShapeRegistry.ShapeDefinitionCache.#41.Layers[].Parts	20	4
definition_snapshot.SimulationFactory.ShapeRegistry.ShapeDefinitionCache.#42.Layers[].Parts	20	4
definition_snapshot.SimulationFactory.ShapeRegistry.ShapeDefinitionCache.#43.Layers[].Parts	20	4
definition_snapshot.SimulationFactory.ShapeRegistry.ShapeDefinitionCache.#44.Layers[].Parts	20	4
definition_snapshot.SimulationFactory.ShapeRegistry.ShapeDefinitionCache.#45.Layers[].Parts	20	4
definition_snapshot.SimulationFactory.ShapeRegistry.ShapeDefinitionCache.#46.Layers[].Parts	20	4
definition_snapshot.SimulationFactory.ShapeRegistry.ShapeDefinitionCache.#47.Layers[].Parts	20	4
definition_snapshot.SimulationFactory.ShapeRegistry.ShapeDefinitionCache.#48.Layers[].Parts	20	4
definition_snapshot.SimulationFactory.ShapeRegistry.ShapeDefinitionCache.#49.Layers[].Parts	20	4
definition_snapshot.SimulationFactory.ShapeRegistry.ShapeDefinitionCache.#5.Layers[].Parts	20	4
definition_snapshot.SimulationFactory.ShapeRegistry.ShapeDefinitionCache.#6.Layers[].Parts	20	4
definition_snapshot.SimulationFactory.ShapeRegistry.ShapeDefinitionCache.#7.Layers[].Parts	20	4
definition_snapshot.SimulationFactory.ShapeRegistry.ShapeDefinitionCache.#76.Layers[].Parts	20	4
definition_snapshot.SimulationFactory.ShapeRegistry.ShapeDefinitionCache.#77.Layers[].Parts	20	4
definition_snapshot.SimulationFactory.ShapeRegistry.ShapeDefinitionCache.#78.Layers[].Parts	20	4
definition_snapshot.SimulationFactory.ShapeRegistry.ShapeDefinitionCache.#79.Layers[].Parts	20	4
definition_snapshot.SimulationFactory.ShapeRegistry.ShapeDefinitionCache.#8.Layers[].Parts	20	4
definition_snapshot.SimulationFactory.ShapeRegistry.ShapeDefinitionCache.#80.Layers[].Parts	20	4
definition_snapshot.SimulationFactory.ShapeRegistry.ShapeDefinitionCache.#81.Layers[].Parts	20	4
definition_snapshot.ShapeRegistry.ShapeDefinitionCache.#35.Layers[].Parts	16	4
definition_snapshot.ShapeRegistry.ShapeDefinitionCache.#36.Layers[].Parts	16	4
definition_snapshot.ShapeRegistry.ShapeDefinitionCache.#37.Layers[].Parts	16	4
definition_snapshot.ShapeRegistry.ShapeDefinitionCache.#38.Layers[].Parts	16	4
definition_snapshot.ShapeRegistry.ShapeDefinitionCache.#71.Layers[].Parts	16	4
definition_snapshot.ShapeRegistry.ShapeDefinitionCache.#72.Layers[].Parts	16	4
definition_snapshot.ShapeRegistry.ShapeDefinitionCache.#73.Layers[].Parts	16	4
definition_snapshot.ShapeRegistry.ShapeDefinitionCache.#74.Layers[].Parts	16	4
definition_snapshot.ShapeRegistry.ShapeDefinitionCache.#75.Layers[].Parts	16	4
definition_snapshot.ShapeRegistry.ShapeDefinitionCache.#86.Layers[].Parts	16	4
definition_snapshot.ShapeRegistry.ShapeDefinitionCache.#87.Layers[].Parts	16	4
definition_snapshot.ShapeRegistry.ShapeDefinitionCache.#88.Layers[].Parts	16	4
definition_snapshot.ShapeRegistry.ShapeDefinitionCache.#89.Layers[].Parts	16	4
definition_snapshot.ShapeRegistry.ShapeDefinitionCache.#90.Layers[].Parts	16	4
definition_snapshot.ShapeRegistry.ShapeDefinitionCache.#91.Layers[].Parts	16	4
definition_snapshot.ShapeRegistry.ShapeDefinitionCache.#92.Layers[].Parts	16	4
definition_snapshot.ShapeRegistry.ShapeDefinitionCache.#93.Layers[].Parts	16	4
definition_snapshot.ShapeRegistry.ShapeDefinitionCache.#94.Layers[].Parts	16	4
definition_snapshot.ShapeRegistry.ShapeDefinitionCache.#95.Layers[].Parts	16	4
definition_snapshot.ShapeRegistry.ShapeItemCache.#1029.Definition.Layers[].Parts	16	4
definition_snapshot.ShapeRegistry.ShapeItemCache.#1030.Definition.Layers[].Parts	16	4
definition_snapshot.ShapeRegistry.ShapeItemCache.#1031.Definition.Layers[].Parts	16	4
definition_snapshot.ShapeRegistry.ShapeItemCache.#1032.Definition.Layers[].Parts	16	4
definition_snapshot.ShapeRegistry.ShapeItemCache.#1033.Definition.Layers[].Parts	16	4
definition_snapshot.ShapeRegistry.ShapeItemCache.#1034.Definition.Layers[].Parts	16	4
definition_snapshot.ShapeRegistry.ShapeItemCache.#1035.Definition.Layers[].Parts	16	4
definition_snapshot.ShapeRegistry.ShapeItemCache.#1036.Definition.Layers[].Parts	16	4
definition_snapshot.ShapeRegistry.ShapeItemCache.#1038.Definition.Layers[].Parts	16	4
definition_snapshot.ShapeRegistry.ShapeItemCache.#1041.Definition.Layers[].Parts	16	4
definition_snapshot.ShapeRegistry.ShapeItemCache.#1044.Definition.Layers[].Parts	16	4
definition_snapshot.ShapeRegistry.ShapeItemCache.#1047.Definition.Layers[].Parts	16	4
definition_snapshot.ShapeRegistry.ShapeItemCache.#1048.Definition.Layers[].Parts	16	4
definition_snapshot.ShapeRegistry.ShapeItemCache.#1049.Definition.Layers[].Parts	16	4
definition_snapshot.ShapeRegistry.ShapeItemCache.#1050.Definition.Layers[].Parts	16	4
definition_snapshot.ShapeRegistry.ShapeItemCache.#1053.Definition.Layers[].Parts	16	4
definition_snapshot.ShapeRegistry.ShapeItemCache.#1054.Definition.Layers[].Parts	16	4
definition_snapshot.ShapeRegistry.ShapeItemCache.#1059.Definition.Layers[].Parts	16	4
definition_snapshot.ShapeRegistry.ShapeItemCache.#1060.Definition.Layers[].Parts	16	4
definition_snapshot.ShapeRegistry.ShapeItemCache.#1061.Definition.Layers[].Parts	16	4
definition_snapshot.ShapeRegistry.ShapeItemCache.#1062.Definition.Layers[].Parts	16	4
definition_snapshot.ShapeRegistry.ShapeItemCache.#1063.Definition.Layers[].Parts	16	4
definition_snapshot.ShapeRegistry.ShapeItemCache.#1064.Definition.Layers[].Parts	16	4
definition_snapshot.ShapeRegistry.ShapeItemCache.#1065.Definition.Layers[].Parts	16	4
definition_snapshot.ShapeRegistry.ShapeItemCache.#1067.Definition.Layers[].Parts	16	4
definition_snapshot.ShapeRegistry.ShapeItemCache.#1068.Definition.Layers[].Parts	16	4
definition_snapshot.ShapeRegistry.ShapeItemCache.#1070.Definition.Layers[].Parts	16	4
definition_snapshot.ShapeRegistry.ShapeItemCache.#1071.Definition.Layers[].Parts	16	4
definition_snapshot.ShapeRegistry.ShapeItemCache.#1072.Definition.Layers[].Parts	16	4
definition_snapshot.ShapeRegistry.ShapeItemCache.#1073.Definition.Layers[].Parts	16	4
definition_snapshot.ShapeRegistry.ShapeItemCache.#1074.Definition.Layers[].Parts	16	4
definition_snapshot.ShapeRegistry.ShapeItemCache.#1075.Definition.Layers[].Parts	16	4
definition_snapshot.ShapeRegistry.ShapeDefinitionCache.#100.Layers[].Parts	12	4
definition_snapshot.ShapeRegistry.ShapeDefinitionCache.#101.Layers[].Parts	12	4
definition_snapshot.ShapeRegistry.ShapeDefinitionCache.#102.Layers[].Parts	12	4
definition_snapshot.ShapeRegistry.ShapeDefinitionCache.#103.Layers[].Parts	12	4
definition_snapshot.ShapeRegistry.ShapeDefinitionCache.#104.Layers[].Parts	12	4
definition_snapshot.ShapeRegistry.ShapeDefinitionCache.#105.Layers[].Parts	12	4
definition_snapshot.ShapeRegistry.ShapeDefinitionCache.#110.Layers[].Parts	12	4
definition_snapshot.ShapeRegistry.ShapeDefinitionCache.#111.Layers[].Parts	12	4
definition_snapshot.ShapeRegistry.ShapeDefinitionCache.#112.Layers[].Parts	12	4
definition_snapshot.ShapeRegistry.ShapeDefinitionCache.#113.Layers[].Parts	12	4
definition_snapshot.ShapeRegistry.ShapeDefinitionCache.#114.Layers[].Parts	12	4
definition_snapshot.ShapeRegistry.ShapeDefinitionCache.#21.Layers[].Parts	12	4
definition_snapshot.ShapeRegistry.ShapeDefinitionCache.#22.Layers[].Parts	12	4
definition_snapshot.ShapeRegistry.ShapeDefinitionCache.#50.Layers[].Parts	12	4
definition_snapshot.ShapeRegistry.ShapeDefinitionCache.#51.Layers[].Parts	12	4
definition_snapshot.ShapeRegistry.ShapeDefinitionCache.#52.Layers[].Parts	12	4
definition_snapshot.ShapeRegistry.ShapeDefinitionCache.#53.Layers[].Parts	12	4
definition_snapshot.ShapeRegistry.ShapeDefinitionCache.#66.Layers[].Parts	12	4
definition_snapshot.ShapeRegistry.ShapeDefinitionCache.#67.Layers[].Parts	12	4
definition_snapshot.ShapeRegistry.ShapeDefinitionCache.#68.Layers[].Parts	12	4
definition_snapshot.ShapeRegistry.ShapeDefinitionCache.#69.Layers[].Parts	12	4
definition_snapshot.ShapeRegistry.ShapeDefinitionCache.#70.Layers[].Parts	12	4
definition_snapshot.ShapeRegistry.ShapeDefinitionCache.#96.Layers[].Parts	12	4
definition_snapshot.ShapeRegistry.ShapeDefinitionCache.#97.Layers[].Parts	12	4
definition_snapshot.ShapeRegistry.ShapeDefinitionCache.#98.Layers[].Parts	12	4
definition_snapshot.ShapeRegistry.ShapeDefinitionCache.#99.Layers[].Parts	12	4
definition_snapshot.ShapeRegistry.ShapeItemCache.#1019.Definition.Layers[].Parts	12	4
definition_snapshot.ShapeRegistry.ShapeItemCache.#1076.Definition.Layers[].Parts	12	4
definition_snapshot.SimulationFactory.ShapeIdRegistry.ShapeDefinitionCache.#1.Layers[].Parts	12	4
definition_snapshot.SimulationFactory.ShapeIdRegistry.ShapeDefinitionCache.#10.Layers[].Parts	12	4
definition_snapshot.SimulationFactory.ShapeIdRegistry.ShapeDefinitionCache.#115.Layers[].Parts	12	4
definition_snapshot.SimulationFactory.ShapeIdRegistry.ShapeDefinitionCache.#116.Layers[].Parts	12	4
definition_snapshot.SimulationFactory.ShapeIdRegistry.ShapeDefinitionCache.#117.Layers[].Parts	12	4
definition_snapshot.SimulationFactory.ShapeIdRegistry.ShapeDefinitionCache.#118.Layers[].Parts	12	4
definition_snapshot.SimulationFactory.ShapeIdRegistry.ShapeDefinitionCache.#124.Layers[].Parts	12	4
definition_snapshot.SimulationFactory.ShapeIdRegistry.ShapeDefinitionCache.#125.Layers[].Parts	12	4
definition_snapshot.SimulationFactory.ShapeIdRegistry.ShapeDefinitionCache.#126.Layers[].Parts	12	4
definition_snapshot.SimulationFactory.ShapeIdRegistry.ShapeDefinitionCache.#127.Layers[].Parts	12	4
definition_snapshot.SimulationFactory.ShapeIdRegistry.ShapeDefinitionCache.#13.Layers[].Parts	12	4
definition_snapshot.SimulationFactory.ShapeIdRegistry.ShapeDefinitionCache.#14.Layers[].Parts	12	4
definition_snapshot.SimulationFactory.ShapeIdRegistry.ShapeDefinitionCache.#15.Layers[].Parts	12	4
definition_snapshot.SimulationFactory.ShapeIdRegistry.ShapeDefinitionCache.#16.Layers[].Parts	12	4
definition_snapshot.SimulationFactory.ShapeIdRegistry.ShapeDefinitionCache.#2.Layers[].Parts	12	4
definition_snapshot.SimulationFactory.ShapeIdRegistry.ShapeDefinitionCache.#23.Layers[].Parts	12	4
definition_snapshot.SimulationFactory.ShapeIdRegistry.ShapeDefinitionCache.#24.Layers[].Parts	12	4
definition_snapshot.SimulationFactory.ShapeIdRegistry.ShapeDefinitionCache.#25.Layers[].Parts	12	4
definition_snapshot.SimulationFactory.ShapeIdRegistry.ShapeDefinitionCache.#26.Layers[].Parts	12	4
definition_snapshot.SimulationFactory.ShapeIdRegistry.ShapeDefinitionCache.#27.Layers[].Parts	12	4
definition_snapshot.SimulationFactory.ShapeIdRegistry.ShapeDefinitionCache.#28.Layers[].Parts	12	4
definition_snapshot.SimulationFactory.ShapeIdRegistry.ShapeDefinitionCache.#29.Layers[].Parts	12	4
definition_snapshot.SimulationFactory.ShapeIdRegistry.ShapeDefinitionCache.#30.Layers[].Parts	12	4
definition_snapshot.SimulationFactory.ShapeIdRegistry.ShapeDefinitionCache.#35.Layers	12	4
definition_snapshot.SimulationFactory.ShapeIdRegistry.ShapeDefinitionCache.#36.Layers	12	4
definition_snapshot.SimulationFactory.ShapeIdRegistry.ShapeDefinitionCache.#37.Layers	12	4
definition_snapshot.SimulationFactory.ShapeIdRegistry.ShapeDefinitionCache.#38.Layers	12	4
definition_snapshot.SimulationFactory.ShapeIdRegistry.ShapeDefinitionCache.#39.Layers[].Parts	12	4
definition_snapshot.SimulationFactory.ShapeIdRegistry.ShapeDefinitionCache.#54.Layers[].Parts	12	4
definition_snapshot.SimulationFactory.ShapeIdRegistry.ShapeDefinitionCache.#55.Layers[].Parts	12	4
definition_snapshot.SimulationFactory.ShapeIdRegistry.ShapeDefinitionCache.#56.Layers[].Parts	12	4
definition_snapshot.SimulationFactory.ShapeIdRegistry.ShapeDefinitionCache.#57.Layers[].Parts	12	4
definition_snapshot.SimulationFactory.ShapeIdRegistry.ShapeDefinitionCache.#58.Layers[].Parts	12	4
definition_snapshot.SimulationFactory.ShapeIdRegistry.ShapeDefinitionCache.#59.Layers[].Parts	12	4
definition_snapshot.SimulationFactory.ShapeIdRegistry.ShapeDefinitionCache.#60.Layers[].Parts	12	4
definition_snapshot.SimulationFactory.ShapeIdRegistry.ShapeDefinitionCache.#61.Layers[].Parts	12	4
definition_snapshot.SimulationFactory.ShapeIdRegistry.ShapeDefinitionCache.#62.Layers[].Parts	12	4
definition_snapshot.SimulationFactory.ShapeIdRegistry.ShapeDefinitionCache.#63.Layers[].Parts	12	4
definition_snapshot.SimulationFactory.ShapeIdRegistry.ShapeDefinitionCache.#64.Layers[].Parts	12	4
definition_snapshot.SimulationFactory.ShapeIdRegistry.ShapeDefinitionCache.#65.Layers[].Parts	12	4
definition_snapshot.SimulationFactory.ShapeIdRegistry.ShapeDefinitionCache.#71.Layers	12	4
definition_snapshot.SimulationFactory.ShapeIdRegistry.ShapeDefinitionCache.#72.Layers	12	4
definition_snapshot.SimulationFactory.ShapeIdRegistry.ShapeDefinitionCache.#73.Layers	12	4
definition_snapshot.SimulationFactory.ShapeIdRegistry.ShapeDefinitionCache.#74.Layers	12	4
definition_snapshot.SimulationFactory.ShapeIdRegistry.ShapeDefinitionCache.#75.Layers	12	4
definition_snapshot.SimulationFactory.ShapeIdRegistry.ShapeDefinitionCache.#82.Layers[].Parts	12	4
definition_snapshot.SimulationFactory.ShapeIdRegistry.ShapeDefinitionCache.#83.Layers[].Parts	12	4
definition_snapshot.SimulationFactory.ShapeIdRegistry.ShapeDefinitionCache.#84.Layers[].Parts	12	4
definition_snapshot.SimulationFactory.ShapeIdRegistry.ShapeDefinitionCache.#85.Layers[].Parts	12	4
definition_snapshot.SimulationFactory.ShapeIdRegistry.ShapeDefinitionCache.#86.Layers	12	4
definition_snapshot.SimulationFactory.ShapeIdRegistry.ShapeDefinitionCache.#87.Layers	12	4
definition_snapshot.SimulationFactory.ShapeIdRegistry.ShapeDefinitionCache.#88.Layers	12	4
definition_snapshot.SimulationFactory.ShapeIdRegistry.ShapeDefinitionCache.#89.Layers	12	4
definition_snapshot.SimulationFactory.ShapeIdRegistry.ShapeDefinitionCache.#9.Layers[].Parts	12	4
definition_snapshot.SimulationFactory.ShapeIdRegistry.ShapeDefinitionCache.#90.Layers	12	4
definition_snapshot.SimulationFactory.ShapeIdRegistry.ShapeDefinitionCache.#91.Layers	12	4
definition_snapshot.SimulationFactory.ShapeIdRegistry.ShapeDefinitionCache.#92.Layers	12	4
definition_snapshot.SimulationFactory.ShapeIdRegistry.ShapeDefinitionCache.#93.Layers	12	4
definition_snapshot.SimulationFactory.ShapeIdRegistry.ShapeDefinitionCache.#94.Layers	12	4
definition_snapshot.SimulationFactory.ShapeIdRegistry.ShapeDefinitionCache.#95.Layers	12	4
definition_snapshot.SimulationFactory.ShapeIdRegistry.ShapeItemCache.#1029.Definition.Layers	12	4
definition_snapshot.SimulationFactory.ShapeIdRegistry.ShapeItemCache.#1030.Definition.Layers	12	4
definition_snapshot.SimulationFactory.ShapeIdRegistry.ShapeItemCache.#1031.Definition.Layers	12	4
definition_snapshot.SimulationFactory.ShapeIdRegistry.ShapeItemCache.#1032.Definition.Layers	12	4
definition_snapshot.SimulationFactory.ShapeIdRegistry.ShapeItemCache.#1033.Definition.Layers	12	4
definition_snapshot.SimulationFactory.ShapeIdRegistry.ShapeItemCache.#1034.Definition.Layers	12	4
definition_snapshot.SimulationFactory.ShapeIdRegistry.ShapeItemCache.#1035.Definition.Layers	12	4
definition_snapshot.SimulationFactory.ShapeIdRegistry.ShapeItemCache.#1036.Definition.Layers	12	4
definition_snapshot.SimulationFactory.ShapeIdRegistry.ShapeItemCache.#1038.Definition.Layers	12	4
definition_snapshot.SimulationFactory.ShapeIdRegistry.ShapeItemCache.#1041.Definition.Layers	12	4
definition_snapshot.SimulationFactory.ShapeIdRegistry.ShapeItemCache.#1044.Definition.Layers	12	4
definition_snapshot.SimulationFactory.ShapeIdRegistry.ShapeItemCache.#1047.Definition.Layers	12	4
definition_snapshot.SimulationFactory.ShapeIdRegistry.ShapeItemCache.#1048.Definition.Layers	12	4
definition_snapshot.SimulationFactory.ShapeIdRegistry.ShapeItemCache.#1049.Definition.Layers	12	4
definition_snapshot.SimulationFactory.ShapeIdRegistry.ShapeItemCache.#1050.Definition.Layers	12	4
definition_snapshot.SimulationFactory.ShapeIdRegistry.ShapeItemCache.#1053.Definition.Layers	12	4
definition_snapshot.SimulationFactory.ShapeIdRegistry.ShapeItemCache.#1054.Definition.Layers	12	4
definition_snapshot.SimulationFactory.ShapeIdRegistry.ShapeItemCache.#1059.Definition.Layers	12	4
definition_snapshot.SimulationFactory.ShapeIdRegistry.ShapeItemCache.#1060.Definition.Layers	12	4
definition_snapshot.SimulationFactory.ShapeIdRegistry.ShapeItemCache.#1061.Definition.Layers	12	4
definition_snapshot.SimulationFactory.ShapeIdRegistry.ShapeItemCache.#1062.Definition.Layers	12	4
definition_snapshot.SimulationFactory.ShapeIdRegistry.ShapeItemCache.#1063.Definition.Layers	12	4
definition_snapshot.SimulationFactory.ShapeIdRegistry.ShapeItemCache.#1064.Definition.Layers	12	4
definition_snapshot.SimulationFactory.ShapeIdRegistry.ShapeItemCache.#1065.Definition.Layers	12	4
definition_snapshot.SimulationFactory.ShapeIdRegistry.ShapeItemCache.#1067.Definition.Layers	12	4
definition_snapshot.SimulationFactory.ShapeIdRegistry.ShapeItemCache.#1068.Definition.Layers	12	4
definition_snapshot.SimulationFactory.ShapeIdRegistry.ShapeItemCache.#1070.Definition.Layers	12	4
definition_snapshot.SimulationFactory.ShapeIdRegistry.ShapeItemCache.#1071.Definition.Layers	12	4
definition_snapshot.SimulationFactory.ShapeIdRegistry.ShapeItemCache.#1072.Definition.Layers	12	4
definition_snapshot.SimulationFactory.ShapeIdRegistry.ShapeItemCache.#1073.Definition.Layers	12	4
definition_snapshot.SimulationFactory.ShapeIdRegistry.ShapeItemCache.#1074.Definition.Layers	12	4
definition_snapshot.SimulationFactory.ShapeIdRegistry.ShapeItemCache.#1075.Definition.Layers	12	4
simulation_parameters.SimulationFactory.ShapeIdRegistry.ShapeDefinitionCache.#35.Layers	12	4
simulation_parameters.SimulationFactory.ShapeIdRegistry.ShapeDefinitionCache.#36.Layers	12	4
simulation_parameters.SimulationFactory.ShapeIdRegistry.ShapeDefinitionCache.#37.Layers	12	4
simulation_parameters.SimulationFactory.ShapeIdRegistry.ShapeDefinitionCache.#38.Layers	12	4
simulation_parameters.SimulationFactory.ShapeIdRegistry.ShapeDefinitionCache.#71.Layers	12	4
simulation_parameters.SimulationFactory.ShapeIdRegistry.ShapeDefinitionCache.#72.Layers	12	4
simulation_parameters.SimulationFactory.ShapeIdRegistry.ShapeDefinitionCache.#73.Layers	12	4
simulation_parameters.SimulationFactory.ShapeIdRegistry.ShapeDefinitionCache.#74.Layers	12	4
simulation_parameters.SimulationFactory.ShapeIdRegistry.ShapeDefinitionCache.#75.Layers	12	4
simulation_parameters.SimulationFactory.ShapeIdRegistry.ShapeDefinitionCache.#86.Layers	12	4
simulation_parameters.SimulationFactory.ShapeIdRegistry.ShapeDefinitionCache.#87.Layers	12	4
simulation_parameters.SimulationFactory.ShapeIdRegistry.ShapeDefinitionCache.#88.Layers	12	4
simulation_parameters.SimulationFactory.ShapeIdRegistry.ShapeDefinitionCache.#89.Layers	12	4
simulation_parameters.SimulationFactory.ShapeIdRegistry.ShapeDefinitionCache.#90.Layers	12	4
simulation_parameters.SimulationFactory.ShapeIdRegistry.ShapeDefinitionCache.#91.Layers	12	4
simulation_parameters.SimulationFactory.ShapeIdRegistry.ShapeDefinitionCache.#92.Layers	12	4
simulation_parameters.SimulationFactory.ShapeIdRegistry.ShapeDefinitionCache.#93.Layers	12	4
simulation_parameters.SimulationFactory.ShapeIdRegistry.ShapeDefinitionCache.#94.Layers	12	4
simulation_parameters.SimulationFactory.ShapeIdRegistry.ShapeDefinitionCache.#95.Layers	12	4
definition_snapshot.SimulationFactory.ShapeRegistry.ShapeDefinitionCache.#1.Layers[].Parts	10	4
definition_snapshot.SimulationFactory.ShapeRegistry.ShapeDefinitionCache.#10.Layers[].Parts	10	4
definition_snapshot.SimulationFactory.ShapeRegistry.ShapeDefinitionCache.#115.Layers[].Parts	10	4
definition_snapshot.SimulationFactory.ShapeRegistry.ShapeDefinitionCache.#116.Layers[].Parts	10	4
definition_snapshot.SimulationFactory.ShapeRegistry.ShapeDefinitionCache.#117.Layers[].Parts	10	4
definition_snapshot.SimulationFactory.ShapeRegistry.ShapeDefinitionCache.#118.Layers[].Parts	10	4
definition_snapshot.SimulationFactory.ShapeRegistry.ShapeDefinitionCache.#124.Layers[].Parts	10	4
definition_snapshot.SimulationFactory.ShapeRegistry.ShapeDefinitionCache.#125.Layers[].Parts	10	4
definition_snapshot.SimulationFactory.ShapeRegistry.ShapeDefinitionCache.#126.Layers[].Parts	10	4
definition_snapshot.SimulationFactory.ShapeRegistry.ShapeDefinitionCache.#127.Layers[].Parts	10	4
definition_snapshot.SimulationFactory.ShapeRegistry.ShapeDefinitionCache.#13.Layers[].Parts	10	4
definition_snapshot.SimulationFactory.ShapeRegistry.ShapeDefinitionCache.#14.Layers[].Parts	10	4
definition_snapshot.SimulationFactory.ShapeRegistry.ShapeDefinitionCache.#15.Layers[].Parts	10	4
definition_snapshot.SimulationFactory.ShapeRegistry.ShapeDefinitionCache.#16.Layers[].Parts	10	4
definition_snapshot.SimulationFactory.ShapeRegistry.ShapeDefinitionCache.#2.Layers[].Parts	10	4
definition_snapshot.SimulationFactory.ShapeRegistry.ShapeDefinitionCache.#23.Layers[].Parts	10	4
definition_snapshot.SimulationFactory.ShapeRegistry.ShapeDefinitionCache.#24.Layers[].Parts	10	4
definition_snapshot.SimulationFactory.ShapeRegistry.ShapeDefinitionCache.#25.Layers[].Parts	10	4
definition_snapshot.SimulationFactory.ShapeRegistry.ShapeDefinitionCache.#26.Layers[].Parts	10	4
definition_snapshot.SimulationFactory.ShapeRegistry.ShapeDefinitionCache.#27.Layers[].Parts	10	4
definition_snapshot.SimulationFactory.ShapeRegistry.ShapeDefinitionCache.#28.Layers[].Parts	10	4
definition_snapshot.SimulationFactory.ShapeRegistry.ShapeDefinitionCache.#29.Layers[].Parts	10	4
definition_snapshot.SimulationFactory.ShapeRegistry.ShapeDefinitionCache.#30.Layers[].Parts	10	4
definition_snapshot.SimulationFactory.ShapeRegistry.ShapeDefinitionCache.#35.Layers	10	4
definition_snapshot.SimulationFactory.ShapeRegistry.ShapeDefinitionCache.#36.Layers	10	4
definition_snapshot.SimulationFactory.ShapeRegistry.ShapeDefinitionCache.#37.Layers	10	4
definition_snapshot.SimulationFactory.ShapeRegistry.ShapeDefinitionCache.#38.Layers	10	4
definition_snapshot.SimulationFactory.ShapeRegistry.ShapeDefinitionCache.#39.Layers[].Parts	10	4
definition_snapshot.SimulationFactory.ShapeRegistry.ShapeDefinitionCache.#54.Layers[].Parts	10	4
definition_snapshot.SimulationFactory.ShapeRegistry.ShapeDefinitionCache.#55.Layers[].Parts	10	4
definition_snapshot.SimulationFactory.ShapeRegistry.ShapeDefinitionCache.#56.Layers[].Parts	10	4
definition_snapshot.SimulationFactory.ShapeRegistry.ShapeDefinitionCache.#57.Layers[].Parts	10	4
definition_snapshot.SimulationFactory.ShapeRegistry.ShapeDefinitionCache.#58.Layers[].Parts	10	4
definition_snapshot.SimulationFactory.ShapeRegistry.ShapeDefinitionCache.#59.Layers[].Parts	10	4
definition_snapshot.SimulationFactory.ShapeRegistry.ShapeDefinitionCache.#60.Layers[].Parts	10	4
definition_snapshot.SimulationFactory.ShapeRegistry.ShapeDefinitionCache.#61.Layers[].Parts	10	4
definition_snapshot.SimulationFactory.ShapeRegistry.ShapeDefinitionCache.#62.Layers[].Parts	10	4
definition_snapshot.SimulationFactory.ShapeRegistry.ShapeDefinitionCache.#63.Layers[].Parts	10	4
definition_snapshot.SimulationFactory.ShapeRegistry.ShapeDefinitionCache.#64.Layers[].Parts	10	4
definition_snapshot.SimulationFactory.ShapeRegistry.ShapeDefinitionCache.#65.Layers[].Parts	10	4
definition_snapshot.SimulationFactory.ShapeRegistry.ShapeDefinitionCache.#71.Layers	10	4
definition_snapshot.SimulationFactory.ShapeRegistry.ShapeDefinitionCache.#72.Layers	10	4
definition_snapshot.SimulationFactory.ShapeRegistry.ShapeDefinitionCache.#73.Layers	10	4
definition_snapshot.SimulationFactory.ShapeRegistry.ShapeDefinitionCache.#74.Layers	10	4
definition_snapshot.SimulationFactory.ShapeRegistry.ShapeDefinitionCache.#75.Layers	10	4
definition_snapshot.SimulationFactory.ShapeRegistry.ShapeDefinitionCache.#82.Layers[].Parts	10	4
definition_snapshot.SimulationFactory.ShapeRegistry.ShapeDefinitionCache.#83.Layers[].Parts	10	4
definition_snapshot.SimulationFactory.ShapeRegistry.ShapeDefinitionCache.#84.Layers[].Parts	10	4
definition_snapshot.SimulationFactory.ShapeRegistry.ShapeDefinitionCache.#85.Layers[].Parts	10	4
definition_snapshot.SimulationFactory.ShapeRegistry.ShapeDefinitionCache.#86.Layers	10	4
definition_snapshot.SimulationFactory.ShapeRegistry.ShapeDefinitionCache.#87.Layers	10	4
definition_snapshot.SimulationFactory.ShapeRegistry.ShapeDefinitionCache.#88.Layers	10	4
definition_snapshot.SimulationFactory.ShapeRegistry.ShapeDefinitionCache.#89.Layers	10	4
definition_snapshot.SimulationFactory.ShapeRegistry.ShapeDefinitionCache.#9.Layers[].Parts	10	4
definition_snapshot.SimulationFactory.ShapeRegistry.ShapeDefinitionCache.#90.Layers	10	4
definition_snapshot.SimulationFactory.ShapeRegistry.ShapeDefinitionCache.#91.Layers	10	4
definition_snapshot.SimulationFactory.ShapeRegistry.ShapeDefinitionCache.#92.Layers	10	4
definition_snapshot.SimulationFactory.ShapeRegistry.ShapeDefinitionCache.#93.Layers	10	4
definition_snapshot.SimulationFactory.ShapeRegistry.ShapeDefinitionCache.#94.Layers	10	4
definition_snapshot.SimulationFactory.ShapeRegistry.ShapeDefinitionCache.#95.Layers	10	4
definition_snapshot.SimulationFactory.ShapeRegistry.ShapeItemCache.#1029.Definition.Layers	10	4
definition_snapshot.SimulationFactory.ShapeRegistry.ShapeItemCache.#1030.Definition.Layers	10	4
definition_snapshot.SimulationFactory.ShapeRegistry.ShapeItemCache.#1031.Definition.Layers	10	4
definition_snapshot.SimulationFactory.ShapeRegistry.ShapeItemCache.#1032.Definition.Layers	10	4
definition_snapshot.SimulationFactory.ShapeRegistry.ShapeItemCache.#1033.Definition.Layers	10	4
definition_snapshot.SimulationFactory.ShapeRegistry.ShapeItemCache.#1034.Definition.Layers	10	4
definition_snapshot.SimulationFactory.ShapeRegistry.ShapeItemCache.#1035.Definition.Layers	10	4
definition_snapshot.SimulationFactory.ShapeRegistry.ShapeItemCache.#1036.Definition.Layers	10	4
definition_snapshot.SimulationFactory.ShapeRegistry.ShapeItemCache.#1038.Definition.Layers	10	4
definition_snapshot.SimulationFactory.ShapeRegistry.ShapeItemCache.#1041.Definition.Layers	10	4
definition_snapshot.SimulationFactory.ShapeRegistry.ShapeItemCache.#1044.Definition.Layers	10	4
definition_snapshot.SimulationFactory.ShapeRegistry.ShapeItemCache.#1047.Definition.Layers	10	4
definition_snapshot.SimulationFactory.ShapeRegistry.ShapeItemCache.#1048.Definition.Layers	10	4
definition_snapshot.SimulationFactory.ShapeRegistry.ShapeItemCache.#1049.Definition.Layers	10	4
definition_snapshot.SimulationFactory.ShapeRegistry.ShapeItemCache.#1050.Definition.Layers	10	4
definition_snapshot.SimulationFactory.ShapeRegistry.ShapeItemCache.#1053.Definition.Layers	10	4
definition_snapshot.SimulationFactory.ShapeRegistry.ShapeItemCache.#1054.Definition.Layers	10	4
definition_snapshot.SimulationFactory.ShapeRegistry.ShapeItemCache.#1059.Definition.Layers	10	4
definition_snapshot.SimulationFactory.ShapeRegistry.ShapeItemCache.#1060.Definition.Layers	10	4
definition_snapshot.SimulationFactory.ShapeRegistry.ShapeItemCache.#1061.Definition.Layers	10	4
definition_snapshot.SimulationFactory.ShapeRegistry.ShapeItemCache.#1062.Definition.Layers	10	4
definition_snapshot.SimulationFactory.ShapeRegistry.ShapeItemCache.#1063.Definition.Layers	10	4
definition_snapshot.SimulationFactory.ShapeRegistry.ShapeItemCache.#1064.Definition.Layers	10	4
definition_snapshot.SimulationFactory.ShapeRegistry.ShapeItemCache.#1065.Definition.Layers	10	4
definition_snapshot.SimulationFactory.ShapeRegistry.ShapeItemCache.#1067.Definition.Layers	10	4
definition_snapshot.SimulationFactory.ShapeRegistry.ShapeItemCache.#1068.Definition.Layers	10	4
definition_snapshot.SimulationFactory.ShapeRegistry.ShapeItemCache.#1070.Definition.Layers	10	4
definition_snapshot.SimulationFactory.ShapeRegistry.ShapeItemCache.#1071.Definition.Layers	10	4
definition_snapshot.SimulationFactory.ShapeRegistry.ShapeItemCache.#1072.Definition.Layers	10	4
definition_snapshot.SimulationFactory.ShapeRegistry.ShapeItemCache.#1073.Definition.Layers	10	4
definition_snapshot.SimulationFactory.ShapeRegistry.ShapeItemCache.#1074.Definition.Layers	10	4
definition_snapshot.SimulationFactory.ShapeRegistry.ShapeItemCache.#1075.Definition.Layers	10	4
simulation_parameters.SimulationFactory.ShapeRegistry.ShapeDefinitionCache.#35.Layers	10	4
simulation_parameters.SimulationFactory.ShapeRegistry.ShapeDefinitionCache.#36.Layers	10	4
simulation_parameters.SimulationFactory.ShapeRegistry.ShapeDefinitionCache.#37.Layers	10	4
simulation_parameters.SimulationFactory.ShapeRegistry.ShapeDefinitionCache.#38.Layers	10	4
simulation_parameters.SimulationFactory.ShapeRegistry.ShapeDefinitionCache.#71.Layers	10	4
simulation_parameters.SimulationFactory.ShapeRegistry.ShapeDefinitionCache.#72.Layers	10	4
simulation_parameters.SimulationFactory.ShapeRegistry.ShapeDefinitionCache.#73.Layers	10	4
simulation_parameters.SimulationFactory.ShapeRegistry.ShapeDefinitionCache.#74.Layers	10	4
simulation_parameters.SimulationFactory.ShapeRegistry.ShapeDefinitionCache.#75.Layers	10	4
simulation_parameters.SimulationFactory.ShapeRegistry.ShapeDefinitionCache.#86.Layers	10	4
simulation_parameters.SimulationFactory.ShapeRegistry.ShapeDefinitionCache.#87.Layers	10	4
simulation_parameters.SimulationFactory.ShapeRegistry.ShapeDefinitionCache.#88.Layers	10	4
simulation_parameters.SimulationFactory.ShapeRegistry.ShapeDefinitionCache.#89.Layers	10	4
simulation_parameters.SimulationFactory.ShapeRegistry.ShapeDefinitionCache.#90.Layers	10	4
simulation_parameters.SimulationFactory.ShapeRegistry.ShapeDefinitionCache.#91.Layers	10	4
simulation_parameters.SimulationFactory.ShapeRegistry.ShapeDefinitionCache.#92.Layers	10	4
simulation_parameters.SimulationFactory.ShapeRegistry.ShapeDefinitionCache.#93.Layers	10	4
simulation_parameters.SimulationFactory.ShapeRegistry.ShapeDefinitionCache.#94.Layers	10	4
simulation_parameters.SimulationFactory.ShapeRegistry.ShapeDefinitionCache.#95.Layers	10	4
definition_snapshot.Logger.Info.LogAction.Method.Module.Assembly.Evidence	8	4
definition_snapshot.Logger.Info.LogAction.Method.Module.Assembly._evidence	8	4
definition_snapshot.ShapeRegistry.ShapeDefinitionCache.#106.Layers[].Parts	8	4
definition_snapshot.ShapeRegistry.ShapeDefinitionCache.#107.Layers[].Parts	8	4
definition_snapshot.ShapeRegistry.ShapeDefinitionCache.#108.Layers[].Parts	8	4
definition_snapshot.ShapeRegistry.ShapeDefinitionCache.#109.Layers[].Parts	8	4
definition_snapshot.ShapeRegistry.ShapeDefinitionCache.#11.Layers[].Parts	8	4
definition_snapshot.ShapeRegistry.ShapeDefinitionCache.#119.Layers[].Parts	8	4
definition_snapshot.ShapeRegistry.ShapeDefinitionCache.#12.Layers[].Parts	8	4
definition_snapshot.ShapeRegistry.ShapeDefinitionCache.#120.Layers[].Parts	8	4
definition_snapshot.ShapeRegistry.ShapeDefinitionCache.#121.Layers[].Parts	8	4
definition_snapshot.ShapeRegistry.ShapeDefinitionCache.#122.Layers[].Parts	8	4
definition_snapshot.ShapeRegistry.ShapeDefinitionCache.#123.Layers[].Parts	8	4
definition_snapshot.ShapeRegistry.ShapeDefinitionCache.#128.Layers[].Parts	8	4
definition_snapshot.ShapeRegistry.ShapeDefinitionCache.#17.Layers[].Parts	8	4
definition_snapshot.ShapeRegistry.ShapeDefinitionCache.#18.Layers[].Parts	8	4
definition_snapshot.ShapeRegistry.ShapeDefinitionCache.#19.Layers[].Parts	8	4
definition_snapshot.ShapeRegistry.ShapeDefinitionCache.#20.Layers[].Parts	8	4
definition_snapshot.ShapeRegistry.ShapeDefinitionCache.#3.Layers[].Parts	8	4
definition_snapshot.ShapeRegistry.ShapeDefinitionCache.#31.Layers[].Parts	8	4
definition_snapshot.ShapeRegistry.ShapeDefinitionCache.#32.Layers[].Parts	8	4
definition_snapshot.ShapeRegistry.ShapeDefinitionCache.#33.Layers[].Parts	8	4
definition_snapshot.ShapeRegistry.ShapeDefinitionCache.#34.Layers[].Parts	8	4
definition_snapshot.ShapeRegistry.ShapeDefinitionCache.#4.Layers[].Parts	8	4
definition_snapshot.ShapeRegistry.ShapeDefinitionCache.#40.Layers[].Parts	8	4
definition_snapshot.ShapeRegistry.ShapeDefinitionCache.#41.Layers[].Parts	8	4
definition_snapshot.ShapeRegistry.ShapeDefinitionCache.#42.Layers[].Parts	8	4
definition_snapshot.ShapeRegistry.ShapeDefinitionCache.#43.Layers[].Parts	8	4
definition_snapshot.ShapeRegistry.ShapeDefinitionCache.#44.Layers[].Parts	8	4
definition_snapshot.ShapeRegistry.ShapeDefinitionCache.#45.Layers[].Parts	8	4
definition_snapshot.ShapeRegistry.ShapeDefinitionCache.#46.Layers[].Parts	8	4
definition_snapshot.ShapeRegistry.ShapeDefinitionCache.#47.Layers[].Parts	8	4
definition_snapshot.ShapeRegistry.ShapeDefinitionCache.#48.Layers[].Parts	8	4
definition_snapshot.ShapeRegistry.ShapeDefinitionCache.#49.Layers[].Parts	8	4
definition_snapshot.ShapeRegistry.ShapeDefinitionCache.#5.Layers[].Parts	8	4
definition_snapshot.ShapeRegistry.ShapeDefinitionCache.#6.Layers[].Parts	8	4
definition_snapshot.ShapeRegistry.ShapeDefinitionCache.#7.Layers[].Parts	8	4
definition_snapshot.ShapeRegistry.ShapeDefinitionCache.#76.Layers[].Parts	8	4
definition_snapshot.ShapeRegistry.ShapeDefinitionCache.#77.Layers[].Parts	8	4
definition_snapshot.ShapeRegistry.ShapeDefinitionCache.#78.Layers[].Parts	8	4
definition_snapshot.ShapeRegistry.ShapeDefinitionCache.#79.Layers[].Parts	8	4
definition_snapshot.ShapeRegistry.ShapeDefinitionCache.#8.Layers[].Parts	8	4
definition_snapshot.ShapeRegistry.ShapeDefinitionCache.#80.Layers[].Parts	8	4
definition_snapshot.ShapeRegistry.ShapeDefinitionCache.#81.Layers[].Parts	8	4
definition_snapshot.ShapeRegistry.ShapeItemCache.#1016.Definition.Layers[].Parts	8	4
definition_snapshot.ShapeRegistry.ShapeItemCache.#1017.Definition.Layers[].Parts	8	4
definition_snapshot.ShapeRegistry.ShapeItemCache.#1020.Definition.Layers[].Parts	8	4
definition_snapshot.ShapeRegistry.ShapeItemCache.#1021.Definition.Layers[].Parts	8	4
definition_snapshot.ShapeRegistry.ShapeItemCache.#1023.Definition.Layers[].Parts	8	4
definition_snapshot.ShapeRegistry.ShapeItemCache.#1027.Definition.Layers[].Parts	8	4
definition_snapshot.ShapeRegistry.ShapeItemCache.#1037.Definition.Layers[].Parts	8	4
definition_snapshot.ConnectableSimulations[].Simulation.LastOutput.Value.Definition.Layers	4	4
definition_snapshot.ShapeRegistry.ShapeDefinitionCache.#1.Layers[].Parts	4	4
definition_snapshot.ShapeRegistry.ShapeDefinitionCache.#10.Layers[].Parts	4	4
definition_snapshot.ShapeRegistry.ShapeDefinitionCache.#115.Layers[].Parts	4	4
definition_snapshot.ShapeRegistry.ShapeDefinitionCache.#116.Layers[].Parts	4	4
definition_snapshot.ShapeRegistry.ShapeDefinitionCache.#117.Layers[].Parts	4	4
definition_snapshot.ShapeRegistry.ShapeDefinitionCache.#118.Layers[].Parts	4	4
definition_snapshot.ShapeRegistry.ShapeDefinitionCache.#124.Layers[].Parts	4	4
definition_snapshot.ShapeRegistry.ShapeDefinitionCache.#125.Layers[].Parts	4	4
definition_snapshot.ShapeRegistry.ShapeDefinitionCache.#126.Layers[].Parts	4	4
definition_snapshot.ShapeRegistry.ShapeDefinitionCache.#127.Layers[].Parts	4	4
definition_snapshot.ShapeRegistry.ShapeDefinitionCache.#13.Layers[].Parts	4	4
definition_snapshot.ShapeRegistry.ShapeDefinitionCache.#14.Layers[].Parts	4	4
definition_snapshot.ShapeRegistry.ShapeDefinitionCache.#15.Layers[].Parts	4	4
definition_snapshot.ShapeRegistry.ShapeDefinitionCache.#16.Layers[].Parts	4	4
definition_snapshot.ShapeRegistry.ShapeDefinitionCache.#2.Layers[].Parts	4	4
definition_snapshot.ShapeRegistry.ShapeDefinitionCache.#23.Layers[].Parts	4	4
definition_snapshot.ShapeRegistry.ShapeDefinitionCache.#24.Layers[].Parts	4	4
definition_snapshot.ShapeRegistry.ShapeDefinitionCache.#25.Layers[].Parts	4	4
definition_snapshot.ShapeRegistry.ShapeDefinitionCache.#26.Layers[].Parts	4	4
definition_snapshot.ShapeRegistry.ShapeDefinitionCache.#27.Layers[].Parts	4	4
definition_snapshot.ShapeRegistry.ShapeDefinitionCache.#28.Layers[].Parts	4	4
definition_snapshot.ShapeRegistry.ShapeDefinitionCache.#29.Layers[].Parts	4	4
definition_snapshot.ShapeRegistry.ShapeDefinitionCache.#30.Layers[].Parts	4	4
definition_snapshot.ShapeRegistry.ShapeDefinitionCache.#35.Layers	4	4
definition_snapshot.ShapeRegistry.ShapeDefinitionCache.#36.Layers	4	4
definition_snapshot.ShapeRegistry.ShapeDefinitionCache.#37.Layers	4	4
definition_snapshot.ShapeRegistry.ShapeDefinitionCache.#38.Layers	4	4
definition_snapshot.ShapeRegistry.ShapeDefinitionCache.#39.Layers[].Parts	4	4
definition_snapshot.ShapeRegistry.ShapeDefinitionCache.#54.Layers[].Parts	4	4
definition_snapshot.ShapeRegistry.ShapeDefinitionCache.#55.Layers[].Parts	4	4
definition_snapshot.ShapeRegistry.ShapeDefinitionCache.#56.Layers[].Parts	4	4
definition_snapshot.ShapeRegistry.ShapeDefinitionCache.#57.Layers[].Parts	4	4
definition_snapshot.ShapeRegistry.ShapeDefinitionCache.#58.Layers[].Parts	4	4
definition_snapshot.ShapeRegistry.ShapeDefinitionCache.#59.Layers[].Parts	4	4
definition_snapshot.ShapeRegistry.ShapeDefinitionCache.#60.Layers[].Parts	4	4
definition_snapshot.ShapeRegistry.ShapeDefinitionCache.#61.Layers[].Parts	4	4
definition_snapshot.ShapeRegistry.ShapeDefinitionCache.#62.Layers[].Parts	4	4
definition_snapshot.ShapeRegistry.ShapeDefinitionCache.#63.Layers[].Parts	4	4
definition_snapshot.ShapeRegistry.ShapeDefinitionCache.#64.Layers[].Parts	4	4
definition_snapshot.ShapeRegistry.ShapeDefinitionCache.#65.Layers[].Parts	4	4
definition_snapshot.ShapeRegistry.ShapeDefinitionCache.#71.Layers	4	4
definition_snapshot.ShapeRegistry.ShapeDefinitionCache.#72.Layers	4	4
definition_snapshot.ShapeRegistry.ShapeDefinitionCache.#73.Layers	4	4
definition_snapshot.ShapeRegistry.ShapeDefinitionCache.#74.Layers	4	4
definition_snapshot.ShapeRegistry.ShapeDefinitionCache.#75.Layers	4	4
definition_snapshot.ShapeRegistry.ShapeDefinitionCache.#82.Layers[].Parts	4	4
definition_snapshot.ShapeRegistry.ShapeDefinitionCache.#83.Layers[].Parts	4	4
definition_snapshot.ShapeRegistry.ShapeDefinitionCache.#84.Layers[].Parts	4	4
definition_snapshot.ShapeRegistry.ShapeDefinitionCache.#85.Layers[].Parts	4	4
definition_snapshot.ShapeRegistry.ShapeDefinitionCache.#86.Layers	4	4
definition_snapshot.ShapeRegistry.ShapeDefinitionCache.#87.Layers	4	4
definition_snapshot.ShapeRegistry.ShapeDefinitionCache.#88.Layers	4	4
definition_snapshot.ShapeRegistry.ShapeDefinitionCache.#89.Layers	4	4
definition_snapshot.ShapeRegistry.ShapeDefinitionCache.#9.Layers[].Parts	4	4
definition_snapshot.ShapeRegistry.ShapeDefinitionCache.#90.Layers	4	4
definition_snapshot.ShapeRegistry.ShapeDefinitionCache.#91.Layers	4	4
definition_snapshot.ShapeRegistry.ShapeDefinitionCache.#92.Layers	4	4
definition_snapshot.ShapeRegistry.ShapeDefinitionCache.#93.Layers	4	4
definition_snapshot.ShapeRegistry.ShapeDefinitionCache.#94.Layers	4	4
definition_snapshot.ShapeRegistry.ShapeDefinitionCache.#95.Layers	4	4
definition_snapshot.ShapeRegistry.ShapeItemCache.#1000.Definition.Layers[].Parts	4	4
definition_snapshot.ShapeRegistry.ShapeItemCache.#1010.Definition.Layers[].Parts	4	4
definition_snapshot.ShapeRegistry.ShapeItemCache.#1011.Definition.Layers[].Parts	4	4
definition_snapshot.ShapeRegistry.ShapeItemCache.#1012.Definition.Layers[].Parts	4	4
definition_snapshot.ShapeRegistry.ShapeItemCache.#1013.Definition.Layers[].Parts	4	4
definition_snapshot.ShapeRegistry.ShapeItemCache.#1015.Definition.Layers[].Parts	4	4
definition_snapshot.ShapeRegistry.ShapeItemCache.#1018.Definition.Layers[].Parts	4	4
definition_snapshot.ShapeRegistry.ShapeItemCache.#1022.Definition.Layers[].Parts	4	4
definition_snapshot.ShapeRegistry.ShapeItemCache.#1024.Definition.Layers[].Parts	4	4
definition_snapshot.ShapeRegistry.ShapeItemCache.#1026.Definition.Layers[].Parts	4	4
definition_snapshot.ShapeRegistry.ShapeItemCache.#1028.Definition.Layers[].Parts	4	4
definition_snapshot.ShapeRegistry.ShapeItemCache.#1029.Definition.Layers	4	4
definition_snapshot.ShapeRegistry.ShapeItemCache.#1030.Definition.Layers	4	4
definition_snapshot.ShapeRegistry.ShapeItemCache.#1031.Definition.Layers	4	4
definition_snapshot.ShapeRegistry.ShapeItemCache.#1032.Definition.Layers	4	4
definition_snapshot.ShapeRegistry.ShapeItemCache.#1033.Definition.Layers	4	4
definition_snapshot.ShapeRegistry.ShapeItemCache.#1034.Definition.Layers	4	4
definition_snapshot.ShapeRegistry.ShapeItemCache.#1035.Definition.Layers	4	4
definition_snapshot.ShapeRegistry.ShapeItemCache.#1036.Definition.Layers	4	4
definition_snapshot.ShapeRegistry.ShapeItemCache.#1038.Definition.Layers	4	4
definition_snapshot.ShapeRegistry.ShapeItemCache.#1041.Definition.Layers	4	4
definition_snapshot.ShapeRegistry.ShapeItemCache.#1044.Definition.Layers	4	4
definition_snapshot.ShapeRegistry.ShapeItemCache.#1047.Definition.Layers	4	4
definition_snapshot.ShapeRegistry.ShapeItemCache.#1048.Definition.Layers	4	4
definition_snapshot.ShapeRegistry.ShapeItemCache.#1049.Definition.Layers	4	4
definition_snapshot.ShapeRegistry.ShapeItemCache.#1050.Definition.Layers	4	4
definition_snapshot.ShapeRegistry.ShapeItemCache.#1053.Definition.Layers	4	4
definition_snapshot.ShapeRegistry.ShapeItemCache.#1054.Definition.Layers	4	4
definition_snapshot.ShapeRegistry.ShapeItemCache.#1059.Definition.Layers	4	4
definition_snapshot.ShapeRegistry.ShapeItemCache.#1060.Definition.Layers	4	4
definition_snapshot.ShapeRegistry.ShapeItemCache.#1061.Definition.Layers	4	4
definition_snapshot.ShapeRegistry.ShapeItemCache.#1062.Definition.Layers	4	4
definition_snapshot.ShapeRegistry.ShapeItemCache.#1063.Definition.Layers	4	4
definition_snapshot.ShapeRegistry.ShapeItemCache.#1064.Definition.Layers	4	4
definition_snapshot.ShapeRegistry.ShapeItemCache.#1065.Definition.Layers	4	4
definition_snapshot.ShapeRegistry.ShapeItemCache.#1067.Definition.Layers	4	4
definition_snapshot.ShapeRegistry.ShapeItemCache.#1068.Definition.Layers	4	4
definition_snapshot.ShapeRegistry.ShapeItemCache.#1070.Definition.Layers	4	4
definition_snapshot.ShapeRegistry.ShapeItemCache.#1071.Definition.Layers	4	4
definition_snapshot.ShapeRegistry.ShapeItemCache.#1072.Definition.Layers	4	4
definition_snapshot.ShapeRegistry.ShapeItemCache.#1073.Definition.Layers	4	4
definition_snapshot.ShapeRegistry.ShapeItemCache.#1074.Definition.Layers	4	4
definition_snapshot.ShapeRegistry.ShapeItemCache.#1075.Definition.Layers	4	4
definition_snapshot.ShapeRegistry.ShapeItemCache.#1312.Definition.Layers[].Parts	4	4
definition_snapshot.ShapeRegistry.ShapeItemCache.#1313.Definition.Layers[].Parts	4	4
definition_snapshot.ShapeRegistry.ShapeItemCache.#1314.Definition.Layers[].Parts	4	4
definition_snapshot.ShapeRegistry.ShapeItemCache.#1315.Definition.Layers[].Parts	4	4
definition_snapshot.ShapeRegistry.ShapeItemCache.#1316.Definition.Layers[].Parts	4	4
definition_snapshot.ShapeRegistry.ShapeItemCache.#1317.Definition.Layers[].Parts	4	4
definition_snapshot.ShapeRegistry.ShapeItemCache.#1318.Definition.Layers[].Parts	4	4
definition_snapshot.ShapeRegistry.ShapeItemCache.#1319.Definition.Layers[].Parts	4	4
definition_snapshot.ShapeRegistry.ShapeItemCache.#1320.Definition.Layers[].Parts	4	4
definition_snapshot.ShapeRegistry.ShapeItemCache.#1321.Definition.Layers[].Parts	4	4
definition_snapshot.ShapeRegistry.ShapeItemCache.#1322.Definition.Layers[].Parts	4	4
definition_snapshot.ShapeRegistry.ShapeItemCache.#1323.Definition.Layers[].Parts	4	4
definition_snapshot.ShapeRegistry.ShapeItemCache.#1324.Definition.Layers[].Parts	4	4
definition_snapshot.ShapeRegistry.ShapeItemCache.#1325.Definition.Layers[].Parts	4	4
definition_snapshot.ShapeRegistry.ShapeItemCache.#1326.Definition.Layers[].Parts	4	4
definition_snapshot.ShapeRegistry.ShapeItemCache.#1327.Definition.Layers[].Parts	4	4
definition_snapshot.ShapeRegistry.ShapeItemCache.#1330.Definition.Layers[].Parts	4	4
definition_snapshot.ShapeRegistry.ShapeItemCache.#946.Definition.Layers[].Parts	4	4
definition_snapshot.SimulationFactory.CrystallizeOperation.ShapeRegistry.ShapeDefinitionCache.#35.Layers	4	4
definition_snapshot.SimulationFactory.CrystallizeOperation.ShapeRegistry.ShapeDefinitionCache.#36.Layers	4	4
definition_snapshot.SimulationFactory.CrystallizeOperation.ShapeRegistry.ShapeDefinitionCache.#37.Layers	4	4
definition_snapshot.SimulationFactory.CrystallizeOperation.ShapeRegistry.ShapeDefinitionCache.#38.Layers	4	4
definition_snapshot.SimulationFactory.CrystallizeOperation.ShapeRegistry.ShapeDefinitionCache.#71.Layers	4	4
definition_snapshot.SimulationFactory.CrystallizeOperation.ShapeRegistry.ShapeDefinitionCache.#72.Layers	4	4
definition_snapshot.SimulationFactory.CrystallizeOperation.ShapeRegistry.ShapeDefinitionCache.#73.Layers	4	4
definition_snapshot.SimulationFactory.CrystallizeOperation.ShapeRegistry.ShapeDefinitionCache.#74.Layers	4	4
definition_snapshot.SimulationFactory.CrystallizeOperation.ShapeRegistry.ShapeDefinitionCache.#75.Layers	4	4
definition_snapshot.SimulationFactory.CrystallizeOperation.ShapeRegistry.ShapeDefinitionCache.#86.Layers	4	4
definition_snapshot.SimulationFactory.CrystallizeOperation.ShapeRegistry.ShapeDefinitionCache.#87.Layers	4	4
definition_snapshot.SimulationFactory.CrystallizeOperation.ShapeRegistry.ShapeDefinitionCache.#88.Layers	4	4
definition_snapshot.SimulationFactory.CrystallizeOperation.ShapeRegistry.ShapeDefinitionCache.#89.Layers	4	4
definition_snapshot.SimulationFactory.CrystallizeOperation.ShapeRegistry.ShapeDefinitionCache.#90.Layers	4	4
definition_snapshot.SimulationFactory.CrystallizeOperation.ShapeRegistry.ShapeDefinitionCache.#91.Layers	4	4
definition_snapshot.SimulationFactory.CrystallizeOperation.ShapeRegistry.ShapeDefinitionCache.#92.Layers	4	4
definition_snapshot.SimulationFactory.CrystallizeOperation.ShapeRegistry.ShapeDefinitionCache.#93.Layers	4	4
definition_snapshot.SimulationFactory.CrystallizeOperation.ShapeRegistry.ShapeDefinitionCache.#94.Layers	4	4
definition_snapshot.SimulationFactory.CrystallizeOperation.ShapeRegistry.ShapeDefinitionCache.#95.Layers	4	4
definition_snapshot.SimulationFactory.CrystallizeOperation.ShapeRegistry.ShapeItemCache.#1029.Definition.Layers	4	4
definition_snapshot.SimulationFactory.CrystallizeOperation.ShapeRegistry.ShapeItemCache.#1030.Definition.Layers	4	4
definition_snapshot.SimulationFactory.CrystallizeOperation.ShapeRegistry.ShapeItemCache.#1031.Definition.Layers	4	4
definition_snapshot.SimulationFactory.CrystallizeOperation.ShapeRegistry.ShapeItemCache.#1032.Definition.Layers	4	4
definition_snapshot.SimulationFactory.CrystallizeOperation.ShapeRegistry.ShapeItemCache.#1033.Definition.Layers	4	4
definition_snapshot.SimulationFactory.CrystallizeOperation.ShapeRegistry.ShapeItemCache.#1034.Definition.Layers	4	4
definition_snapshot.SimulationFactory.CrystallizeOperation.ShapeRegistry.ShapeItemCache.#1035.Definition.Layers	4	4
definition_snapshot.SimulationFactory.CrystallizeOperation.ShapeRegistry.ShapeItemCache.#1036.Definition.Layers	4	4
definition_snapshot.SimulationFactory.CrystallizeOperation.ShapeRegistry.ShapeItemCache.#1038.Definition.Layers	4	4
definition_snapshot.SimulationFactory.CrystallizeOperation.ShapeRegistry.ShapeItemCache.#1041.Definition.Layers	4	4
definition_snapshot.SimulationFactory.CrystallizeOperation.ShapeRegistry.ShapeItemCache.#1044.Definition.Layers	4	4
definition_snapshot.SimulationFactory.CrystallizeOperation.ShapeRegistry.ShapeItemCache.#1047.Definition.Layers	4	4
definition_snapshot.SimulationFactory.CrystallizeOperation.ShapeRegistry.ShapeItemCache.#1048.Definition.Layers	4	4
definition_snapshot.SimulationFactory.CrystallizeOperation.ShapeRegistry.ShapeItemCache.#1049.Definition.Layers	4	4
definition_snapshot.SimulationFactory.CrystallizeOperation.ShapeRegistry.ShapeItemCache.#1050.Definition.Layers	4	4
definition_snapshot.SimulationFactory.CrystallizeOperation.ShapeRegistry.ShapeItemCache.#1053.Definition.Layers	4	4
definition_snapshot.SimulationFactory.CrystallizeOperation.ShapeRegistry.ShapeItemCache.#1054.Definition.Layers	4	4
definition_snapshot.SimulationFactory.CrystallizeOperation.ShapeRegistry.ShapeItemCache.#1059.Definition.Layers	4	4
definition_snapshot.SimulationFactory.CrystallizeOperation.ShapeRegistry.ShapeItemCache.#1060.Definition.Layers	4	4
definition_snapshot.SimulationFactory.CrystallizeOperation.ShapeRegistry.ShapeItemCache.#1061.Definition.Layers	4	4
definition_snapshot.SimulationFactory.CrystallizeOperation.ShapeRegistry.ShapeItemCache.#1062.Definition.Layers	4	4
definition_snapshot.SimulationFactory.CrystallizeOperation.ShapeRegistry.ShapeItemCache.#1063.Definition.Layers	4	4
definition_snapshot.SimulationFactory.CrystallizeOperation.ShapeRegistry.ShapeItemCache.#1064.Definition.Layers	4	4
definition_snapshot.SimulationFactory.CrystallizeOperation.ShapeRegistry.ShapeItemCache.#1065.Definition.Layers	4	4
definition_snapshot.SimulationFactory.CrystallizeOperation.ShapeRegistry.ShapeItemCache.#1067.Definition.Layers	4	4
definition_snapshot.SimulationFactory.CrystallizeOperation.ShapeRegistry.ShapeItemCache.#1068.Definition.Layers	4	4
definition_snapshot.SimulationFactory.CrystallizeOperation.ShapeRegistry.ShapeItemCache.#1070.Definition.Layers	4	4
definition_snapshot.SimulationFactory.CrystallizeOperation.ShapeRegistry.ShapeItemCache.#1071.Definition.Layers	4	4
definition_snapshot.SimulationFactory.CrystallizeOperation.ShapeRegistry.ShapeItemCache.#1072.Definition.Layers	4	4
definition_snapshot.SimulationFactory.CrystallizeOperation.ShapeRegistry.ShapeItemCache.#1073.Definition.Layers	4	4
definition_snapshot.SimulationFactory.CrystallizeOperation.ShapeRegistry.ShapeItemCache.#1074.Definition.Layers	4	4
definition_snapshot.SimulationFactory.CrystallizeOperation.ShapeRegistry.ShapeItemCache.#1075.Definition.Layers	4	4
definition_snapshot.SimulationFactory.PaintOperation.ShapeRegistry.ShapeDefinitionCache.#35.Layers	4	4
definition_snapshot.SimulationFactory.PaintOperation.ShapeRegistry.ShapeDefinitionCache.#36.Layers	4	4
definition_snapshot.SimulationFactory.PaintOperation.ShapeRegistry.ShapeDefinitionCache.#37.Layers	4	4
definition_snapshot.SimulationFactory.PaintOperation.ShapeRegistry.ShapeDefinitionCache.#38.Layers	4	4
definition_snapshot.SimulationFactory.PaintOperation.ShapeRegistry.ShapeDefinitionCache.#71.Layers	4	4
definition_snapshot.SimulationFactory.PaintOperation.ShapeRegistry.ShapeDefinitionCache.#72.Layers	4	4
definition_snapshot.SimulationFactory.PaintOperation.ShapeRegistry.ShapeDefinitionCache.#73.Layers	4	4
definition_snapshot.SimulationFactory.PaintOperation.ShapeRegistry.ShapeDefinitionCache.#74.Layers	4	4
definition_snapshot.SimulationFactory.PaintOperation.ShapeRegistry.ShapeDefinitionCache.#75.Layers	4	4
definition_snapshot.SimulationFactory.PaintOperation.ShapeRegistry.ShapeDefinitionCache.#86.Layers	4	4
definition_snapshot.SimulationFactory.PaintOperation.ShapeRegistry.ShapeDefinitionCache.#87.Layers	4	4
definition_snapshot.SimulationFactory.PaintOperation.ShapeRegistry.ShapeDefinitionCache.#88.Layers	4	4
definition_snapshot.SimulationFactory.PaintOperation.ShapeRegistry.ShapeDefinitionCache.#89.Layers	4	4
definition_snapshot.SimulationFactory.PaintOperation.ShapeRegistry.ShapeDefinitionCache.#90.Layers	4	4
definition_snapshot.SimulationFactory.PaintOperation.ShapeRegistry.ShapeDefinitionCache.#91.Layers	4	4
definition_snapshot.SimulationFactory.PaintOperation.ShapeRegistry.ShapeDefinitionCache.#92.Layers	4	4
definition_snapshot.SimulationFactory.PaintOperation.ShapeRegistry.ShapeDefinitionCache.#93.Layers	4	4
definition_snapshot.SimulationFactory.PaintOperation.ShapeRegistry.ShapeDefinitionCache.#94.Layers	4	4
definition_snapshot.SimulationFactory.PaintOperation.ShapeRegistry.ShapeDefinitionCache.#95.Layers	4	4
definition_snapshot.SimulationFactory.PaintOperation.ShapeRegistry.ShapeItemCache.#1029.Definition.Layers	4	4
definition_snapshot.SimulationFactory.PaintOperation.ShapeRegistry.ShapeItemCache.#1030.Definition.Layers	4	4
definition_snapshot.SimulationFactory.PaintOperation.ShapeRegistry.ShapeItemCache.#1031.Definition.Layers	4	4
definition_snapshot.SimulationFactory.PaintOperation.ShapeRegistry.ShapeItemCache.#1032.Definition.Layers	4	4
definition_snapshot.SimulationFactory.PaintOperation.ShapeRegistry.ShapeItemCache.#1033.Definition.Layers	4	4
definition_snapshot.SimulationFactory.PaintOperation.ShapeRegistry.ShapeItemCache.#1034.Definition.Layers	4	4
definition_snapshot.SimulationFactory.PaintOperation.ShapeRegistry.ShapeItemCache.#1035.Definition.Layers	4	4
definition_snapshot.SimulationFactory.PaintOperation.ShapeRegistry.ShapeItemCache.#1036.Definition.Layers	4	4
definition_snapshot.SimulationFactory.PaintOperation.ShapeRegistry.ShapeItemCache.#1038.Definition.Layers	4	4
definition_snapshot.SimulationFactory.PaintOperation.ShapeRegistry.ShapeItemCache.#1041.Definition.Layers	4	4
definition_snapshot.SimulationFactory.PaintOperation.ShapeRegistry.ShapeItemCache.#1044.Definition.Layers	4	4
definition_snapshot.SimulationFactory.PaintOperation.ShapeRegistry.ShapeItemCache.#1047.Definition.Layers	4	4
definition_snapshot.SimulationFactory.PaintOperation.ShapeRegistry.ShapeItemCache.#1048.Definition.Layers	4	4
definition_snapshot.SimulationFactory.PaintOperation.ShapeRegistry.ShapeItemCache.#1049.Definition.Layers	4	4
definition_snapshot.SimulationFactory.PaintOperation.ShapeRegistry.ShapeItemCache.#1050.Definition.Layers	4	4
definition_snapshot.SimulationFactory.PaintOperation.ShapeRegistry.ShapeItemCache.#1053.Definition.Layers	4	4
definition_snapshot.SimulationFactory.PaintOperation.ShapeRegistry.ShapeItemCache.#1054.Definition.Layers	4	4
definition_snapshot.SimulationFactory.PaintOperation.ShapeRegistry.ShapeItemCache.#1059.Definition.Layers	4	4
definition_snapshot.SimulationFactory.PaintOperation.ShapeRegistry.ShapeItemCache.#1060.Definition.Layers	4	4
definition_snapshot.SimulationFactory.PaintOperation.ShapeRegistry.ShapeItemCache.#1061.Definition.Layers	4	4
definition_snapshot.SimulationFactory.PaintOperation.ShapeRegistry.ShapeItemCache.#1062.Definition.Layers	4	4
definition_snapshot.SimulationFactory.PaintOperation.ShapeRegistry.ShapeItemCache.#1063.Definition.Layers	4	4
definition_snapshot.SimulationFactory.PaintOperation.ShapeRegistry.ShapeItemCache.#1064.Definition.Layers	4	4
definition_snapshot.SimulationFactory.PaintOperation.ShapeRegistry.ShapeItemCache.#1065.Definition.Layers	4	4
definition_snapshot.SimulationFactory.PaintOperation.ShapeRegistry.ShapeItemCache.#1067.Definition.Layers	4	4
definition_snapshot.SimulationFactory.PaintOperation.ShapeRegistry.ShapeItemCache.#1068.Definition.Layers	4	4
definition_snapshot.SimulationFactory.PaintOperation.ShapeRegistry.ShapeItemCache.#1070.Definition.Layers	4	4
definition_snapshot.SimulationFactory.PaintOperation.ShapeRegistry.ShapeItemCache.#1071.Definition.Layers	4	4
definition_snapshot.SimulationFactory.PaintOperation.ShapeRegistry.ShapeItemCache.#1072.Definition.Layers	4	4
definition_snapshot.SimulationFactory.PaintOperation.ShapeRegistry.ShapeItemCache.#1073.Definition.Layers	4	4
definition_snapshot.SimulationFactory.PaintOperation.ShapeRegistry.ShapeItemCache.#1074.Definition.Layers	4	4
definition_snapshot.SimulationFactory.PaintOperation.ShapeRegistry.ShapeItemCache.#1075.Definition.Layers	4	4
definition_snapshot.TrainIslands.Navigation.Loops[].Layout.ChunkInformation	4	4
definition_snapshot.TrainIslands.Navigation.Loops[].Layout.ChunkPositions	4	4
simulation_parameters.ShapeRegistry.ShapeDefinitionCache.#35.Layers	4	4
simulation_parameters.ShapeRegistry.ShapeDefinitionCache.#36.Layers	4	4
simulation_parameters.ShapeRegistry.ShapeDefinitionCache.#37.Layers	4	4
simulation_parameters.ShapeRegistry.ShapeDefinitionCache.#38.Layers	4	4
simulation_parameters.ShapeRegistry.ShapeDefinitionCache.#71.Layers	4	4
simulation_parameters.ShapeRegistry.ShapeDefinitionCache.#72.Layers	4	4
simulation_parameters.ShapeRegistry.ShapeDefinitionCache.#73.Layers	4	4
simulation_parameters.ShapeRegistry.ShapeDefinitionCache.#74.Layers	4	4
simulation_parameters.ShapeRegistry.ShapeDefinitionCache.#75.Layers	4	4
simulation_parameters.ShapeRegistry.ShapeDefinitionCache.#86.Layers	4	4
simulation_parameters.ShapeRegistry.ShapeDefinitionCache.#87.Layers	4	4
simulation_parameters.ShapeRegistry.ShapeDefinitionCache.#88.Layers	4	4
simulation_parameters.ShapeRegistry.ShapeDefinitionCache.#89.Layers	4	4
simulation_parameters.ShapeRegistry.ShapeDefinitionCache.#90.Layers	4	4
simulation_parameters.ShapeRegistry.ShapeDefinitionCache.#91.Layers	4	4
simulation_parameters.ShapeRegistry.ShapeDefinitionCache.#92.Layers	4	4
simulation_parameters.ShapeRegistry.ShapeDefinitionCache.#93.Layers	4	4
simulation_parameters.ShapeRegistry.ShapeDefinitionCache.#94.Layers	4	4
simulation_parameters.ShapeRegistry.ShapeDefinitionCache.#95.Layers	4	4
simulation_parameters.ShapeRegistry.ShapeItemCache.#1029.Definition.Layers	4	4
simulation_parameters.ShapeRegistry.ShapeItemCache.#1030.Definition.Layers	4	4
simulation_parameters.ShapeRegistry.ShapeItemCache.#1031.Definition.Layers	4	4
simulation_parameters.ShapeRegistry.ShapeItemCache.#1032.Definition.Layers	4	4
simulation_parameters.ShapeRegistry.ShapeItemCache.#1033.Definition.Layers	4	4
simulation_parameters.ShapeRegistry.ShapeItemCache.#1034.Definition.Layers	4	4
simulation_parameters.ShapeRegistry.ShapeItemCache.#1035.Definition.Layers	4	4
simulation_parameters.ShapeRegistry.ShapeItemCache.#1036.Definition.Layers	4	4
simulation_parameters.ShapeRegistry.ShapeItemCache.#1038.Definition.Layers	4	4
simulation_parameters.ShapeRegistry.ShapeItemCache.#1041.Definition.Layers	4	4
simulation_parameters.ShapeRegistry.ShapeItemCache.#1044.Definition.Layers	4	4
simulation_parameters.ShapeRegistry.ShapeItemCache.#1047.Definition.Layers	4	4
simulation_parameters.ShapeRegistry.ShapeItemCache.#1048.Definition.Layers	4	4
simulation_parameters.ShapeRegistry.ShapeItemCache.#1049.Definition.Layers	4	4
simulation_parameters.ShapeRegistry.ShapeItemCache.#1050.Definition.Layers	4	4
simulation_parameters.ShapeRegistry.ShapeItemCache.#1053.Definition.Layers	4	4
simulation_parameters.ShapeRegistry.ShapeItemCache.#1054.Definition.Layers	4	4
simulation_parameters.ShapeRegistry.ShapeItemCache.#1059.Definition.Layers	4	4
simulation_parameters.ShapeRegistry.ShapeItemCache.#1060.Definition.Layers	4	4
simulation_parameters.ShapeRegistry.ShapeItemCache.#1061.Definition.Layers	4	4
simulation_parameters.ShapeRegistry.ShapeItemCache.#1062.Definition.Layers	4	4
simulation_parameters.ShapeRegistry.ShapeItemCache.#1063.Definition.Layers	4	4
simulation_parameters.ShapeRegistry.ShapeItemCache.#1064.Definition.Layers	4	4
simulation_parameters.ShapeRegistry.ShapeItemCache.#1065.Definition.Layers	4	4
simulation_parameters.ShapeRegistry.ShapeItemCache.#1067.Definition.Layers	4	4
simulation_parameters.ShapeRegistry.ShapeItemCache.#1068.Definition.Layers	4	4
simulation_parameters.ShapeRegistry.ShapeItemCache.#1070.Definition.Layers	4	4
simulation_parameters.ShapeRegistry.ShapeItemCache.#1071.Definition.Layers	4	4
simulation_parameters.ShapeRegistry.ShapeItemCache.#1072.Definition.Layers	4	4
simulation_parameters.ShapeRegistry.ShapeItemCache.#1073.Definition.Layers	4	4
simulation_parameters.ShapeRegistry.ShapeItemCache.#1074.Definition.Layers	4	4
simulation_parameters.ShapeRegistry.ShapeItemCache.#1075.Definition.Layers	4	4
definition_snapshot.CargoExchanger.ShapeCargoLoaderUnloader.LoaderFactory.ShapeRegistry.ShapeDefinitionCache.#35.Layers	2	4
definition_snapshot.CargoExchanger.ShapeCargoLoaderUnloader.LoaderFactory.ShapeRegistry.ShapeDefinitionCache.#36.Layers	2	4
definition_snapshot.CargoExchanger.ShapeCargoLoaderUnloader.LoaderFactory.ShapeRegistry.ShapeDefinitionCache.#37.Layers	2	4
definition_snapshot.CargoExchanger.ShapeCargoLoaderUnloader.LoaderFactory.ShapeRegistry.ShapeDefinitionCache.#38.Layers	2	4
definition_snapshot.CargoExchanger.ShapeCargoLoaderUnloader.LoaderFactory.ShapeRegistry.ShapeDefinitionCache.#71.Layers	2	4
definition_snapshot.CargoExchanger.ShapeCargoLoaderUnloader.LoaderFactory.ShapeRegistry.ShapeDefinitionCache.#72.Layers	2	4
definition_snapshot.CargoExchanger.ShapeCargoLoaderUnloader.LoaderFactory.ShapeRegistry.ShapeDefinitionCache.#73.Layers	2	4
definition_snapshot.CargoExchanger.ShapeCargoLoaderUnloader.LoaderFactory.ShapeRegistry.ShapeDefinitionCache.#74.Layers	2	4
definition_snapshot.CargoExchanger.ShapeCargoLoaderUnloader.LoaderFactory.ShapeRegistry.ShapeDefinitionCache.#75.Layers	2	4
definition_snapshot.CargoExchanger.ShapeCargoLoaderUnloader.LoaderFactory.ShapeRegistry.ShapeDefinitionCache.#86.Layers	2	4
definition_snapshot.CargoExchanger.ShapeCargoLoaderUnloader.LoaderFactory.ShapeRegistry.ShapeDefinitionCache.#87.Layers	2	4
definition_snapshot.CargoExchanger.ShapeCargoLoaderUnloader.LoaderFactory.ShapeRegistry.ShapeDefinitionCache.#88.Layers	2	4
definition_snapshot.CargoExchanger.ShapeCargoLoaderUnloader.LoaderFactory.ShapeRegistry.ShapeDefinitionCache.#89.Layers	2	4
definition_snapshot.CargoExchanger.ShapeCargoLoaderUnloader.LoaderFactory.ShapeRegistry.ShapeDefinitionCache.#90.Layers	2	4
definition_snapshot.CargoExchanger.ShapeCargoLoaderUnloader.LoaderFactory.ShapeRegistry.ShapeDefinitionCache.#91.Layers	2	4
definition_snapshot.CargoExchanger.ShapeCargoLoaderUnloader.LoaderFactory.ShapeRegistry.ShapeDefinitionCache.#92.Layers	2	4
definition_snapshot.CargoExchanger.ShapeCargoLoaderUnloader.LoaderFactory.ShapeRegistry.ShapeDefinitionCache.#93.Layers	2	4
definition_snapshot.CargoExchanger.ShapeCargoLoaderUnloader.LoaderFactory.ShapeRegistry.ShapeDefinitionCache.#94.Layers	2	4
definition_snapshot.CargoExchanger.ShapeCargoLoaderUnloader.LoaderFactory.ShapeRegistry.ShapeDefinitionCache.#95.Layers	2	4
definition_snapshot.Config.ResourceItem.Definition.Layers[].Parts	2	4
definition_snapshot.ConnectableSimulations[].Building.Definition.ConnectorData.<AllBuildingConnectors>k__BackingField	2	4
definition_snapshot.ConnectableSimulations[].Building.Definition.ConnectorData.AllBuildingConnectors	2	4
definition_snapshot.ConnectableSimulations[].Building.Definition.ConnectorData.IEntityConnectorData<Game.Core.Coordinates.LocalTilePivot,Game.Core.Coordinates.TileVector,TileDirection>.AllConnectors	2	4
definition_snapshot.ConnectableSimulations[].Building.Definition.ConnectorData.LegacyBuildingIOMap.BuildingItemInput	2	4
definition_snapshot.OnSimulationCreated.Listeners[].Method.Module.Assembly.CustomAttributes	2	4
definition_snapshot.OnSimulationCreated.Listeners[].Method.ReflectedTypeInternal.DeclaredProperties	2	4
definition_snapshot.OnSimulationCreated.Listeners[].Method.ReflectedTypeInternal.ImplementedInterfaces	2	4
definition_snapshot.SimulationFactory.Operation.CutOperation.ShapeRegistry.ShapeDefinitionCache.#35.Layers	2	4
definition_snapshot.SimulationFactory.Operation.CutOperation.ShapeRegistry.ShapeDefinitionCache.#36.Layers	2	4
definition_snapshot.SimulationFactory.Operation.CutOperation.ShapeRegistry.ShapeDefinitionCache.#37.Layers	2	4
definition_snapshot.SimulationFactory.Operation.CutOperation.ShapeRegistry.ShapeDefinitionCache.#38.Layers	2	4
definition_snapshot.SimulationFactory.Operation.CutOperation.ShapeRegistry.ShapeDefinitionCache.#71.Layers	2	4
definition_snapshot.SimulationFactory.Operation.CutOperation.ShapeRegistry.ShapeDefinitionCache.#72.Layers	2	4
definition_snapshot.SimulationFactory.Operation.CutOperation.ShapeRegistry.ShapeDefinitionCache.#73.Layers	2	4
definition_snapshot.SimulationFactory.Operation.CutOperation.ShapeRegistry.ShapeDefinitionCache.#74.Layers	2	4
definition_snapshot.SimulationFactory.Operation.CutOperation.ShapeRegistry.ShapeDefinitionCache.#75.Layers	2	4
definition_snapshot.SimulationFactory.Operation.CutOperation.ShapeRegistry.ShapeDefinitionCache.#86.Layers	2	4
definition_snapshot.SimulationFactory.Operation.CutOperation.ShapeRegistry.ShapeDefinitionCache.#87.Layers	2	4
definition_snapshot.SimulationFactory.Operation.CutOperation.ShapeRegistry.ShapeDefinitionCache.#88.Layers	2	4
definition_snapshot.SimulationFactory.Operation.CutOperation.ShapeRegistry.ShapeDefinitionCache.#89.Layers	2	4
definition_snapshot.SimulationFactory.Operation.CutOperation.ShapeRegistry.ShapeDefinitionCache.#90.Layers	2	4
definition_snapshot.SimulationFactory.Operation.CutOperation.ShapeRegistry.ShapeDefinitionCache.#91.Layers	2	4
definition_snapshot.SimulationFactory.Operation.CutOperation.ShapeRegistry.ShapeDefinitionCache.#92.Layers	2	4
definition_snapshot.SimulationFactory.Operation.CutOperation.ShapeRegistry.ShapeDefinitionCache.#93.Layers	2	4
definition_snapshot.SimulationFactory.Operation.CutOperation.ShapeRegistry.ShapeDefinitionCache.#94.Layers	2	4
definition_snapshot.SimulationFactory.Operation.CutOperation.ShapeRegistry.ShapeDefinitionCache.#95.Layers	2	4
definition_snapshot.TrainIslands.Navigation.Catcher.Layout.ChunkInformationByPosition.(0, 0, 0).EdgeTypes	2	4
definition_snapshot.TrainIslands.Navigation.Launcher.Layout.ChunkInformationByPosition.(0, 0, 0).EdgeTypes	2	4
definition_snapshot.TrainIslands.Navigation.QuickStation.Layout.ChunkInformationByPosition.(0, 0, 0).EdgeTypes	2	4
definition_snapshot.TrainIslands.Navigation.Twister.Layout.ChunkInformationByPosition.(0, 0, 0).EdgeTypes	2	4
definition_snapshot.TrainIslands.Navigation.Twister.Layout.ChunkInformationByPosition.(1, 0, 0).EdgeTypes	2	4
definition_snapshot.TrainIslands.Navigation.Twister.Layout.ChunkInformationByPosition.(2, 0, 0).EdgeTypes	2	4
definition_snapshot.TrainIslands.Navigation.Twister.Layout.ChunkInformationByPosition.(3, 0, 0).EdgeTypes	2	4
definition_snapshot.TrainIslands.Navigation.Twister.Layout.ChunkInformationByPosition.(4, 0, 0).EdgeTypes	2	4
definition_snapshot.TrainIslands.Navigation.WaitStation.Layout.ChunkInformationByPosition.(0, 0, 0).EdgeTypes	2	4
definition_snapshot.TrainIslands.Production.FillerCargoFactory.Layout.ChunkInformationByPosition.(0, 0, 0).EdgeTypes	2	4
definition_snapshot.TrainIslands.Production.FluidCargoFactory.Layout.ChunkInformationByPosition.(0, 0, 0).EdgeTypes	2	4
definition_snapshot.TrainIslands.Production.ShapeCargoFactory.Layout.ChunkInformationByPosition.(0, 0, 0).EdgeTypes	2	4
definition_snapshot.TrainsSimulation.NavigationPredictor.NavigationCoordinators	2	4
definition_snapshot.TrainsSimulation.TrainPredictionCoordinators	2	4
definition_snapshot._HubIslands[].Definition.Layout.ChunkInformationByPosition.(-1, -1, 0).EdgeTypes	2	4
definition_snapshot._HubIslands[].Definition.Layout.ChunkInformationByPosition.(-1, 0, 0).EdgeTypes	2	4
definition_snapshot._HubIslands[].Definition.Layout.ChunkInformationByPosition.(-1, 1, 0).EdgeTypes	2	4
definition_snapshot._HubIslands[].Definition.Layout.ChunkInformationByPosition.(0, -1, 0).EdgeTypes	2	4
definition_snapshot._HubIslands[].Definition.Layout.ChunkInformationByPosition.(0, 0, 0).EdgeTypes	2	4
definition_snapshot._HubIslands[].Definition.Layout.ChunkInformationByPosition.(0, 1, 0).EdgeTypes	2	4
definition_snapshot._HubIslands[].Definition.Layout.ChunkInformationByPosition.(1, -1, 0).EdgeTypes	2	4
definition_snapshot._HubIslands[].Definition.Layout.ChunkInformationByPosition.(1, 0, 0).EdgeTypes	2	4
definition_snapshot._HubIslands[].Definition.Layout.ChunkInformationByPosition.(1, 1, 0).EdgeTypes	2	4
simulation_parameters.TrainsSimulation.NavigationPredictor.NavigationCoordinators	2	4
simulation_parameters.TrainsSimulation.TrainPredictionCoordinators	2	4
definition_snapshot.IRocketProducerSystem.OnRocketProduced.Listeners[].Method.ReflectedTypeInternal.ImplementedInterfaces	72	3
definition_snapshot.ISimulationSystem.OnSimulationCreated.Listeners[].Method.Module.Assembly.Evidence	48	3
definition_snapshot.ISimulationSystem.OnSimulationCreated.Listeners[].Method.Module.Assembly._evidence	48	3
definition_snapshot.ISimulationSystem.OnSimulationCreated.Listeners[].Method.ReflectedTypeInternal.DeclaredNestedTypes	48	3
definition_snapshot.ISimulationSystem.OnSimulationCreated.Listeners[].Target.GenericBuildingObserverSystems	48	3
definition_snapshot.ISimulationSystem.OnSimulationCreated.Listeners[].Target.GenericIslandTenantSystems	48	3
definition_snapshot.ISimulationSystem.OnSimulationCreated.Listeners[].Target.SimulationGraph.ClustersByChunk.GlobalChunkCoordinate(-1, 1, 0)	48	3
definition_snapshot.ISimulationSystem.OnSimulationCreated.Listeners[].Target.SpecializedBuildingTenantSystemsByType.BeltPortSenderInternalVariant	48	3
simulation_parameters.ISimulationSystem.OnSimulationCreated.Listeners[].Target.GenericBuildingObserverSystems	48	3
simulation_parameters.ISimulationSystem.OnSimulationCreated.Listeners[].Target.GenericIslandTenantSystems	48	3
simulation_parameters.ISimulationSystem.OnSimulationCreated.Listeners[].Target.SpecializedBuildingTenantSystemsByType.BeltPortSenderInternalVariant	48	3
definition_snapshot.ISimulationSystem.OnSimulationCreated.Listeners[].Method.ReflectedTypeInternal.BaseType.CustomAttributes	46	3
definition_snapshot.ISimulationSystem.OnSimulationCreated.Listeners[].Target.ChunkBasedSystems[].FluidTrainSpacers	46	3
definition_snapshot.ISimulationSystem.OnSimulationCreated.Listeners[].Target.ChunkBasedSystems[].ShapeTrainSpacers	46	3
definition_snapshot.IShapeCollectorSystem.OnShapesCollected.Listeners[].Method.Module.Assembly.Evidence	44	3
definition_snapshot.IShapeCollectorSystem.OnShapesCollected.Listeners[].Method.Module.Assembly._evidence	44	3
definition_snapshot.Config.Io.<Inputs>k__BackingField	36	3
definition_snapshot.Config.Io.Inputs	36	3
definition_snapshot.IRocketProducerSystem.OnRocketProduced.Listeners[].Method.ReflectedTypeInternal.BaseType.DeclaredFields	36	3
definition_snapshot.IRocketProducerSystem.OnRocketProduced.Listeners[].Method.ReflectedTypeInternal.BaseType.GenericTypeArguments	36	3
definition_snapshot.IRocketProducerSystem.OnRocketProduced.Listeners[].Method.ReflectedTypeInternal.BaseType.ImplementedInterfaces	36	3
definition_snapshot.IRocketProducerSystem.OnRocketProduced.Listeners[].Target.LocalizedSimulationType.Assembly.Evidence	36	3
definition_snapshot.IRocketProducerSystem.OnRocketProduced.Listeners[].Target.LocalizedSimulationType.Assembly._evidence	36	3
definition_snapshot.IRocketProducerSystem.OnRocketProduced.Listeners[].Target.SimulationType.Assembly.Evidence	36	3
definition_snapshot.IRocketProducerSystem.OnRocketProduced.Listeners[].Target.SimulationType.Assembly._evidence	36	3
definition_snapshot.IRocketProducerSystem.OnRocketProduced.Listeners[].Target.SimulationType.DeclaredProperties	36	3
definition_snapshot.IRocketProducerSystem.OnRocketProduced.Listeners[].Target.SimulationType.ImplementedInterfaces	36	3
definition_snapshot.Interlock.LockedEntry.<Inputs>k__BackingField	36	3
definition_snapshot.Interlock.LockedEntry.<ShapeInputs>k__BackingField	36	3
definition_snapshot.Interlock.LockedEntry.Inputs	36	3
definition_snapshot.Interlock.LockedEntry.ShapeInputs	36	3
definition_snapshot.Interlock.ResearchUnlockManager.Mode.Buildings.DisplayBuildingIds	36	3
definition_snapshot.Interlock.ResearchUnlockManager.Mode.Buildings.MergerVariantIds	36	3
definition_snapshot.Interlock.ResearchUnlockManager.Mode.Buildings.RotatorVariantIds	36	3
definition_snapshot.Interlock.ResearchUnlockManager.Mode.Islands.FluidTrainSpacers	36	3
definition_snapshot.Interlock.ResearchUnlockManager.Mode.Islands.ShapeTrainSpacers	36	3
definition_snapshot.Interlock.ResearchUnlockManager.Mode.PlayerLevelConfig.Rewards	36	3
definition_snapshot.Interlock.ResearchUnlockManager.Mode.ShapeColorScheme.<PrimaryColors>k__BackingField	36	3
definition_snapshot.Interlock.ResearchUnlockManager.Mode.ShapeColorScheme.<SecondaryColors>k__BackingField	36	3
definition_snapshot.Interlock.ResearchUnlockManager.Mode.ShapeColorScheme.<TertiaryColors>k__BackingField	36	3
definition_snapshot.Interlock.ResearchUnlockManager.Mode.ShapeColorScheme.PrimaryColors	36	3
definition_snapshot.Interlock.ResearchUnlockManager.Mode.ShapeColorScheme.SecondaryColors	36	3
definition_snapshot.Interlock.ResearchUnlockManager.Mode.ShapeColorScheme.TertiaryColors	36	3
definition_snapshot.Interlock.ResearchUnlockManager.Mode.WikiDatabase.Entries.WKBelts_Checkpoints.<Entries>k__BackingField	36	3
definition_snapshot.Interlock.ResearchUnlockManager.Mode.WikiDatabase.Entries.WKBelts_Checkpoints.Entries	36	3
definition_snapshot.Interlock.ResearchUnlockManager.Mode.WikiDatabase.Entries.WKBelts_IdealRatios.<Entries>k__BackingField	36	3
definition_snapshot.Interlock.ResearchUnlockManager.Mode.WikiDatabase.Entries.WKBelts_IdealRatios.Entries	36	3
definition_snapshot.Interlock.ResearchUnlockManager.Mode.WikiDatabase.Entries.WKBelts_Intro.<RelatedEntries>k__BackingField	36	3
definition_snapshot.Interlock.ResearchUnlockManager.Mode.WikiDatabase.Entries.WKBelts_Intro.RelatedEntries	36	3
definition_snapshot.Interlock.ResearchUnlockManager.Mode.WikiDatabase.Entries.WKBelts_OverflowSplitter.<Entries>k__BackingField	36	3
definition_snapshot.Interlock.ResearchUnlockManager.Mode.WikiDatabase.Entries.WKBelts_OverflowSplitter.<RelatedEntries>k__BackingField	36	3
definition_snapshot.Interlock.ResearchUnlockManager.Mode.WikiDatabase.Entries.WKBelts_OverflowSplitter.Entries	36	3
definition_snapshot.Interlock.ResearchUnlockManager.Mode.WikiDatabase.Entries.WKBelts_OverflowSplitter.RelatedEntries	36	3
definition_snapshot.Interlock.ResearchUnlockManager.Mode.WikiDatabase.Entries.WKBlueprints_Icons.<Entries>k__BackingField	36	3
definition_snapshot.Interlock.ResearchUnlockManager.Mode.WikiDatabase.Entries.WKBlueprints_Icons.<RelatedEntries>k__BackingField	36	3
definition_snapshot.Interlock.ResearchUnlockManager.Mode.WikiDatabase.Entries.WKBlueprints_Icons.Entries	36	3
definition_snapshot.Interlock.ResearchUnlockManager.Mode.WikiDatabase.Entries.WKBlueprints_Icons.RelatedEntries	36	3
definition_snapshot.Interlock.ResearchUnlockManager.Mode.WikiDatabase.Entries.WKBlueprints_Intro.<Entries>k__BackingField	36	3
definition_snapshot.Interlock.ResearchUnlockManager.Mode.WikiDatabase.Entries.WKBlueprints_Intro.<RelatedEntries>k__BackingField	36	3
definition_snapshot.Interlock.ResearchUnlockManager.Mode.WikiDatabase.Entries.WKBlueprints_Intro.Entries	36	3
definition_snapshot.Interlock.ResearchUnlockManager.Mode.WikiDatabase.Entries.WKBlueprints_Intro.RelatedEntries	36	3
definition_snapshot.Interlock.ResearchUnlockManager.Mode.WikiDatabase.Entries.WKCameraNavigation_MapMarkers.<Entries>k__BackingField	36	3
definition_snapshot.Interlock.ResearchUnlockManager.Mode.WikiDatabase.Entries.WKCameraNavigation_MapMarkers.Entries	36	3
definition_snapshot.Interlock.ResearchUnlockManager.Mode.WikiDatabase.Entries.WKCameraNavigation_Movement.<RelatedEntries>k__BackingField	36	3
definition_snapshot.Interlock.ResearchUnlockManager.Mode.WikiDatabase.Entries.WKCameraNavigation_Movement.RelatedEntries	36	3
definition_snapshot.Interlock.ResearchUnlockManager.Mode.WikiDatabase.Entries.WKFluids_FluidMiners.<RelatedEntries>k__BackingField	36	3
definition_snapshot.Interlock.ResearchUnlockManager.Mode.WikiDatabase.Entries.WKFluids_FluidMiners.RelatedEntries	36	3
definition_snapshot.Interlock.ResearchUnlockManager.Mode.WikiDatabase.Entries.WKFluids_Painting.<RelatedEntries>k__BackingField	36	3
definition_snapshot.Interlock.ResearchUnlockManager.Mode.WikiDatabase.Entries.WKFluids_Painting.RelatedEntries	36	3
definition_snapshot.Interlock.ResearchUnlockManager.Mode.WikiDatabase.Entries.WKFluids_SpacePipes.<Entries>k__BackingField	36	3
definition_snapshot.Interlock.ResearchUnlockManager.Mode.WikiDatabase.Entries.WKFluids_SpacePipes.<RelatedEntries>k__BackingField	36	3
definition_snapshot.Interlock.ResearchUnlockManager.Mode.WikiDatabase.Entries.WKFluids_SpacePipes.Entries	36	3
definition_snapshot.Interlock.ResearchUnlockManager.Mode.WikiDatabase.Entries.WKFluids_SpacePipes.RelatedEntries	36	3
definition_snapshot.Interlock.ResearchUnlockManager.Mode.WikiDatabase.Entries.WKIslands_Floors.<Entries>k__BackingField	36	3
definition_snapshot.Interlock.ResearchUnlockManager.Mode.WikiDatabase.Entries.WKIslands_Floors.<RelatedEntries>k__BackingField	36	3
definition_snapshot.Interlock.ResearchUnlockManager.Mode.WikiDatabase.Entries.WKIslands_Floors.Entries	36	3
definition_snapshot.Interlock.ResearchUnlockManager.Mode.WikiDatabase.Entries.WKIslands_Floors.RelatedEntries	36	3
definition_snapshot.Interlock.ResearchUnlockManager.Mode.WikiDatabase.Entries.WKIslands_Foundations.<RelatedEntries>k__BackingField	36	3
definition_snapshot.Interlock.ResearchUnlockManager.Mode.WikiDatabase.Entries.WKIslands_Foundations.RelatedEntries	36	3
definition_snapshot.Interlock.ResearchUnlockManager.Mode.WikiDatabase.Entries.WKIslands_ShapeMiners.<RelatedEntries>k__BackingField	36	3
definition_snapshot.Interlock.ResearchUnlockManager.Mode.WikiDatabase.Entries.WKIslands_ShapeMiners.RelatedEntries	36	3
definition_snapshot.Interlock.ResearchUnlockManager.Mode.WikiDatabase.Entries.WKIslands_SpaceBelts.<Entries>k__BackingField	36	3
definition_snapshot.Interlock.ResearchUnlockManager.Mode.WikiDatabase.Entries.WKIslands_SpaceBelts.<RelatedEntries>k__BackingField	36	3
definition_snapshot.Interlock.ResearchUnlockManager.Mode.WikiDatabase.Entries.WKIslands_SpaceBelts.Entries	36	3
definition_snapshot.Interlock.ResearchUnlockManager.Mode.WikiDatabase.Entries.WKIslands_SpaceBelts.RelatedEntries	36	3
definition_snapshot.Interlock.ResearchUnlockManager.Mode.WikiDatabase.Entries.WKIslands_SpaceMode.<RelatedEntries>k__BackingField	36	3
definition_snapshot.Interlock.ResearchUnlockManager.Mode.WikiDatabase.Entries.WKIslands_SpaceMode.RelatedEntries	36	3
definition_snapshot.Interlock.ResearchUnlockManager.Mode.WikiDatabase.Entries.WKIslands_SpacePlatforms.<RelatedEntries>k__BackingField	36	3
definition_snapshot.Interlock.ResearchUnlockManager.Mode.WikiDatabase.Entries.WKIslands_SpacePlatforms.RelatedEntries	36	3
definition_snapshot.Interlock.ResearchUnlockManager.Mode.WikiDatabase.Entries.WKMisc_MapGeneration.<RelatedEntries>k__BackingField	36	3
definition_snapshot.Interlock.ResearchUnlockManager.Mode.WikiDatabase.Entries.WKMisc_MapGeneration.RelatedEntries	36	3
definition_snapshot.Interlock.ResearchUnlockManager.Mode.WikiDatabase.Entries.WKPlacement_AreaDeletion.<RelatedEntries>k__BackingField	36	3
definition_snapshot.Interlock.ResearchUnlockManager.Mode.WikiDatabase.Entries.WKPlacement_AreaDeletion.RelatedEntries	36	3
definition_snapshot.Interlock.ResearchUnlockManager.Mode.WikiDatabase.Entries.WKPlacement_AreaSelection.<RelatedEntries>k__BackingField	36	3
definition_snapshot.Interlock.ResearchUnlockManager.Mode.WikiDatabase.Entries.WKPlacement_AreaSelection.RelatedEntries	36	3
definition_snapshot.Interlock.ResearchUnlockManager.Mode.WikiDatabase.Entries.WKPlacement_ClearContents.<Entries>k__BackingField	36	3
definition_snapshot.Interlock.ResearchUnlockManager.Mode.WikiDatabase.Entries.WKPlacement_ClearContents.<RelatedEntries>k__BackingField	36	3
definition_snapshot.Interlock.ResearchUnlockManager.Mode.WikiDatabase.Entries.WKPlacement_ClearContents.Entries	36	3
definition_snapshot.Interlock.ResearchUnlockManager.Mode.WikiDatabase.Entries.WKPlacement_ClearContents.RelatedEntries	36	3
definition_snapshot.Interlock.ResearchUnlockManager.Mode.WikiDatabase.Entries.WKPlacement_Deletion.<Entries>k__BackingField	36	3
definition_snapshot.Interlock.ResearchUnlockManager.Mode.WikiDatabase.Entries.WKPlacement_Deletion.Entries	36	3
definition_snapshot.Interlock.ResearchUnlockManager.Mode.WikiDatabase.Entries.WKPlacement_Mirroring.<Entries>k__BackingField	36	3
definition_snapshot.Interlock.ResearchUnlockManager.Mode.WikiDatabase.Entries.WKPlacement_Mirroring.Entries	36	3
definition_snapshot.Interlock.ResearchUnlockManager.Mode.WikiDatabase.Entries.WKPlacement_Pipette.<Entries>k__BackingField	36	3
definition_snapshot.Interlock.ResearchUnlockManager.Mode.WikiDatabase.Entries.WKPlacement_Pipette.Entries	36	3
definition_snapshot.Interlock.ResearchUnlockManager.Mode.WikiDatabase.Entries.WKPlacement_Rotation.<RelatedEntries>k__BackingField	36	3
definition_snapshot.Interlock.ResearchUnlockManager.Mode.WikiDatabase.Entries.WKPlacement_Rotation.RelatedEntries	36	3
definition_snapshot.Interlock.ResearchUnlockManager.Mode.WikiDatabase.Entries.WKPlacement_SelectConnected.<Entries>k__BackingField	36	3
definition_snapshot.Interlock.ResearchUnlockManager.Mode.WikiDatabase.Entries.WKPlacement_SelectConnected.Entries	36	3
definition_snapshot.Interlock.ResearchUnlockManager.Mode.WikiDatabase.Entries.WKPlacement_Toolbar.<RelatedEntries>k__BackingField	36	3
definition_snapshot.Interlock.ResearchUnlockManager.Mode.WikiDatabase.Entries.WKPlacement_Toolbar.RelatedEntries	36	3
definition_snapshot.Interlock.ResearchUnlockManager.Mode.WikiDatabase.Entries.WKProcessing_Cutter.<Entries>k__BackingField	36	3
definition_snapshot.Interlock.ResearchUnlockManager.Mode.WikiDatabase.Entries.WKProcessing_Cutter.<RelatedEntries>k__BackingField	36	3
definition_snapshot.Interlock.ResearchUnlockManager.Mode.WikiDatabase.Entries.WKProcessing_Cutter.Entries	36	3
definition_snapshot.Interlock.ResearchUnlockManager.Mode.WikiDatabase.Entries.WKProcessing_Cutter.RelatedEntries	36	3
definition_snapshot.Interlock.ResearchUnlockManager.Mode.WikiDatabase.Entries.WKProcessing_Rotator.<RelatedEntries>k__BackingField	36	3
definition_snapshot.Interlock.ResearchUnlockManager.Mode.WikiDatabase.Entries.WKProcessing_Rotator.RelatedEntries	36	3
definition_snapshot.Interlock.ResearchUnlockManager.Mode.WikiDatabase.Entries.WKProcessing_Swapper.<Entries>k__BackingField	36	3
definition_snapshot.Interlock.ResearchUnlockManager.Mode.WikiDatabase.Entries.WKProcessing_Swapper.Entries	36	3
definition_snapshot.Interlock.ResearchUnlockManager.Mode.WikiDatabase.Entries.WKShapes_CreatingQuarters.<RelatedEntries>k__BackingField	36	3
definition_snapshot.Interlock.ResearchUnlockManager.Mode.WikiDatabase.Entries.WKShapes_CreatingQuarters.RelatedEntries	36	3
definition_snapshot.Interlock.ResearchUnlockManager.Mode.WikiDatabase.Entries.WKShapes_Crystals.<RelatedEntries>k__BackingField	36	3
definition_snapshot.Interlock.ResearchUnlockManager.Mode.WikiDatabase.Entries.WKShapes_Crystals.RelatedEntries	36	3
definition_snapshot.Interlock.ResearchUnlockManager.Mode.WikiDatabase.Entries.WKShapes_Overhangs.<Entries>k__BackingField	36	3
definition_snapshot.Interlock.ResearchUnlockManager.Mode.WikiDatabase.Entries.WKShapes_Overhangs.<RelatedEntries>k__BackingField	36	3
definition_snapshot.Interlock.ResearchUnlockManager.Mode.WikiDatabase.Entries.WKShapes_Overhangs.Entries	36	3
definition_snapshot.Interlock.ResearchUnlockManager.Mode.WikiDatabase.Entries.WKShapes_Overhangs.RelatedEntries	36	3
definition_snapshot.Interlock.ResearchUnlockManager.Mode.WikiDatabase.Entries.WKShapes_Pins.<Entries>k__BackingField	36	3
definition_snapshot.Interlock.ResearchUnlockManager.Mode.WikiDatabase.Entries.WKShapes_Pins.Entries	36	3
definition_snapshot.Interlock.ResearchUnlockManager.Mode.WikiDatabase.Entries.WKTrains_Intro.<RelatedEntries>k__BackingField	36	3
definition_snapshot.Interlock.ResearchUnlockManager.Mode.WikiDatabase.Entries.WKTrains_Intro.RelatedEntries	36	3
definition_snapshot.Interlock.ResearchUnlockManager.Mode.WikiDatabase.Entries.WKTrains_TrainStations.<RelatedEntries>k__BackingField	36	3
definition_snapshot.Interlock.ResearchUnlockManager.Mode.WikiDatabase.Entries.WKTrains_TrainStations.RelatedEntries	36	3
definition_snapshot.Interlock.ResearchUnlockManager.Mode.WikiDatabase.Entries.WKWires_BeltFilter.<RelatedEntries>k__BackingField	36	3
definition_snapshot.Interlock.ResearchUnlockManager.Mode.WikiDatabase.Entries.WKWires_BeltFilter.RelatedEntries	36	3
definition_snapshot.Interlock.ResearchUnlockManager.Mode.WikiDatabase.Entries.WKWires_Button.<RelatedEntries>k__BackingField	36	3
definition_snapshot.Interlock.ResearchUnlockManager.Mode.WikiDatabase.Entries.WKWires_Button.RelatedEntries	36	3
definition_snapshot.Interlock.ResearchUnlockManager.Mode.WikiDatabase.Entries.WKWires_ConstantSignal.<Entries>k__BackingField	36	3
definition_snapshot.Interlock.ResearchUnlockManager.Mode.WikiDatabase.Entries.WKWires_ConstantSignal.Entries	36	3
definition_snapshot.Interlock.ResearchUnlockManager.Mode.WikiDatabase.Entries.WKWires_Display.<RelatedEntries>k__BackingField	36	3
definition_snapshot.Interlock.ResearchUnlockManager.Mode.WikiDatabase.Entries.WKWires_Display.RelatedEntries	36	3
definition_snapshot.Interlock.ResearchUnlockManager.Mode.WikiDatabase.Entries.WKWires_PipeGate.<Entries>k__BackingField	36	3
definition_snapshot.Interlock.ResearchUnlockManager.Mode.WikiDatabase.Entries.WKWires_PipeGate.Entries	36	3
definition_snapshot.Interlock.ResearchUnlockManager.Mode.WikiDatabase.Entries.WKWires_WiresSignals.<Entries>k__BackingField	36	3
definition_snapshot.Interlock.ResearchUnlockManager.Mode.WikiDatabase.Entries.WKWires_WiresSignals.Entries	36	3
definition_snapshot.Interlock.ResearchUnlockManager.Mode.WikiDatabase._KnowledgePanelEntries.WKClassicVortex_ShapeRotation.<Entries>k__BackingField	36	3
definition_snapshot.Interlock.ResearchUnlockManager.Mode.WikiDatabase._KnowledgePanelEntries.WKClassicVortex_ShapeRotation.Entries	36	3
definition_snapshot.Interlock.ResearchUnlockManager.Mode.WikiDatabase._KnowledgePanelEntries.WKClassicVortex_Vortex.<Entries>k__BackingField	36	3
definition_snapshot.Interlock.ResearchUnlockManager.Mode.WikiDatabase._KnowledgePanelEntries.WKClassicVortex_Vortex.Entries	36	3
definition_snapshot.Interlock.ResearchUnlockManager.Mode.WikiDatabase._KnowledgePanelEntries.WKTrains_VortexDelivery.<Entries>k__BackingField	36	3
definition_snapshot.Interlock.ResearchUnlockManager.Mode.WikiDatabase._KnowledgePanelEntries.WKTrains_VortexDelivery.Entries	36	3
definition_snapshot.SimulationFactory.Operation.ShapeRegistry.ShapeDefinitionCache.#100.Layers	28	3
definition_snapshot.SimulationFactory.Operation.ShapeRegistry.ShapeDefinitionCache.#101.Layers	28	3
definition_snapshot.SimulationFactory.Operation.ShapeRegistry.ShapeDefinitionCache.#102.Layers	28	3
definition_snapshot.SimulationFactory.Operation.ShapeRegistry.ShapeDefinitionCache.#103.Layers	28	3
definition_snapshot.SimulationFactory.Operation.ShapeRegistry.ShapeDefinitionCache.#104.Layers	28	3
definition_snapshot.SimulationFactory.Operation.ShapeRegistry.ShapeDefinitionCache.#105.Layers	28	3
definition_snapshot.SimulationFactory.Operation.ShapeRegistry.ShapeDefinitionCache.#110.Layers	28	3
definition_snapshot.SimulationFactory.Operation.ShapeRegistry.ShapeDefinitionCache.#111.Layers	28	3
definition_snapshot.SimulationFactory.Operation.ShapeRegistry.ShapeDefinitionCache.#112.Layers	28	3
definition_snapshot.SimulationFactory.Operation.ShapeRegistry.ShapeDefinitionCache.#113.Layers	28	3
definition_snapshot.SimulationFactory.Operation.ShapeRegistry.ShapeDefinitionCache.#114.Layers	28	3
definition_snapshot.SimulationFactory.Operation.ShapeRegistry.ShapeDefinitionCache.#21.Layers	28	3
definition_snapshot.SimulationFactory.Operation.ShapeRegistry.ShapeDefinitionCache.#22.Layers	28	3
definition_snapshot.SimulationFactory.Operation.ShapeRegistry.ShapeDefinitionCache.#50.Layers	28	3
definition_snapshot.SimulationFactory.Operation.ShapeRegistry.ShapeDefinitionCache.#51.Layers	28	3
definition_snapshot.SimulationFactory.Operation.ShapeRegistry.ShapeDefinitionCache.#52.Layers	28	3
definition_snapshot.SimulationFactory.Operation.ShapeRegistry.ShapeDefinitionCache.#53.Layers	28	3
definition_snapshot.SimulationFactory.Operation.ShapeRegistry.ShapeDefinitionCache.#66.Layers	28	3
definition_snapshot.SimulationFactory.Operation.ShapeRegistry.ShapeDefinitionCache.#67.Layers	28	3
definition_snapshot.SimulationFactory.Operation.ShapeRegistry.ShapeDefinitionCache.#68.Layers	28	3
definition_snapshot.SimulationFactory.Operation.ShapeRegistry.ShapeDefinitionCache.#69.Layers	28	3
definition_snapshot.SimulationFactory.Operation.ShapeRegistry.ShapeDefinitionCache.#70.Layers	28	3
definition_snapshot.SimulationFactory.Operation.ShapeRegistry.ShapeDefinitionCache.#96.Layers	28	3
definition_snapshot.SimulationFactory.Operation.ShapeRegistry.ShapeDefinitionCache.#97.Layers	28	3
definition_snapshot.SimulationFactory.Operation.ShapeRegistry.ShapeDefinitionCache.#98.Layers	28	3
definition_snapshot.SimulationFactory.Operation.ShapeRegistry.ShapeDefinitionCache.#99.Layers	28	3
definition_snapshot.SimulationFactory.Operation.ShapeRegistry.ShapeItemCache.#1019.Definition.Layers	28	3
definition_snapshot.SimulationFactory.Operation.ShapeRegistry.ShapeItemCache.#1076.Definition.Layers	28	3
definition_snapshot.SimulationFactory.ShapeIdRegistry.ShapeDefinitionCache.#100.Layers	12	3
definition_snapshot.SimulationFactory.ShapeIdRegistry.ShapeDefinitionCache.#101.Layers	12	3
definition_snapshot.SimulationFactory.ShapeIdRegistry.ShapeDefinitionCache.#102.Layers	12	3
definition_snapshot.SimulationFactory.ShapeIdRegistry.ShapeDefinitionCache.#103.Layers	12	3
definition_snapshot.SimulationFactory.ShapeIdRegistry.ShapeDefinitionCache.#104.Layers	12	3
definition_snapshot.SimulationFactory.ShapeIdRegistry.ShapeDefinitionCache.#105.Layers	12	3
definition_snapshot.SimulationFactory.ShapeIdRegistry.ShapeDefinitionCache.#110.Layers	12	3
definition_snapshot.SimulationFactory.ShapeIdRegistry.ShapeDefinitionCache.#111.Layers	12	3
definition_snapshot.SimulationFactory.ShapeIdRegistry.ShapeDefinitionCache.#112.Layers	12	3
definition_snapshot.SimulationFactory.ShapeIdRegistry.ShapeDefinitionCache.#113.Layers	12	3
definition_snapshot.SimulationFactory.ShapeIdRegistry.ShapeDefinitionCache.#114.Layers	12	3
definition_snapshot.SimulationFactory.ShapeIdRegistry.ShapeDefinitionCache.#21.Layers	12	3
definition_snapshot.SimulationFactory.ShapeIdRegistry.ShapeDefinitionCache.#22.Layers	12	3
definition_snapshot.SimulationFactory.ShapeIdRegistry.ShapeDefinitionCache.#50.Layers	12	3
definition_snapshot.SimulationFactory.ShapeIdRegistry.ShapeDefinitionCache.#51.Layers	12	3
definition_snapshot.SimulationFactory.ShapeIdRegistry.ShapeDefinitionCache.#52.Layers	12	3
definition_snapshot.SimulationFactory.ShapeIdRegistry.ShapeDefinitionCache.#53.Layers	12	3
definition_snapshot.SimulationFactory.ShapeIdRegistry.ShapeDefinitionCache.#66.Layers	12	3
definition_snapshot.SimulationFactory.ShapeIdRegistry.ShapeDefinitionCache.#67.Layers	12	3
definition_snapshot.SimulationFactory.ShapeIdRegistry.ShapeDefinitionCache.#68.Layers	12	3
definition_snapshot.SimulationFactory.ShapeIdRegistry.ShapeDefinitionCache.#69.Layers	12	3
definition_snapshot.SimulationFactory.ShapeIdRegistry.ShapeDefinitionCache.#70.Layers	12	3
definition_snapshot.SimulationFactory.ShapeIdRegistry.ShapeDefinitionCache.#96.Layers	12	3
definition_snapshot.SimulationFactory.ShapeIdRegistry.ShapeDefinitionCache.#97.Layers	12	3
definition_snapshot.SimulationFactory.ShapeIdRegistry.ShapeDefinitionCache.#98.Layers	12	3
definition_snapshot.SimulationFactory.ShapeIdRegistry.ShapeDefinitionCache.#99.Layers	12	3
definition_snapshot.SimulationFactory.ShapeIdRegistry.ShapeItemCache.#1019.Definition.Layers	12	3
definition_snapshot.SimulationFactory.ShapeIdRegistry.ShapeItemCache.#1076.Definition.Layers	12	3
simulation_parameters.SimulationFactory.ShapeIdRegistry.ShapeDefinitionCache.#100.Layers	12	3
simulation_parameters.SimulationFactory.ShapeIdRegistry.ShapeDefinitionCache.#101.Layers	12	3
simulation_parameters.SimulationFactory.ShapeIdRegistry.ShapeDefinitionCache.#102.Layers	12	3
simulation_parameters.SimulationFactory.ShapeIdRegistry.ShapeDefinitionCache.#103.Layers	12	3
simulation_parameters.SimulationFactory.ShapeIdRegistry.ShapeDefinitionCache.#104.Layers	12	3
simulation_parameters.SimulationFactory.ShapeIdRegistry.ShapeDefinitionCache.#105.Layers	12	3
simulation_parameters.SimulationFactory.ShapeIdRegistry.ShapeDefinitionCache.#110.Layers	12	3
simulation_parameters.SimulationFactory.ShapeIdRegistry.ShapeDefinitionCache.#111.Layers	12	3
simulation_parameters.SimulationFactory.ShapeIdRegistry.ShapeDefinitionCache.#112.Layers	12	3
simulation_parameters.SimulationFactory.ShapeIdRegistry.ShapeDefinitionCache.#113.Layers	12	3
simulation_parameters.SimulationFactory.ShapeIdRegistry.ShapeDefinitionCache.#114.Layers	12	3
simulation_parameters.SimulationFactory.ShapeIdRegistry.ShapeDefinitionCache.#21.Layers	12	3
simulation_parameters.SimulationFactory.ShapeIdRegistry.ShapeDefinitionCache.#22.Layers	12	3
simulation_parameters.SimulationFactory.ShapeIdRegistry.ShapeDefinitionCache.#50.Layers	12	3
simulation_parameters.SimulationFactory.ShapeIdRegistry.ShapeDefinitionCache.#51.Layers	12	3
simulation_parameters.SimulationFactory.ShapeIdRegistry.ShapeDefinitionCache.#52.Layers	12	3
simulation_parameters.SimulationFactory.ShapeIdRegistry.ShapeDefinitionCache.#53.Layers	12	3
simulation_parameters.SimulationFactory.ShapeIdRegistry.ShapeDefinitionCache.#66.Layers	12	3
simulation_parameters.SimulationFactory.ShapeIdRegistry.ShapeDefinitionCache.#67.Layers	12	3
simulation_parameters.SimulationFactory.ShapeIdRegistry.ShapeDefinitionCache.#68.Layers	12	3
simulation_parameters.SimulationFactory.ShapeIdRegistry.ShapeDefinitionCache.#69.Layers	12	3
simulation_parameters.SimulationFactory.ShapeIdRegistry.ShapeDefinitionCache.#70.Layers	12	3
simulation_parameters.SimulationFactory.ShapeIdRegistry.ShapeDefinitionCache.#96.Layers	12	3
simulation_parameters.SimulationFactory.ShapeIdRegistry.ShapeDefinitionCache.#97.Layers	12	3
simulation_parameters.SimulationFactory.ShapeIdRegistry.ShapeDefinitionCache.#98.Layers	12	3
simulation_parameters.SimulationFactory.ShapeIdRegistry.ShapeDefinitionCache.#99.Layers	12	3
definition_snapshot.SimulationFactory.ShapeRegistry.ShapeDefinitionCache.#100.Layers	10	3
definition_snapshot.SimulationFactory.ShapeRegistry.ShapeDefinitionCache.#101.Layers	10	3
definition_snapshot.SimulationFactory.ShapeRegistry.ShapeDefinitionCache.#102.Layers	10	3
definition_snapshot.SimulationFactory.ShapeRegistry.ShapeDefinitionCache.#103.Layers	10	3
definition_snapshot.SimulationFactory.ShapeRegistry.ShapeDefinitionCache.#104.Layers	10	3
definition_snapshot.SimulationFactory.ShapeRegistry.ShapeDefinitionCache.#105.Layers	10	3
definition_snapshot.SimulationFactory.ShapeRegistry.ShapeDefinitionCache.#110.Layers	10	3
definition_snapshot.SimulationFactory.ShapeRegistry.ShapeDefinitionCache.#111.Layers	10	3
definition_snapshot.SimulationFactory.ShapeRegistry.ShapeDefinitionCache.#112.Layers	10	3
definition_snapshot.SimulationFactory.ShapeRegistry.ShapeDefinitionCache.#113.Layers	10	3
definition_snapshot.SimulationFactory.ShapeRegistry.ShapeDefinitionCache.#114.Layers	10	3
definition_snapshot.SimulationFactory.ShapeRegistry.ShapeDefinitionCache.#21.Layers	10	3
definition_snapshot.SimulationFactory.ShapeRegistry.ShapeDefinitionCache.#22.Layers	10	3
definition_snapshot.SimulationFactory.ShapeRegistry.ShapeDefinitionCache.#50.Layers	10	3
definition_snapshot.SimulationFactory.ShapeRegistry.ShapeDefinitionCache.#51.Layers	10	3
definition_snapshot.SimulationFactory.ShapeRegistry.ShapeDefinitionCache.#52.Layers	10	3
definition_snapshot.SimulationFactory.ShapeRegistry.ShapeDefinitionCache.#53.Layers	10	3
definition_snapshot.SimulationFactory.ShapeRegistry.ShapeDefinitionCache.#66.Layers	10	3
definition_snapshot.SimulationFactory.ShapeRegistry.ShapeDefinitionCache.#67.Layers	10	3
definition_snapshot.SimulationFactory.ShapeRegistry.ShapeDefinitionCache.#68.Layers	10	3
definition_snapshot.SimulationFactory.ShapeRegistry.ShapeDefinitionCache.#69.Layers	10	3
definition_snapshot.SimulationFactory.ShapeRegistry.ShapeDefinitionCache.#70.Layers	10	3
definition_snapshot.SimulationFactory.ShapeRegistry.ShapeDefinitionCache.#96.Layers	10	3
definition_snapshot.SimulationFactory.ShapeRegistry.ShapeDefinitionCache.#97.Layers	10	3
definition_snapshot.SimulationFactory.ShapeRegistry.ShapeDefinitionCache.#98.Layers	10	3
definition_snapshot.SimulationFactory.ShapeRegistry.ShapeDefinitionCache.#99.Layers	10	3
definition_snapshot.SimulationFactory.ShapeRegistry.ShapeItemCache.#1019.Definition.Layers	10	3
definition_snapshot.SimulationFactory.ShapeRegistry.ShapeItemCache.#1076.Definition.Layers	10	3
simulation_parameters.SimulationFactory.ShapeRegistry.ShapeDefinitionCache.#100.Layers	10	3
simulation_parameters.SimulationFactory.ShapeRegistry.ShapeDefinitionCache.#101.Layers	10	3
simulation_parameters.SimulationFactory.ShapeRegistry.ShapeDefinitionCache.#102.Layers	10	3
simulation_parameters.SimulationFactory.ShapeRegistry.ShapeDefinitionCache.#103.Layers	10	3
simulation_parameters.SimulationFactory.ShapeRegistry.ShapeDefinitionCache.#104.Layers	10	3
simulation_parameters.SimulationFactory.ShapeRegistry.ShapeDefinitionCache.#105.Layers	10	3
simulation_parameters.SimulationFactory.ShapeRegistry.ShapeDefinitionCache.#110.Layers	10	3
simulation_parameters.SimulationFactory.ShapeRegistry.ShapeDefinitionCache.#111.Layers	10	3
simulation_parameters.SimulationFactory.ShapeRegistry.ShapeDefinitionCache.#112.Layers	10	3
simulation_parameters.SimulationFactory.ShapeRegistry.ShapeDefinitionCache.#113.Layers	10	3
simulation_parameters.SimulationFactory.ShapeRegistry.ShapeDefinitionCache.#114.Layers	10	3
simulation_parameters.SimulationFactory.ShapeRegistry.ShapeDefinitionCache.#21.Layers	10	3
simulation_parameters.SimulationFactory.ShapeRegistry.ShapeDefinitionCache.#22.Layers	10	3
simulation_parameters.SimulationFactory.ShapeRegistry.ShapeDefinitionCache.#50.Layers	10	3
simulation_parameters.SimulationFactory.ShapeRegistry.ShapeDefinitionCache.#51.Layers	10	3
simulation_parameters.SimulationFactory.ShapeRegistry.ShapeDefinitionCache.#52.Layers	10	3
simulation_parameters.SimulationFactory.ShapeRegistry.ShapeDefinitionCache.#53.Layers	10	3
simulation_parameters.SimulationFactory.ShapeRegistry.ShapeDefinitionCache.#66.Layers	10	3
simulation_parameters.SimulationFactory.ShapeRegistry.ShapeDefinitionCache.#67.Layers	10	3
simulation_parameters.SimulationFactory.ShapeRegistry.ShapeDefinitionCache.#68.Layers	10	3
simulation_parameters.SimulationFactory.ShapeRegistry.ShapeDefinitionCache.#69.Layers	10	3
simulation_parameters.SimulationFactory.ShapeRegistry.ShapeDefinitionCache.#70.Layers	10	3
simulation_parameters.SimulationFactory.ShapeRegistry.ShapeDefinitionCache.#96.Layers	10	3
simulation_parameters.SimulationFactory.ShapeRegistry.ShapeDefinitionCache.#97.Layers	10	3
simulation_parameters.SimulationFactory.ShapeRegistry.ShapeDefinitionCache.#98.Layers	10	3
simulation_parameters.SimulationFactory.ShapeRegistry.ShapeDefinitionCache.#99.Layers	10	3
definition_snapshot.Logger.Info.LogAction.Method.ReflectedTypeInternal.BaseType.CustomAttributes	8	3
definition_snapshot.ShapeRegistry.ShapeDefinitionCache.#100.Layers	4	3
definition_snapshot.ShapeRegistry.ShapeDefinitionCache.#101.Layers	4	3
definition_snapshot.ShapeRegistry.ShapeDefinitionCache.#102.Layers	4	3
definition_snapshot.ShapeRegistry.ShapeDefinitionCache.#103.Layers	4	3
definition_snapshot.ShapeRegistry.ShapeDefinitionCache.#104.Layers	4	3
definition_snapshot.ShapeRegistry.ShapeDefinitionCache.#105.Layers	4	3
definition_snapshot.ShapeRegistry.ShapeDefinitionCache.#110.Layers	4	3
definition_snapshot.ShapeRegistry.ShapeDefinitionCache.#111.Layers	4	3
definition_snapshot.ShapeRegistry.ShapeDefinitionCache.#112.Layers	4	3
definition_snapshot.ShapeRegistry.ShapeDefinitionCache.#113.Layers	4	3
definition_snapshot.ShapeRegistry.ShapeDefinitionCache.#114.Layers	4	3
definition_snapshot.ShapeRegistry.ShapeDefinitionCache.#21.Layers	4	3
definition_snapshot.ShapeRegistry.ShapeDefinitionCache.#22.Layers	4	3
definition_snapshot.ShapeRegistry.ShapeDefinitionCache.#50.Layers	4	3
definition_snapshot.ShapeRegistry.ShapeDefinitionCache.#51.Layers	4	3
definition_snapshot.ShapeRegistry.ShapeDefinitionCache.#52.Layers	4	3
definition_snapshot.ShapeRegistry.ShapeDefinitionCache.#53.Layers	4	3
definition_snapshot.ShapeRegistry.ShapeDefinitionCache.#66.Layers	4	3
definition_snapshot.ShapeRegistry.ShapeDefinitionCache.#67.Layers	4	3
definition_snapshot.ShapeRegistry.ShapeDefinitionCache.#68.Layers	4	3
definition_snapshot.ShapeRegistry.ShapeDefinitionCache.#69.Layers	4	3
definition_snapshot.ShapeRegistry.ShapeDefinitionCache.#70.Layers	4	3
definition_snapshot.ShapeRegistry.ShapeDefinitionCache.#96.Layers	4	3
definition_snapshot.ShapeRegistry.ShapeDefinitionCache.#97.Layers	4	3
definition_snapshot.ShapeRegistry.ShapeDefinitionCache.#98.Layers	4	3
definition_snapshot.ShapeRegistry.ShapeDefinitionCache.#99.Layers	4	3
definition_snapshot.ShapeRegistry.ShapeItemCache.#1019.Definition.Layers	4	3
definition_snapshot.ShapeRegistry.ShapeItemCache.#1076.Definition.Layers	4	3
definition_snapshot.SimulationFactory.CrystallizeOperation.ShapeRegistry.ShapeDefinitionCache.#100.Layers	4	3
definition_snapshot.SimulationFactory.CrystallizeOperation.ShapeRegistry.ShapeDefinitionCache.#101.Layers	4	3
definition_snapshot.SimulationFactory.CrystallizeOperation.ShapeRegistry.ShapeDefinitionCache.#102.Layers	4	3
definition_snapshot.SimulationFactory.CrystallizeOperation.ShapeRegistry.ShapeDefinitionCache.#103.Layers	4	3
definition_snapshot.SimulationFactory.CrystallizeOperation.ShapeRegistry.ShapeDefinitionCache.#104.Layers	4	3
definition_snapshot.SimulationFactory.CrystallizeOperation.ShapeRegistry.ShapeDefinitionCache.#105.Layers	4	3
definition_snapshot.SimulationFactory.CrystallizeOperation.ShapeRegistry.ShapeDefinitionCache.#110.Layers	4	3
definition_snapshot.SimulationFactory.CrystallizeOperation.ShapeRegistry.ShapeDefinitionCache.#111.Layers	4	3
definition_snapshot.SimulationFactory.CrystallizeOperation.ShapeRegistry.ShapeDefinitionCache.#112.Layers	4	3
definition_snapshot.SimulationFactory.CrystallizeOperation.ShapeRegistry.ShapeDefinitionCache.#113.Layers	4	3
definition_snapshot.SimulationFactory.CrystallizeOperation.ShapeRegistry.ShapeDefinitionCache.#114.Layers	4	3
definition_snapshot.SimulationFactory.CrystallizeOperation.ShapeRegistry.ShapeDefinitionCache.#21.Layers	4	3
definition_snapshot.SimulationFactory.CrystallizeOperation.ShapeRegistry.ShapeDefinitionCache.#22.Layers	4	3
definition_snapshot.SimulationFactory.CrystallizeOperation.ShapeRegistry.ShapeDefinitionCache.#50.Layers	4	3
definition_snapshot.SimulationFactory.CrystallizeOperation.ShapeRegistry.ShapeDefinitionCache.#51.Layers	4	3
definition_snapshot.SimulationFactory.CrystallizeOperation.ShapeRegistry.ShapeDefinitionCache.#52.Layers	4	3
definition_snapshot.SimulationFactory.CrystallizeOperation.ShapeRegistry.ShapeDefinitionCache.#53.Layers	4	3
definition_snapshot.SimulationFactory.CrystallizeOperation.ShapeRegistry.ShapeDefinitionCache.#66.Layers	4	3
definition_snapshot.SimulationFactory.CrystallizeOperation.ShapeRegistry.ShapeDefinitionCache.#67.Layers	4	3
definition_snapshot.SimulationFactory.CrystallizeOperation.ShapeRegistry.ShapeDefinitionCache.#68.Layers	4	3
definition_snapshot.SimulationFactory.CrystallizeOperation.ShapeRegistry.ShapeDefinitionCache.#69.Layers	4	3
definition_snapshot.SimulationFactory.CrystallizeOperation.ShapeRegistry.ShapeDefinitionCache.#70.Layers	4	3
definition_snapshot.SimulationFactory.CrystallizeOperation.ShapeRegistry.ShapeDefinitionCache.#96.Layers	4	3
definition_snapshot.SimulationFactory.CrystallizeOperation.ShapeRegistry.ShapeDefinitionCache.#97.Layers	4	3
definition_snapshot.SimulationFactory.CrystallizeOperation.ShapeRegistry.ShapeDefinitionCache.#98.Layers	4	3
definition_snapshot.SimulationFactory.CrystallizeOperation.ShapeRegistry.ShapeDefinitionCache.#99.Layers	4	3
definition_snapshot.SimulationFactory.CrystallizeOperation.ShapeRegistry.ShapeItemCache.#1019.Definition.Layers	4	3
definition_snapshot.SimulationFactory.CrystallizeOperation.ShapeRegistry.ShapeItemCache.#1076.Definition.Layers	4	3
definition_snapshot.SimulationFactory.FluidMixing.ColorScheme.<PrimaryColors>k__BackingField	4	3
definition_snapshot.SimulationFactory.FluidMixing.ColorScheme.<SecondaryColors>k__BackingField	4	3
definition_snapshot.SimulationFactory.FluidMixing.ColorScheme.<TertiaryColors>k__BackingField	4	3
definition_snapshot.SimulationFactory.FluidMixing.ColorScheme.PrimaryColors	4	3
definition_snapshot.SimulationFactory.FluidMixing.ColorScheme.SecondaryColors	4	3
definition_snapshot.SimulationFactory.FluidMixing.ColorScheme.TertiaryColors	4	3
definition_snapshot.SimulationFactory.PaintOperation.ShapeRegistry.ShapeDefinitionCache.#100.Layers	4	3
definition_snapshot.SimulationFactory.PaintOperation.ShapeRegistry.ShapeDefinitionCache.#101.Layers	4	3
definition_snapshot.SimulationFactory.PaintOperation.ShapeRegistry.ShapeDefinitionCache.#102.Layers	4	3
definition_snapshot.SimulationFactory.PaintOperation.ShapeRegistry.ShapeDefinitionCache.#103.Layers	4	3
definition_snapshot.SimulationFactory.PaintOperation.ShapeRegistry.ShapeDefinitionCache.#104.Layers	4	3
definition_snapshot.SimulationFactory.PaintOperation.ShapeRegistry.ShapeDefinitionCache.#105.Layers	4	3
definition_snapshot.SimulationFactory.PaintOperation.ShapeRegistry.ShapeDefinitionCache.#110.Layers	4	3
definition_snapshot.SimulationFactory.PaintOperation.ShapeRegistry.ShapeDefinitionCache.#111.Layers	4	3
definition_snapshot.SimulationFactory.PaintOperation.ShapeRegistry.ShapeDefinitionCache.#112.Layers	4	3
definition_snapshot.SimulationFactory.PaintOperation.ShapeRegistry.ShapeDefinitionCache.#113.Layers	4	3
definition_snapshot.SimulationFactory.PaintOperation.ShapeRegistry.ShapeDefinitionCache.#114.Layers	4	3
definition_snapshot.SimulationFactory.PaintOperation.ShapeRegistry.ShapeDefinitionCache.#21.Layers	4	3
definition_snapshot.SimulationFactory.PaintOperation.ShapeRegistry.ShapeDefinitionCache.#22.Layers	4	3
definition_snapshot.SimulationFactory.PaintOperation.ShapeRegistry.ShapeDefinitionCache.#50.Layers	4	3
definition_snapshot.SimulationFactory.PaintOperation.ShapeRegistry.ShapeDefinitionCache.#51.Layers	4	3
definition_snapshot.SimulationFactory.PaintOperation.ShapeRegistry.ShapeDefinitionCache.#52.Layers	4	3
definition_snapshot.SimulationFactory.PaintOperation.ShapeRegistry.ShapeDefinitionCache.#53.Layers	4	3
definition_snapshot.SimulationFactory.PaintOperation.ShapeRegistry.ShapeDefinitionCache.#66.Layers	4	3
definition_snapshot.SimulationFactory.PaintOperation.ShapeRegistry.ShapeDefinitionCache.#67.Layers	4	3
definition_snapshot.SimulationFactory.PaintOperation.ShapeRegistry.ShapeDefinitionCache.#68.Layers	4	3
definition_snapshot.SimulationFactory.PaintOperation.ShapeRegistry.ShapeDefinitionCache.#69.Layers	4	3
definition_snapshot.SimulationFactory.PaintOperation.ShapeRegistry.ShapeDefinitionCache.#70.Layers	4	3
definition_snapshot.SimulationFactory.PaintOperation.ShapeRegistry.ShapeDefinitionCache.#96.Layers	4	3
definition_snapshot.SimulationFactory.PaintOperation.ShapeRegistry.ShapeDefinitionCache.#97.Layers	4	3
definition_snapshot.SimulationFactory.PaintOperation.ShapeRegistry.ShapeDefinitionCache.#98.Layers	4	3
definition_snapshot.SimulationFactory.PaintOperation.ShapeRegistry.ShapeDefinitionCache.#99.Layers	4	3
definition_snapshot.SimulationFactory.PaintOperation.ShapeRegistry.ShapeItemCache.#1019.Definition.Layers	4	3
definition_snapshot.SimulationFactory.PaintOperation.ShapeRegistry.ShapeItemCache.#1076.Definition.Layers	4	3
simulation_parameters.ShapeRegistry.ShapeDefinitionCache.#100.Layers	4	3
simulation_parameters.ShapeRegistry.ShapeDefinitionCache.#101.Layers	4	3
simulation_parameters.ShapeRegistry.ShapeDefinitionCache.#102.Layers	4	3
simulation_parameters.ShapeRegistry.ShapeDefinitionCache.#103.Layers	4	3
simulation_parameters.ShapeRegistry.ShapeDefinitionCache.#104.Layers	4	3
simulation_parameters.ShapeRegistry.ShapeDefinitionCache.#105.Layers	4	3
simulation_parameters.ShapeRegistry.ShapeDefinitionCache.#110.Layers	4	3
simulation_parameters.ShapeRegistry.ShapeDefinitionCache.#111.Layers	4	3
simulation_parameters.ShapeRegistry.ShapeDefinitionCache.#112.Layers	4	3
simulation_parameters.ShapeRegistry.ShapeDefinitionCache.#113.Layers	4	3
simulation_parameters.ShapeRegistry.ShapeDefinitionCache.#114.Layers	4	3
simulation_parameters.ShapeRegistry.ShapeDefinitionCache.#21.Layers	4	3
simulation_parameters.ShapeRegistry.ShapeDefinitionCache.#22.Layers	4	3
simulation_parameters.ShapeRegistry.ShapeDefinitionCache.#50.Layers	4	3
simulation_parameters.ShapeRegistry.ShapeDefinitionCache.#51.Layers	4	3
simulation_parameters.ShapeRegistry.ShapeDefinitionCache.#52.Layers	4	3
simulation_parameters.ShapeRegistry.ShapeDefinitionCache.#53.Layers	4	3
simulation_parameters.ShapeRegistry.ShapeDefinitionCache.#66.Layers	4	3
simulation_parameters.ShapeRegistry.ShapeDefinitionCache.#67.Layers	4	3
simulation_parameters.ShapeRegistry.ShapeDefinitionCache.#68.Layers	4	3
simulation_parameters.ShapeRegistry.ShapeDefinitionCache.#69.Layers	4	3
simulation_parameters.ShapeRegistry.ShapeDefinitionCache.#70.Layers	4	3
simulation_parameters.ShapeRegistry.ShapeDefinitionCache.#96.Layers	4	3
simulation_parameters.ShapeRegistry.ShapeDefinitionCache.#97.Layers	4	3
simulation_parameters.ShapeRegistry.ShapeDefinitionCache.#98.Layers	4	3
simulation_parameters.ShapeRegistry.ShapeDefinitionCache.#99.Layers	4	3
simulation_parameters.ShapeRegistry.ShapeItemCache.#1019.Definition.Layers	4	3
simulation_parameters.ShapeRegistry.ShapeItemCache.#1076.Definition.Layers	4	3
simulation_parameters.SimulationFactory.FluidMixing.ColorScheme.<PrimaryColors>k__BackingField	4	3
simulation_parameters.SimulationFactory.FluidMixing.ColorScheme.<SecondaryColors>k__BackingField	4	3
simulation_parameters.SimulationFactory.FluidMixing.ColorScheme.<TertiaryColors>k__BackingField	4	3
simulation_parameters.SimulationFactory.FluidMixing.ColorScheme.PrimaryColors	4	3
simulation_parameters.SimulationFactory.FluidMixing.ColorScheme.SecondaryColors	4	3
simulation_parameters.SimulationFactory.FluidMixing.ColorScheme.TertiaryColors	4	3
definition_snapshot.CargoExchanger.ShapeCargoLoaderUnloader.LoaderFactory.ShapeRegistry.ShapeDefinitionCache.#100.Layers	2	3
definition_snapshot.CargoExchanger.ShapeCargoLoaderUnloader.LoaderFactory.ShapeRegistry.ShapeDefinitionCache.#101.Layers	2	3
definition_snapshot.CargoExchanger.ShapeCargoLoaderUnloader.LoaderFactory.ShapeRegistry.ShapeDefinitionCache.#102.Layers	2	3
definition_snapshot.CargoExchanger.ShapeCargoLoaderUnloader.LoaderFactory.ShapeRegistry.ShapeDefinitionCache.#103.Layers	2	3
definition_snapshot.CargoExchanger.ShapeCargoLoaderUnloader.LoaderFactory.ShapeRegistry.ShapeDefinitionCache.#104.Layers	2	3
definition_snapshot.CargoExchanger.ShapeCargoLoaderUnloader.LoaderFactory.ShapeRegistry.ShapeDefinitionCache.#105.Layers	2	3
definition_snapshot.CargoExchanger.ShapeCargoLoaderUnloader.LoaderFactory.ShapeRegistry.ShapeDefinitionCache.#110.Layers	2	3
definition_snapshot.CargoExchanger.ShapeCargoLoaderUnloader.LoaderFactory.ShapeRegistry.ShapeDefinitionCache.#111.Layers	2	3
definition_snapshot.CargoExchanger.ShapeCargoLoaderUnloader.LoaderFactory.ShapeRegistry.ShapeDefinitionCache.#112.Layers	2	3
definition_snapshot.CargoExchanger.ShapeCargoLoaderUnloader.LoaderFactory.ShapeRegistry.ShapeDefinitionCache.#113.Layers	2	3
definition_snapshot.CargoExchanger.ShapeCargoLoaderUnloader.LoaderFactory.ShapeRegistry.ShapeDefinitionCache.#114.Layers	2	3
definition_snapshot.CargoExchanger.ShapeCargoLoaderUnloader.LoaderFactory.ShapeRegistry.ShapeDefinitionCache.#21.Layers	2	3
definition_snapshot.CargoExchanger.ShapeCargoLoaderUnloader.LoaderFactory.ShapeRegistry.ShapeDefinitionCache.#22.Layers	2	3
definition_snapshot.CargoExchanger.ShapeCargoLoaderUnloader.LoaderFactory.ShapeRegistry.ShapeDefinitionCache.#50.Layers	2	3
definition_snapshot.CargoExchanger.ShapeCargoLoaderUnloader.LoaderFactory.ShapeRegistry.ShapeDefinitionCache.#51.Layers	2	3
definition_snapshot.CargoExchanger.ShapeCargoLoaderUnloader.LoaderFactory.ShapeRegistry.ShapeDefinitionCache.#52.Layers	2	3
definition_snapshot.CargoExchanger.ShapeCargoLoaderUnloader.LoaderFactory.ShapeRegistry.ShapeDefinitionCache.#53.Layers	2	3
definition_snapshot.CargoExchanger.ShapeCargoLoaderUnloader.LoaderFactory.ShapeRegistry.ShapeDefinitionCache.#66.Layers	2	3
definition_snapshot.CargoExchanger.ShapeCargoLoaderUnloader.LoaderFactory.ShapeRegistry.ShapeDefinitionCache.#67.Layers	2	3
definition_snapshot.CargoExchanger.ShapeCargoLoaderUnloader.LoaderFactory.ShapeRegistry.ShapeDefinitionCache.#68.Layers	2	3
definition_snapshot.CargoExchanger.ShapeCargoLoaderUnloader.LoaderFactory.ShapeRegistry.ShapeDefinitionCache.#69.Layers	2	3
definition_snapshot.CargoExchanger.ShapeCargoLoaderUnloader.LoaderFactory.ShapeRegistry.ShapeDefinitionCache.#70.Layers	2	3
definition_snapshot.CargoExchanger.ShapeCargoLoaderUnloader.LoaderFactory.ShapeRegistry.ShapeDefinitionCache.#96.Layers	2	3
definition_snapshot.CargoExchanger.ShapeCargoLoaderUnloader.LoaderFactory.ShapeRegistry.ShapeDefinitionCache.#97.Layers	2	3
definition_snapshot.CargoExchanger.ShapeCargoLoaderUnloader.LoaderFactory.ShapeRegistry.ShapeDefinitionCache.#98.Layers	2	3
definition_snapshot.CargoExchanger.ShapeCargoLoaderUnloader.LoaderFactory.ShapeRegistry.ShapeDefinitionCache.#99.Layers	2	3
definition_snapshot.ConnectableSimulations[].Buildings	2	3
definition_snapshot.ConnectableSimulations[].Simulation.DemandComparison.Method.ReflectedTypeInternal.ImplementedInterfaces	2	3
definition_snapshot.ConnectableSimulations[].Simulation.DemandComparison.Method.ReturnType.DeclaredFields	2	3
definition_snapshot.FluidTrainSpacers	2	3
definition_snapshot.IShapeCollectorSystem.OnShapesCollected.Listeners[].Method.ReflectedTypeInternal.BaseType.CustomAttributes	2	3
definition_snapshot.OnSimulationCreated.Listeners[].Method.Module.Assembly.Evidence	2	3
definition_snapshot.OnSimulationCreated.Listeners[].Method.Module.Assembly._evidence	2	3
definition_snapshot.OnSimulationCreated.Listeners[].Method.ReflectedTypeInternal.BaseType.CustomAttributes	2	3
definition_snapshot.OnSimulationCreated.Listeners[].Method.ReflectedTypeInternal.DeclaredNestedTypes	2	3
definition_snapshot.OnSimulationCreated.Listeners[].Target.ChunkBasedSystems[].FluidTrainSpacers	2	3
definition_snapshot.OnSimulationCreated.Listeners[].Target.ChunkBasedSystems[].ShapeTrainSpacers	2	3
definition_snapshot.OnSimulationCreated.Listeners[].Target.GenericBuildingObserverSystems	2	3
definition_snapshot.OnSimulationCreated.Listeners[].Target.GenericIslandTenantSystems	2	3
definition_snapshot.OnSimulationCreated.Listeners[].Target.SimulationGraph.ClustersByChunk.GlobalChunkCoordinate(-1, 1, 0)	2	3
definition_snapshot.OnSimulationCreated.Listeners[].Target.SpecializedBuildingTenantSystemsByType.BeltPortSenderInternalVariant	2	3
definition_snapshot.ShapeTrainSpacers	2	3
definition_snapshot.SimulationFactory.Operation.CutOperation.ShapeRegistry.ShapeDefinitionCache.#100.Layers	2	3
definition_snapshot.SimulationFactory.Operation.CutOperation.ShapeRegistry.ShapeDefinitionCache.#101.Layers	2	3
definition_snapshot.SimulationFactory.Operation.CutOperation.ShapeRegistry.ShapeDefinitionCache.#102.Layers	2	3
definition_snapshot.SimulationFactory.Operation.CutOperation.ShapeRegistry.ShapeDefinitionCache.#103.Layers	2	3
definition_snapshot.SimulationFactory.Operation.CutOperation.ShapeRegistry.ShapeDefinitionCache.#104.Layers	2	3
definition_snapshot.SimulationFactory.Operation.CutOperation.ShapeRegistry.ShapeDefinitionCache.#105.Layers	2	3
definition_snapshot.SimulationFactory.Operation.CutOperation.ShapeRegistry.ShapeDefinitionCache.#110.Layers	2	3
definition_snapshot.SimulationFactory.Operation.CutOperation.ShapeRegistry.ShapeDefinitionCache.#111.Layers	2	3
definition_snapshot.SimulationFactory.Operation.CutOperation.ShapeRegistry.ShapeDefinitionCache.#112.Layers	2	3
definition_snapshot.SimulationFactory.Operation.CutOperation.ShapeRegistry.ShapeDefinitionCache.#113.Layers	2	3
definition_snapshot.SimulationFactory.Operation.CutOperation.ShapeRegistry.ShapeDefinitionCache.#114.Layers	2	3
definition_snapshot.SimulationFactory.Operation.CutOperation.ShapeRegistry.ShapeDefinitionCache.#21.Layers	2	3
definition_snapshot.SimulationFactory.Operation.CutOperation.ShapeRegistry.ShapeDefinitionCache.#22.Layers	2	3
definition_snapshot.SimulationFactory.Operation.CutOperation.ShapeRegistry.ShapeDefinitionCache.#50.Layers	2	3
definition_snapshot.SimulationFactory.Operation.CutOperation.ShapeRegistry.ShapeDefinitionCache.#51.Layers	2	3
definition_snapshot.SimulationFactory.Operation.CutOperation.ShapeRegistry.ShapeDefinitionCache.#52.Layers	2	3
definition_snapshot.SimulationFactory.Operation.CutOperation.ShapeRegistry.ShapeDefinitionCache.#53.Layers	2	3
definition_snapshot.SimulationFactory.Operation.CutOperation.ShapeRegistry.ShapeDefinitionCache.#66.Layers	2	3
definition_snapshot.SimulationFactory.Operation.CutOperation.ShapeRegistry.ShapeDefinitionCache.#67.Layers	2	3
definition_snapshot.SimulationFactory.Operation.CutOperation.ShapeRegistry.ShapeDefinitionCache.#68.Layers	2	3
definition_snapshot.SimulationFactory.Operation.CutOperation.ShapeRegistry.ShapeDefinitionCache.#69.Layers	2	3
definition_snapshot.SimulationFactory.Operation.CutOperation.ShapeRegistry.ShapeDefinitionCache.#70.Layers	2	3
definition_snapshot.SimulationFactory.Operation.CutOperation.ShapeRegistry.ShapeDefinitionCache.#96.Layers	2	3
definition_snapshot.SimulationFactory.Operation.CutOperation.ShapeRegistry.ShapeDefinitionCache.#97.Layers	2	3
definition_snapshot.SimulationFactory.Operation.CutOperation.ShapeRegistry.ShapeDefinitionCache.#98.Layers	2	3
definition_snapshot.SimulationFactory.Operation.CutOperation.ShapeRegistry.ShapeDefinitionCache.#99.Layers	2	3
simulation_parameters.ConnectableSimulations[].Buildings	2	3
simulation_parameters.FluidTrainSpacers	2	3
simulation_parameters.OnSimulationCreated.Listeners[].Target.GenericBuildingObserverSystems	2	3
simulation_parameters.OnSimulationCreated.Listeners[].Target.GenericIslandTenantSystems	2	3
simulation_parameters.OnSimulationCreated.Listeners[].Target.SpecializedBuildingTenantSystemsByType.BeltPortSenderInternalVariant	2	3
simulation_parameters.ShapeTrainSpacers	2	3
definition_snapshot.Interlock.ResearchUnlockManager.Mode.Buildings.All[].<PlacementRequirements>k__BackingField	2412	2
definition_snapshot.Interlock.ResearchUnlockManager.Mode.Buildings.All[].PlacementRequirements	2412	2
definition_snapshot.Interlock.ResearchUnlockManager.UnlockProgressManager.Progression.Levels[].<Lines>k__BackingField	468	2
definition_snapshot.Interlock.ResearchUnlockManager.UnlockProgressManager.Progression.Levels[].Lines	468	2
definition_snapshot.ISimulationSystem.OnSimulationCreated.Listeners[].Target.GenericIslandObserverSystems	48	2
definition_snapshot.ISimulationSystem.OnSimulationCreated.Listeners[].Target.Layout.OnBuildingAdded.Listeners	48	2
definition_snapshot.ISimulationSystem.OnSimulationCreated.Listeners[].Target.Layout.OnBuildingRemoved.Listeners	48	2
definition_snapshot.ISimulationSystem.OnSimulationCreated.Listeners[].Target.Layout.OnBunchEditFinished.Listeners	48	2
definition_snapshot.ISimulationSystem.OnSimulationCreated.Listeners[].Target.Layout.OnBunchEditStarted.Listeners	48	2
definition_snapshot.ISimulationSystem.OnSimulationCreated.Listeners[].Target.SpecializedBuildingTenantSystemsByType.BeltPortReceiverInternalVariant	48	2
definition_snapshot.ISimulationSystem.OnSimulationCreated.Listeners[].Target.SpecializedBuildingTenantSystemsByType.FluidPortReceiverInternalVariant	48	2
definition_snapshot.ISimulationSystem.OnSimulationCreated.Listeners[].Target.SpecializedBuildingTenantSystemsByType.FluidPortSenderInternalVariant	48	2
simulation_parameters.ISimulationSystem.OnSimulationCreated.Listeners[].Target.GenericIslandObserverSystems	48	2
simulation_parameters.ISimulationSystem.OnSimulationCreated.Listeners[].Target.SpecializedBuildingTenantSystemsByType.BeltPortReceiverInternalVariant	48	2
simulation_parameters.ISimulationSystem.OnSimulationCreated.Listeners[].Target.SpecializedBuildingTenantSystemsByType.FluidPortReceiverInternalVariant	48	2
simulation_parameters.ISimulationSystem.OnSimulationCreated.Listeners[].Target.SpecializedBuildingTenantSystemsByType.FluidPortSenderInternalVariant	48	2
definition_snapshot.ISimulationSystem.OnSimulationCreated.Listeners[].Target.ChunkBasedSystems[].FluidLoadersLookup	46	2
definition_snapshot.ISimulationSystem.OnSimulationCreated.Listeners[].Target.ChunkBasedSystems[].FluidTrainExchangerDefinitionIds	46	2
definition_snapshot.ISimulationSystem.OnSimulationCreated.Listeners[].Target.ChunkBasedSystems[].FluidUnloadersLookup	46	2
definition_snapshot.ISimulationSystem.OnSimulationCreated.Listeners[].Target.ChunkBasedSystems[].ShapeLoadersLookup	46	2
definition_snapshot.ISimulationSystem.OnSimulationCreated.Listeners[].Target.ChunkBasedSystems[].ShapeTransferDefinitionIds	46	2
definition_snapshot.ISimulationSystem.OnSimulationCreated.Listeners[].Target.ChunkBasedSystems[].ShapeUnloadersLookup	46	2
definition_snapshot.IShapeCollectorSystem.OnShapesCollected.Listeners[].Method.ReflectedTypeInternal.DeclaredFields	44	2
definition_snapshot.IShapeCollectorSystem.OnShapesCollected.Listeners[].Method.ReflectedTypeInternal.ReflectedType.ImplementedInterfaces	44	2
definition_snapshot.IRocketProducerSystem.OnRocketProduced.Listeners	36	2
definition_snapshot.IRocketProducerSystem.OnRocketProduced.Listeners[].Target.SimulationType.BaseType.DeclaredMembers	36	2
definition_snapshot.Interlock.ResearchUnlockManager.Mode.Buildings.BeltPortReceiver.ConnectorData.<AllBuildingConnectors>k__BackingField	36	2
definition_snapshot.Interlock.ResearchUnlockManager.Mode.Buildings.BeltPortReceiver.ConnectorData.AllBuildingConnectors	36	2
definition_snapshot.Interlock.ResearchUnlockManager.Mode.Buildings.BeltPortReceiver.ConnectorData.IEntityConnectorData<Game.Core.Coordinates.LocalTilePivot,Game.Core.Coordinates.TileVector,TileDirection>.AllConnectors	36	2
definition_snapshot.Interlock.ResearchUnlockManager.Mode.Buildings.BeltPortSender.ConnectorData.<AllBuildingConnectors>k__BackingField	36	2
definition_snapshot.Interlock.ResearchUnlockManager.Mode.Buildings.BeltPortSender.ConnectorData.AllBuildingConnectors	36	2
definition_snapshot.Interlock.ResearchUnlockManager.Mode.Buildings.BeltPortSender.ConnectorData.IEntityConnectorData<Game.Core.Coordinates.LocalTilePivot,Game.Core.Coordinates.TileVector,TileDirection>.AllConnectors	36	2
definition_snapshot.Interlock.ResearchUnlockManager.Mode.Buildings.ForwardBelt.ConnectorData.<AllBuildingConnectors>k__BackingField	36	2
definition_snapshot.Interlock.ResearchUnlockManager.Mode.Buildings.ForwardBelt.ConnectorData.AllBuildingConnectors	36	2
definition_snapshot.Interlock.ResearchUnlockManager.Mode.Buildings.ForwardBelt.ConnectorData.IEntityConnectorData<Game.Core.Coordinates.LocalTilePivot,Game.Core.Coordinates.TileVector,TileDirection>.AllConnectors	36	2
definition_snapshot.Interlock.ResearchUnlockManager.Mode.Buildings.PipeForward.ConnectorData.<AllBuildingConnectors>k__BackingField	36	2
definition_snapshot.Interlock.ResearchUnlockManager.Mode.Buildings.PipeForward.ConnectorData.AllBuildingConnectors	36	2
definition_snapshot.Interlock.ResearchUnlockManager.Mode.Buildings.PipeForward.ConnectorData.IEntityConnectorData<Game.Core.Coordinates.LocalTilePivot,Game.Core.Coordinates.TileVector,TileDirection>.AllConnectors	36	2
definition_snapshot.Interlock.ResearchUnlockManager.Mode.Buildings.PipeForward.ConnectorData.LegacyBuildingIOMap.BuildingFluidJunction	36	2
definition_snapshot.Interlock.ResearchUnlockManager.Mode.Buildings.StackerBuildingIds	36	2
definition_snapshot.Interlock.ResearchUnlockManager.Mode.Buildings.WireForward.ConnectorData.<AllBuildingConnectors>k__BackingField	36	2
definition_snapshot.Interlock.ResearchUnlockManager.Mode.Buildings.WireForward.ConnectorData.AllBuildingConnectors	36	2
definition_snapshot.Interlock.ResearchUnlockManager.Mode.Buildings.WireForward.ConnectorData.IEntityConnectorData<Game.Core.Coordinates.LocalTilePivot,Game.Core.Coordinates.TileVector,TileDirection>.AllConnectors	36	2
definition_snapshot.Interlock.ResearchUnlockManager.Mode.Buildings.WireForward.ConnectorData.LegacyBuildingIOMap.BuildingSignalIO	36	2
definition_snapshot.Interlock.ResearchUnlockManager.Mode.Buildings.WireForward.ConnectorData.LegacyBuildingIOMap.BuildingSignalJunction	36	2
definition_snapshot.Interlock.ResearchUnlockManager.Mode.Islands.FluidTrainTransferStations	36	2
definition_snapshot.Interlock.ResearchUnlockManager.Mode.Islands.ResearchStations	36	2
definition_snapshot.Interlock.ResearchUnlockManager.Mode.Islands.ShapeTrainTransferStations	36	2
definition_snapshot.Interlock.ResearchUnlockManager.Mode.Islands.Trains.Exchange.FluidLoaders	36	2
definition_snapshot.Interlock.ResearchUnlockManager.Mode.Islands.Trains.Exchange.FluidUnloaders	36	2
definition_snapshot.Interlock.ResearchUnlockManager.Mode.Islands.Trains.Exchange.ShapeLoaders	36	2
definition_snapshot.Interlock.ResearchUnlockManager.Mode.Islands.Trains.Exchange.ShapeUnloaders	36	2
definition_snapshot.Interlock.ResearchUnlockManager.Mode.Islands.Trains.Navigation.Loops	36	2
definition_snapshot.Interlock.ResearchUnlockManager.Mode.Mechanics.BuildingLayerUnlocks	36	2
definition_snapshot.Interlock.ResearchUnlockManager.Mode.Mechanics.IslandLayerUnlocks	36	2
definition_snapshot.Interlock.ResearchUnlockManager.Mode.Mechanics.IslandLayersUnlockOrder	36	2
definition_snapshot.Interlock.ResearchUnlockManager.Mode.Scenario.ConvertersConfig.<RocketGroups>k__BackingField	36	2
definition_snapshot.Interlock.ResearchUnlockManager.Mode.Scenario.ConvertersConfig.RocketGroups	36	2
definition_snapshot.Interlock.ResearchUnlockManager.Mode.ShapesConfiguration.<MapGenerationCommonParts>k__BackingField	36	2
definition_snapshot.Interlock.ResearchUnlockManager.Mode.ShapesConfiguration.MapGenerationCommonParts	36	2
definition_snapshot.Interlock.ResearchUnlockManager.Mode.WikiDatabase.Entries.WKBelts_Intro.<Entries>k__BackingField	36	2
definition_snapshot.Interlock.ResearchUnlockManager.Mode.WikiDatabase.Entries.WKBelts_Intro.Entries	36	2
definition_snapshot.Interlock.ResearchUnlockManager.Mode.WikiDatabase.Entries.WKBelts_Lifts.<Entries>k__BackingField	36	2
definition_snapshot.Interlock.ResearchUnlockManager.Mode.WikiDatabase.Entries.WKBelts_Lifts.Entries	36	2
definition_snapshot.Interlock.ResearchUnlockManager.Mode.WikiDatabase.Entries.WKBelts_Merging.<Entries>k__BackingField	36	2
definition_snapshot.Interlock.ResearchUnlockManager.Mode.WikiDatabase.Entries.WKBelts_Merging.<RelatedEntries>k__BackingField	36	2
definition_snapshot.Interlock.ResearchUnlockManager.Mode.WikiDatabase.Entries.WKBelts_Merging.Entries	36	2
definition_snapshot.Interlock.ResearchUnlockManager.Mode.WikiDatabase.Entries.WKBelts_Merging.RelatedEntries	36	2
definition_snapshot.Interlock.ResearchUnlockManager.Mode.WikiDatabase.Entries.WKBelts_Placement.<Entries>k__BackingField	36	2
definition_snapshot.Interlock.ResearchUnlockManager.Mode.WikiDatabase.Entries.WKBelts_Placement.<RelatedEntries>k__BackingField	36	2
definition_snapshot.Interlock.ResearchUnlockManager.Mode.WikiDatabase.Entries.WKBelts_Placement.Entries	36	2
definition_snapshot.Interlock.ResearchUnlockManager.Mode.WikiDatabase.Entries.WKBelts_Placement.RelatedEntries	36	2
definition_snapshot.Interlock.ResearchUnlockManager.Mode.WikiDatabase.Entries.WKBelts_Splitting.<Entries>k__BackingField	36	2
definition_snapshot.Interlock.ResearchUnlockManager.Mode.WikiDatabase.Entries.WKBelts_Splitting.<RelatedEntries>k__BackingField	36	2
definition_snapshot.Interlock.ResearchUnlockManager.Mode.WikiDatabase.Entries.WKBelts_Splitting.Entries	36	2
definition_snapshot.Interlock.ResearchUnlockManager.Mode.WikiDatabase.Entries.WKBelts_Splitting.RelatedEntries	36	2
definition_snapshot.Interlock.ResearchUnlockManager.Mode.WikiDatabase.Entries.WKBlueprints_Flipping.<Entries>k__BackingField	36	2
definition_snapshot.Interlock.ResearchUnlockManager.Mode.WikiDatabase.Entries.WKBlueprints_Flipping.Entries	36	2
definition_snapshot.Interlock.ResearchUnlockManager.Mode.WikiDatabase.Entries.WKBlueprints_Folders.<Entries>k__BackingField	36	2
definition_snapshot.Interlock.ResearchUnlockManager.Mode.WikiDatabase.Entries.WKBlueprints_Folders.Entries	36	2
definition_snapshot.Interlock.ResearchUnlockManager.Mode.WikiDatabase.Entries.WKBlueprints_Library.<Entries>k__BackingField	36	2
definition_snapshot.Interlock.ResearchUnlockManager.Mode.WikiDatabase.Entries.WKBlueprints_Library.Entries	36	2
definition_snapshot.Interlock.ResearchUnlockManager.Mode.WikiDatabase.Entries.WKBlueprints_Sharing.<Entries>k__BackingField	36	2
definition_snapshot.Interlock.ResearchUnlockManager.Mode.WikiDatabase.Entries.WKBlueprints_Sharing.Entries	36	2
definition_snapshot.Interlock.ResearchUnlockManager.Mode.WikiDatabase.Entries.WKBlueprints_Toolbar.<Entries>k__BackingField	36	2
definition_snapshot.Interlock.ResearchUnlockManager.Mode.WikiDatabase.Entries.WKBlueprints_Toolbar.Entries	36	2
definition_snapshot.Interlock.ResearchUnlockManager.Mode.WikiDatabase.Entries.WKCameraNavigation_CameraSnapping.<Entries>k__BackingField	36	2
definition_snapshot.Interlock.ResearchUnlockManager.Mode.WikiDatabase.Entries.WKCameraNavigation_CameraSnapping.Entries	36	2
definition_snapshot.Interlock.ResearchUnlockManager.Mode.WikiDatabase.Entries.WKCameraNavigation_JumpToHub.<Entries>k__BackingField	36	2
definition_snapshot.Interlock.ResearchUnlockManager.Mode.WikiDatabase.Entries.WKCameraNavigation_JumpToHub.<RelatedEntries>k__BackingField	36	2
definition_snapshot.Interlock.ResearchUnlockManager.Mode.WikiDatabase.Entries.WKCameraNavigation_JumpToHub.Entries	36	2
definition_snapshot.Interlock.ResearchUnlockManager.Mode.WikiDatabase.Entries.WKCameraNavigation_JumpToHub.RelatedEntries	36	2
definition_snapshot.Interlock.ResearchUnlockManager.Mode.WikiDatabase.Entries.WKCameraNavigation_MapMarkers.<RelatedEntries>k__BackingField	36	2
definition_snapshot.Interlock.ResearchUnlockManager.Mode.WikiDatabase.Entries.WKCameraNavigation_MapMarkers.RelatedEntries	36	2
definition_snapshot.Interlock.ResearchUnlockManager.Mode.WikiDatabase.Entries.WKCameraNavigation_Rotation.<Entries>k__BackingField	36	2
definition_snapshot.Interlock.ResearchUnlockManager.Mode.WikiDatabase.Entries.WKCameraNavigation_Rotation.Entries	36	2
definition_snapshot.Interlock.ResearchUnlockManager.Mode.WikiDatabase.Entries.WKCameraNavigation_SwitchingFloors.<Entries>k__BackingField	36	2
definition_snapshot.Interlock.ResearchUnlockManager.Mode.WikiDatabase.Entries.WKCameraNavigation_SwitchingFloors.Entries	36	2
definition_snapshot.Interlock.ResearchUnlockManager.Mode.WikiDatabase.Entries.WKCameraNavigation_Visualizations.<Entries>k__BackingField	36	2
definition_snapshot.Interlock.ResearchUnlockManager.Mode.WikiDatabase.Entries.WKCameraNavigation_Visualizations.<RelatedEntries>k__BackingField	36	2
definition_snapshot.Interlock.ResearchUnlockManager.Mode.WikiDatabase.Entries.WKCameraNavigation_Visualizations.Entries	36	2
definition_snapshot.Interlock.ResearchUnlockManager.Mode.WikiDatabase.Entries.WKCameraNavigation_Visualizations.RelatedEntries	36	2
definition_snapshot.Interlock.ResearchUnlockManager.Mode.WikiDatabase.Entries.WKCameraNavigation_Zoom.<Entries>k__BackingField	36	2
definition_snapshot.Interlock.ResearchUnlockManager.Mode.WikiDatabase.Entries.WKCameraNavigation_Zoom.<RelatedEntries>k__BackingField	36	2
definition_snapshot.Interlock.ResearchUnlockManager.Mode.WikiDatabase.Entries.WKCameraNavigation_Zoom.Entries	36	2
definition_snapshot.Interlock.ResearchUnlockManager.Mode.WikiDatabase.Entries.WKCameraNavigation_Zoom.RelatedEntries	36	2
definition_snapshot.Interlock.ResearchUnlockManager.Mode.WikiDatabase.Entries.WKClassicHardWelcome.<Entries>k__BackingField	36	2
definition_snapshot.Interlock.ResearchUnlockManager.Mode.WikiDatabase.Entries.WKClassicHardWelcome.Entries	36	2
definition_snapshot.Interlock.ResearchUnlockManager.Mode.WikiDatabase.Entries.WKClassicInsaneWelcome.<Entries>k__BackingField	36	2
definition_snapshot.Interlock.ResearchUnlockManager.Mode.WikiDatabase.Entries.WKClassicInsaneWelcome.Entries	36	2
definition_snapshot.Interlock.ResearchUnlockManager.Mode.WikiDatabase.Entries.WKClassicRegularWelcome.<Entries>k__BackingField	36	2
definition_snapshot.Interlock.ResearchUnlockManager.Mode.WikiDatabase.Entries.WKClassicRegularWelcome.Entries	36	2
definition_snapshot.Interlock.ResearchUnlockManager.Mode.WikiDatabase.Entries.WKFluids_ColorMode.<RelatedEntries>k__BackingField	36	2
definition_snapshot.Interlock.ResearchUnlockManager.Mode.WikiDatabase.Entries.WKFluids_ColorMode.RelatedEntries	36	2
definition_snapshot.Interlock.ResearchUnlockManager.Mode.WikiDatabase.Entries.WKFluids_CrystalGenerator.<Entries>k__BackingField	36	2
definition_snapshot.Interlock.ResearchUnlockManager.Mode.WikiDatabase.Entries.WKFluids_CrystalGenerator.Entries	36	2
definition_snapshot.Interlock.ResearchUnlockManager.Mode.WikiDatabase.Entries.WKFluids_FluidLaunchers.<Entries>k__BackingField	36	2
definition_snapshot.Interlock.ResearchUnlockManager.Mode.WikiDatabase.Entries.WKFluids_FluidLaunchers.<RelatedEntries>k__BackingField	36	2
definition_snapshot.Interlock.ResearchUnlockManager.Mode.WikiDatabase.Entries.WKFluids_FluidLaunchers.Entries	36	2
definition_snapshot.Interlock.ResearchUnlockManager.Mode.WikiDatabase.Entries.WKFluids_FluidLaunchers.RelatedEntries	36	2
definition_snapshot.Interlock.ResearchUnlockManager.Mode.WikiDatabase.Entries.WKFluids_FluidMiners.<Entries>k__BackingField	36	2
definition_snapshot.Interlock.ResearchUnlockManager.Mode.WikiDatabase.Entries.WKFluids_FluidMiners.Entries	36	2
definition_snapshot.Interlock.ResearchUnlockManager.Mode.WikiDatabase.Entries.WKFluids_FluidTank.<Entries>k__BackingField	36	2
definition_snapshot.Interlock.ResearchUnlockManager.Mode.WikiDatabase.Entries.WKFluids_FluidTank.<RelatedEntries>k__BackingField	36	2
definition_snapshot.Interlock.ResearchUnlockManager.Mode.WikiDatabase.Entries.WKFluids_FluidTank.Entries	36	2
definition_snapshot.Interlock.ResearchUnlockManager.Mode.WikiDatabase.Entries.WKFluids_FluidTank.RelatedEntries	36	2
definition_snapshot.Interlock.ResearchUnlockManager.Mode.WikiDatabase.Entries.WKFluids_Intro.<Entries>k__BackingField	36	2
definition_snapshot.Interlock.ResearchUnlockManager.Mode.WikiDatabase.Entries.WKFluids_Intro.<RelatedEntries>k__BackingField	36	2
definition_snapshot.Interlock.ResearchUnlockManager.Mode.WikiDatabase.Entries.WKFluids_Intro.Entries	36	2
definition_snapshot.Interlock.ResearchUnlockManager.Mode.WikiDatabase.Entries.WKFluids_Intro.RelatedEntries	36	2
definition_snapshot.Interlock.ResearchUnlockManager.Mode.WikiDatabase.Entries.WKFluids_Mixing.<Entries>k__BackingField	36	2
definition_snapshot.Interlock.ResearchUnlockManager.Mode.WikiDatabase.Entries.WKFluids_Mixing.Entries	36	2
definition_snapshot.Interlock.ResearchUnlockManager.Mode.WikiDatabase.Entries.WKFluids_Pipes.<RelatedEntries>k__BackingField	36	2
definition_snapshot.Interlock.ResearchUnlockManager.Mode.WikiDatabase.Entries.WKFluids_Pipes.RelatedEntries	36	2
definition_snapshot.Interlock.ResearchUnlockManager.Mode.WikiDatabase.Entries.WKIslands_ModularBuilds.<RelatedEntries>k__BackingField	36	2
definition_snapshot.Interlock.ResearchUnlockManager.Mode.WikiDatabase.Entries.WKIslands_ModularBuilds.RelatedEntries	36	2
definition_snapshot.Interlock.ResearchUnlockManager.Mode.WikiDatabase.Entries.WKIslands_PlatformLimit.<Entries>k__BackingField	36	2
definition_snapshot.Interlock.ResearchUnlockManager.Mode.WikiDatabase.Entries.WKIslands_PlatformLimit.Entries	36	2
definition_snapshot.Interlock.ResearchUnlockManager.Mode.WikiDatabase.Entries.WKIslands_ShapeMiners.<Entries>k__BackingField	36	2
definition_snapshot.Interlock.ResearchUnlockManager.Mode.WikiDatabase.Entries.WKIslands_ShapeMiners.Entries	36	2
definition_snapshot.Interlock.ResearchUnlockManager.Mode.WikiDatabase.Entries.WKIslands_SpaceBeltLifts.<Entries>k__BackingField	36	2
definition_snapshot.Interlock.ResearchUnlockManager.Mode.WikiDatabase.Entries.WKIslands_SpaceBeltLifts.<RelatedEntries>k__BackingField	36	2
definition_snapshot.Interlock.ResearchUnlockManager.Mode.WikiDatabase.Entries.WKIslands_SpaceBeltLifts.Entries	36	2
definition_snapshot.Interlock.ResearchUnlockManager.Mode.WikiDatabase.Entries.WKIslands_SpaceBeltLifts.RelatedEntries	36	2
definition_snapshot.Interlock.ResearchUnlockManager.Mode.WikiDatabase.Entries.WKIslands_SpaceMode.<Entries>k__BackingField	36	2
definition_snapshot.Interlock.ResearchUnlockManager.Mode.WikiDatabase.Entries.WKIslands_SpaceMode.Entries	36	2
definition_snapshot.Interlock.ResearchUnlockManager.Mode.WikiDatabase.Entries.WKIslands_SpacePlatforms.<Entries>k__BackingField	36	2
definition_snapshot.Interlock.ResearchUnlockManager.Mode.WikiDatabase.Entries.WKIslands_SpacePlatforms.Entries	36	2
definition_snapshot.Interlock.ResearchUnlockManager.Mode.WikiDatabase.Entries.WKMisc_Challenges.<Entries>k__BackingField	36	2
definition_snapshot.Interlock.ResearchUnlockManager.Mode.WikiDatabase.Entries.WKMisc_Challenges.<RelatedEntries>k__BackingField	36	2
definition_snapshot.Interlock.ResearchUnlockManager.Mode.WikiDatabase.Entries.WKMisc_Challenges.Entries	36	2
definition_snapshot.Interlock.ResearchUnlockManager.Mode.WikiDatabase.Entries.WKMisc_Challenges.RelatedEntries	36	2
definition_snapshot.Interlock.ResearchUnlockManager.Mode.WikiDatabase.Entries.WKMisc_GameModes.<RelatedEntries>k__BackingField	36	2
definition_snapshot.Interlock.ResearchUnlockManager.Mode.WikiDatabase.Entries.WKMisc_GameModes.RelatedEntries	36	2
definition_snapshot.Interlock.ResearchUnlockManager.Mode.WikiDatabase.Entries.WKPlacement_AreaDeletion.<Entries>k__BackingField	36	2
definition_snapshot.Interlock.ResearchUnlockManager.Mode.WikiDatabase.Entries.WKPlacement_AreaDeletion.Entries	36	2
definition_snapshot.Interlock.ResearchUnlockManager.Mode.WikiDatabase.Entries.WKPlacement_AreaSelection.<Entries>k__BackingField	36	2
definition_snapshot.Interlock.ResearchUnlockManager.Mode.WikiDatabase.Entries.WKPlacement_AreaSelection.Entries	36	2
definition_snapshot.Interlock.ResearchUnlockManager.Mode.WikiDatabase.Entries.WKPlacement_Deletion.<RelatedEntries>k__BackingField	36	2
definition_snapshot.Interlock.ResearchUnlockManager.Mode.WikiDatabase.Entries.WKPlacement_Deletion.RelatedEntries	36	2
definition_snapshot.Interlock.ResearchUnlockManager.Mode.WikiDatabase.Entries.WKPlacement_FilterSelection.<Entries>k__BackingField	36	2
definition_snapshot.Interlock.ResearchUnlockManager.Mode.WikiDatabase.Entries.WKPlacement_FilterSelection.Entries	36	2
definition_snapshot.Interlock.ResearchUnlockManager.Mode.WikiDatabase.Entries.WKPlacement_FloorVisibility.<Entries>k__BackingField	36	2
definition_snapshot.Interlock.ResearchUnlockManager.Mode.WikiDatabase.Entries.WKPlacement_FloorVisibility.<RelatedEntries>k__BackingField	36	2
definition_snapshot.Interlock.ResearchUnlockManager.Mode.WikiDatabase.Entries.WKPlacement_FloorVisibility.Entries	36	2
definition_snapshot.Interlock.ResearchUnlockManager.Mode.WikiDatabase.Entries.WKPlacement_FloorVisibility.RelatedEntries	36	2
definition_snapshot.Interlock.ResearchUnlockManager.Mode.WikiDatabase.Entries.WKPlacement_SwitchingVariants.<Entries>k__BackingField	36	2
definition_snapshot.Interlock.ResearchUnlockManager.Mode.WikiDatabase.Entries.WKPlacement_SwitchingVariants.<RelatedEntries>k__BackingField	36	2
definition_snapshot.Interlock.ResearchUnlockManager.Mode.WikiDatabase.Entries.WKPlacement_SwitchingVariants.Entries	36	2
definition_snapshot.Interlock.ResearchUnlockManager.Mode.WikiDatabase.Entries.WKPlacement_SwitchingVariants.RelatedEntries	36	2
definition_snapshot.Interlock.ResearchUnlockManager.Mode.WikiDatabase.Entries.WKPlacement_Toolbar.<Entries>k__BackingField	36	2
definition_snapshot.Interlock.ResearchUnlockManager.Mode.WikiDatabase.Entries.WKPlacement_Toolbar.Entries	36	2
definition_snapshot.Interlock.ResearchUnlockManager.Mode.WikiDatabase.Entries.WKPlacement_UndoRedo.<RelatedEntries>k__BackingField	36	2
definition_snapshot.Interlock.ResearchUnlockManager.Mode.WikiDatabase.Entries.WKPlacement_UndoRedo.RelatedEntries	36	2
definition_snapshot.Interlock.ResearchUnlockManager.Mode.WikiDatabase.Entries.WKProcessing_BuildingMode.<RelatedEntries>k__BackingField	36	2
definition_snapshot.Interlock.ResearchUnlockManager.Mode.WikiDatabase.Entries.WKProcessing_BuildingMode.RelatedEntries	36	2
definition_snapshot.Interlock.ResearchUnlockManager.Mode.WikiDatabase.Entries.WKProcessing_Extractor.<RelatedEntries>k__BackingField	36	2
definition_snapshot.Interlock.ResearchUnlockManager.Mode.WikiDatabase.Entries.WKProcessing_Extractor.RelatedEntries	36	2
definition_snapshot.Interlock.ResearchUnlockManager.Mode.WikiDatabase.Entries.WKProcessing_HalfDestroyer.<Entries>k__BackingField	36	2
definition_snapshot.Interlock.ResearchUnlockManager.Mode.WikiDatabase.Entries.WKProcessing_HalfDestroyer.Entries	36	2
definition_snapshot.Interlock.ResearchUnlockManager.Mode.WikiDatabase.Entries.WKProcessing_Intro.<RelatedEntries>k__BackingField	36	2
definition_snapshot.Interlock.ResearchUnlockManager.Mode.WikiDatabase.Entries.WKProcessing_Intro.RelatedEntries	36	2
definition_snapshot.Interlock.ResearchUnlockManager.Mode.WikiDatabase.Entries.WKProcessing_PinPusher.<Entries>k__BackingField	36	2
definition_snapshot.Interlock.ResearchUnlockManager.Mode.WikiDatabase.Entries.WKProcessing_PinPusher.<RelatedEntries>k__BackingField	36	2
definition_snapshot.Interlock.ResearchUnlockManager.Mode.WikiDatabase.Entries.WKProcessing_PinPusher.Entries	36	2
definition_snapshot.Interlock.ResearchUnlockManager.Mode.WikiDatabase.Entries.WKProcessing_PinPusher.RelatedEntries	36	2
definition_snapshot.Interlock.ResearchUnlockManager.Mode.WikiDatabase.Entries.WKProcessing_Stacker.<Entries>k__BackingField	36	2
definition_snapshot.Interlock.ResearchUnlockManager.Mode.WikiDatabase.Entries.WKProcessing_Stacker.<RelatedEntries>k__BackingField	36	2
definition_snapshot.Interlock.ResearchUnlockManager.Mode.WikiDatabase.Entries.WKProcessing_Stacker.Entries	36	2
definition_snapshot.Interlock.ResearchUnlockManager.Mode.WikiDatabase.Entries.WKProcessing_Stacker.RelatedEntries	36	2
definition_snapshot.Interlock.ResearchUnlockManager.Mode.WikiDatabase.Entries.WKShapes_CreatingQuarters.<Entries>k__BackingField	36	2
definition_snapshot.Interlock.ResearchUnlockManager.Mode.WikiDatabase.Entries.WKShapes_CreatingQuarters.Entries	36	2
definition_snapshot.Interlock.ResearchUnlockManager.Mode.WikiDatabase.Entries.WKShapes_Pins.<RelatedEntries>k__BackingField	36	2
definition_snapshot.Interlock.ResearchUnlockManager.Mode.WikiDatabase.Entries.WKShapes_Pins.RelatedEntries	36	2
definition_snapshot.Interlock.ResearchUnlockManager.Mode.WikiDatabase.Entries.WKShapes_Predictions.<RelatedEntries>k__BackingField	36	2
definition_snapshot.Interlock.ResearchUnlockManager.Mode.WikiDatabase.Entries.WKShapes_Predictions.RelatedEntries	36	2
definition_snapshot.Interlock.ResearchUnlockManager.Mode.WikiDatabase.Entries.WKShapes_ShapeLayerLimit.<Entries>k__BackingField	36	2
definition_snapshot.Interlock.ResearchUnlockManager.Mode.WikiDatabase.Entries.WKShapes_ShapeLayerLimit.Entries	36	2
definition_snapshot.Interlock.ResearchUnlockManager.Mode.WikiDatabase.Entries.WKShapes_ShapeViewer.<Entries>k__BackingField	36	2
definition_snapshot.Interlock.ResearchUnlockManager.Mode.WikiDatabase.Entries.WKShapes_ShapeViewer.Entries	36	2
definition_snapshot.Interlock.ResearchUnlockManager.Mode.WikiDatabase.Entries.WKShapes_Shapes.<RelatedEntries>k__BackingField	36	2
definition_snapshot.Interlock.ResearchUnlockManager.Mode.WikiDatabase.Entries.WKShapes_Shapes.RelatedEntries	36	2
definition_snapshot.Interlock.ResearchUnlockManager.Mode.WikiDatabase.Entries.WKTrains_FluidTransport.<RelatedEntries>k__BackingField	36	2
definition_snapshot.Interlock.ResearchUnlockManager.Mode.WikiDatabase.Entries.WKTrains_FluidTransport.RelatedEntries	36	2
definition_snapshot.Interlock.ResearchUnlockManager.Mode.WikiDatabase.Entries.WKTrains_Locomotives.<RelatedEntries>k__BackingField	36	2
definition_snapshot.Interlock.ResearchUnlockManager.Mode.WikiDatabase.Entries.WKTrains_Locomotives.RelatedEntries	36	2
definition_snapshot.Interlock.ResearchUnlockManager.Mode.WikiDatabase.Entries.WKTrains_Rails.<RelatedEntries>k__BackingField	36	2
definition_snapshot.Interlock.ResearchUnlockManager.Mode.WikiDatabase.Entries.WKTrains_Rails.RelatedEntries	36	2
definition_snapshot.Interlock.ResearchUnlockManager.Mode.WikiDatabase.Entries.WKTrains_ShapeTransport.<RelatedEntries>k__BackingField	36	2
definition_snapshot.Interlock.ResearchUnlockManager.Mode.WikiDatabase.Entries.WKTrains_ShapeTransport.RelatedEntries	36	2
definition_snapshot.Interlock.ResearchUnlockManager.Mode.WikiDatabase.Entries.WKTrains_TrainRoutes.<RelatedEntries>k__BackingField	36	2
definition_snapshot.Interlock.ResearchUnlockManager.Mode.WikiDatabase.Entries.WKTrains_TrainRoutes.RelatedEntries	36	2
definition_snapshot.Interlock.ResearchUnlockManager.Mode.WikiDatabase.Entries.WKTrains_TrainStops.<RelatedEntries>k__BackingField	36	2
definition_snapshot.Interlock.ResearchUnlockManager.Mode.WikiDatabase.Entries.WKTrains_TrainStops.RelatedEntries	36	2
definition_snapshot.Interlock.ResearchUnlockManager.Mode.WikiDatabase.Entries.WKTutorialWelcome.<Entries>k__BackingField	36	2
definition_snapshot.Interlock.ResearchUnlockManager.Mode.WikiDatabase.Entries.WKTutorialWelcome.Entries	36	2
definition_snapshot.Interlock.ResearchUnlockManager.Mode.WikiDatabase.Entries.WKVortexLTD_Anomaly221.<Entries>k__BackingField	36	2
definition_snapshot.Interlock.ResearchUnlockManager.Mode.WikiDatabase.Entries.WKVortexLTD_Anomaly221.Entries	36	2
definition_snapshot.Interlock.ResearchUnlockManager.Mode.WikiDatabase.Entries.WKVortexLTD_BoardMinutes.<Entries>k__BackingField	36	2
definition_snapshot.Interlock.ResearchUnlockManager.Mode.WikiDatabase.Entries.WKVortexLTD_BoardMinutes.Entries	36	2
definition_snapshot.Interlock.ResearchUnlockManager.Mode.WikiDatabase.Entries.WKVortexLTD_CompletionNotice.<Entries>k__BackingField	36	2
definition_snapshot.Interlock.ResearchUnlockManager.Mode.WikiDatabase.Entries.WKVortexLTD_CompletionNotice.Entries	36	2
definition_snapshot.Interlock.ResearchUnlockManager.Mode.WikiDatabase.Entries.WKVortexLTD_CrystalBrief.<Entries>k__BackingField	36	2
definition_snapshot.Interlock.ResearchUnlockManager.Mode.WikiDatabase.Entries.WKVortexLTD_CrystalBrief.Entries	36	2
definition_snapshot.Interlock.ResearchUnlockManager.Mode.WikiDatabase.Entries.WKVortexLTD_Handbook.<Entries>k__BackingField	36	2
definition_snapshot.Interlock.ResearchUnlockManager.Mode.WikiDatabase.Entries.WKVortexLTD_Handbook.Entries	36	2
definition_snapshot.Interlock.ResearchUnlockManager.Mode.WikiDatabase.Entries.WKVortexLTD_NinthColor.<Entries>k__BackingField	36	2
definition_snapshot.Interlock.ResearchUnlockManager.Mode.WikiDatabase.Entries.WKVortexLTD_NinthColor.Entries	36	2
definition_snapshot.Interlock.ResearchUnlockManager.Mode.WikiDatabase.Entries.WKVortexLTD_Pigment.<Entries>k__BackingField	36	2
definition_snapshot.Interlock.ResearchUnlockManager.Mode.WikiDatabase.Entries.WKVortexLTD_Pigment.Entries	36	2
definition_snapshot.Interlock.ResearchUnlockManager.Mode.WikiDatabase.Entries.WKVortexLTD_RailIncident.<Entries>k__BackingField	36	2
definition_snapshot.Interlock.ResearchUnlockManager.Mode.WikiDatabase.Entries.WKVortexLTD_RailIncident.Entries	36	2
definition_snapshot.Interlock.ResearchUnlockManager.Mode.WikiDatabase.Entries.WKVortexLTD_Singularity.<Entries>k__BackingField	36	2
definition_snapshot.Interlock.ResearchUnlockManager.Mode.WikiDatabase.Entries.WKVortexLTD_Singularity.Entries	36	2
definition_snapshot.Interlock.ResearchUnlockManager.Mode.WikiDatabase.Entries.WKVortexLTD_Stilts.<Entries>k__BackingField	36	2
definition_snapshot.Interlock.ResearchUnlockManager.Mode.WikiDatabase.Entries.WKVortexLTD_Stilts.Entries	36	2
definition_snapshot.Interlock.ResearchUnlockManager.Mode.WikiDatabase.Entries.WKVortexLTD_VasquezLog.<Entries>k__BackingField	36	2
definition_snapshot.Interlock.ResearchUnlockManager.Mode.WikiDatabase.Entries.WKVortexLTD_VasquezLog.Entries	36	2
definition_snapshot.Interlock.ResearchUnlockManager.Mode.WikiDatabase.Entries.WKVortexLTD_VerticalClearance.<Entries>k__BackingField	36	2
definition_snapshot.Interlock.ResearchUnlockManager.Mode.WikiDatabase.Entries.WKVortexLTD_VerticalClearance.Entries	36	2
definition_snapshot.Interlock.ResearchUnlockManager.Mode.WikiDatabase.Entries.WKWires_BeltReader.<RelatedEntries>k__BackingField	36	2
definition_snapshot.Interlock.ResearchUnlockManager.Mode.WikiDatabase.Entries.WKWires_BeltReader.RelatedEntries	36	2
definition_snapshot.Interlock.ResearchUnlockManager.Mode.WikiDatabase.Entries.WKWires_GlobalTransmission.<RelatedEntries>k__BackingField	36	2
definition_snapshot.Interlock.ResearchUnlockManager.Mode.WikiDatabase.Entries.WKWires_GlobalTransmission.RelatedEntries	36	2
definition_snapshot.Interlock.ResearchUnlockManager.Mode.WikiDatabase.Entries.WKWires_LogicGates.<RelatedEntries>k__BackingField	36	2
definition_snapshot.Interlock.ResearchUnlockManager.Mode.WikiDatabase.Entries.WKWires_LogicGates.RelatedEntries	36	2
definition_snapshot.Interlock.ResearchUnlockManager.Mode.WikiDatabase.Entries.WKWires_ShapeAnalyzer.<RelatedEntries>k__BackingField	36	2
definition_snapshot.Interlock.ResearchUnlockManager.Mode.WikiDatabase.Entries.WKWires_ShapeAnalyzer.RelatedEntries	36	2
definition_snapshot.Interlock.ResearchUnlockManager.Mode.WikiDatabase.Entries.WKWires_Truthiness.<RelatedEntries>k__BackingField	36	2
definition_snapshot.Interlock.ResearchUnlockManager.Mode.WikiDatabase.Entries.WKWires_Truthiness.RelatedEntries	36	2
definition_snapshot.Interlock.ResearchUnlockManager.Mode.WikiDatabase.Entries.WKWires_WireCrossings.<Entries>k__BackingField	36	2
definition_snapshot.Interlock.ResearchUnlockManager.Mode.WikiDatabase.Entries.WKWires_WireCrossings.Entries	36	2
definition_snapshot.Interlock.ResearchUnlockManager.Mode.WikiDatabase.Entries.WKWires_WireTransmission.<Entries>k__BackingField	36	2
definition_snapshot.Interlock.ResearchUnlockManager.Mode.WikiDatabase.Entries.WKWires_WireTransmission.<RelatedEntries>k__BackingField	36	2
definition_snapshot.Interlock.ResearchUnlockManager.Mode.WikiDatabase.Entries.WKWires_WireTransmission.Entries	36	2
definition_snapshot.Interlock.ResearchUnlockManager.Mode.WikiDatabase.Entries.WKWires_WireTransmission.RelatedEntries	36	2
definition_snapshot.Interlock.ResearchUnlockManager.Mode.WikiDatabase.Entries.WKWires_WiresSignals.<RelatedEntries>k__BackingField	36	2
definition_snapshot.Interlock.ResearchUnlockManager.Mode.WikiDatabase.Entries.WKWires_WiresSignals.RelatedEntries	36	2
definition_snapshot.Interlock.ResearchUnlockManager.Mode.WikiDatabase._KnowledgePanelEntries.WKClassicVortex_ShapeRotation.<RelatedEntries>k__BackingField	36	2
definition_snapshot.Interlock.ResearchUnlockManager.Mode.WikiDatabase._KnowledgePanelEntries.WKClassicVortex_ShapeRotation.RelatedEntries	36	2
definition_snapshot.Interlock.ResearchUnlockManager.Mode.WikiDatabase._KnowledgePanelEntries.WKClassicVortex_Vortex.<RelatedEntries>k__BackingField	36	2
definition_snapshot.Interlock.ResearchUnlockManager.Mode.WikiDatabase._KnowledgePanelEntries.WKClassicVortex_Vortex.RelatedEntries	36	2
definition_snapshot.Interlock.ResearchUnlockManager.Mode.WikiDatabase._KnowledgePanelEntries.WKResearch_Milestones.<Entries>k__BackingField	36	2
definition_snapshot.Interlock.ResearchUnlockManager.Mode.WikiDatabase._KnowledgePanelEntries.WKResearch_Milestones.<RelatedEntries>k__BackingField	36	2
definition_snapshot.Interlock.ResearchUnlockManager.Mode.WikiDatabase._KnowledgePanelEntries.WKResearch_Milestones.Entries	36	2
definition_snapshot.Interlock.ResearchUnlockManager.Mode.WikiDatabase._KnowledgePanelEntries.WKResearch_Milestones.RelatedEntries	36	2
definition_snapshot.Interlock.ResearchUnlockManager.Mode.WikiDatabase._KnowledgePanelEntries.WKTrains_VortexDelivery.<RelatedEntries>k__BackingField	36	2
definition_snapshot.Interlock.ResearchUnlockManager.Mode.WikiDatabase._KnowledgePanelEntries.WKTrains_VortexDelivery.RelatedEntries	36	2
definition_snapshot.SimulationFactory.Operation.ShapeRegistry.ShapeDefinitionCache.#106.Layers	28	2
definition_snapshot.SimulationFactory.Operation.ShapeRegistry.ShapeDefinitionCache.#107.Layers	28	2
definition_snapshot.SimulationFactory.Operation.ShapeRegistry.ShapeDefinitionCache.#108.Layers	28	2
definition_snapshot.SimulationFactory.Operation.ShapeRegistry.ShapeDefinitionCache.#109.Layers	28	2
definition_snapshot.SimulationFactory.Operation.ShapeRegistry.ShapeDefinitionCache.#11.Layers	28	2
definition_snapshot.SimulationFactory.Operation.ShapeRegistry.ShapeDefinitionCache.#119.Layers	28	2
definition_snapshot.SimulationFactory.Operation.ShapeRegistry.ShapeDefinitionCache.#12.Layers	28	2
definition_snapshot.SimulationFactory.Operation.ShapeRegistry.ShapeDefinitionCache.#120.Layers	28	2
definition_snapshot.SimulationFactory.Operation.ShapeRegistry.ShapeDefinitionCache.#121.Layers	28	2
definition_snapshot.SimulationFactory.Operation.ShapeRegistry.ShapeDefinitionCache.#122.Layers	28	2
definition_snapshot.SimulationFactory.Operation.ShapeRegistry.ShapeDefinitionCache.#123.Layers	28	2
definition_snapshot.SimulationFactory.Operation.ShapeRegistry.ShapeDefinitionCache.#128.Layers	28	2
definition_snapshot.SimulationFactory.Operation.ShapeRegistry.ShapeDefinitionCache.#17.Layers	28	2
definition_snapshot.SimulationFactory.Operation.ShapeRegistry.ShapeDefinitionCache.#18.Layers	28	2
definition_snapshot.SimulationFactory.Operation.ShapeRegistry.ShapeDefinitionCache.#19.Layers	28	2
definition_snapshot.SimulationFactory.Operation.ShapeRegistry.ShapeDefinitionCache.#20.Layers	28	2
definition_snapshot.SimulationFactory.Operation.ShapeRegistry.ShapeDefinitionCache.#3.Layers	28	2
definition_snapshot.SimulationFactory.Operation.ShapeRegistry.ShapeDefinitionCache.#31.Layers	28	2
definition_snapshot.SimulationFactory.Operation.ShapeRegistry.ShapeDefinitionCache.#32.Layers	28	2
definition_snapshot.SimulationFactory.Operation.ShapeRegistry.ShapeDefinitionCache.#33.Layers	28	2
definition_snapshot.SimulationFactory.Operation.ShapeRegistry.ShapeDefinitionCache.#34.Layers	28	2
definition_snapshot.SimulationFactory.Operation.ShapeRegistry.ShapeDefinitionCache.#4.Layers	28	2
definition_snapshot.SimulationFactory.Operation.ShapeRegistry.ShapeDefinitionCache.#40.Layers	28	2
definition_snapshot.SimulationFactory.Operation.ShapeRegistry.ShapeDefinitionCache.#41.Layers	28	2
definition_snapshot.SimulationFactory.Operation.ShapeRegistry.ShapeDefinitionCache.#42.Layers	28	2
definition_snapshot.SimulationFactory.Operation.ShapeRegistry.ShapeDefinitionCache.#43.Layers	28	2
definition_snapshot.SimulationFactory.Operation.ShapeRegistry.ShapeDefinitionCache.#44.Layers	28	2
definition_snapshot.SimulationFactory.Operation.ShapeRegistry.ShapeDefinitionCache.#45.Layers	28	2
definition_snapshot.SimulationFactory.Operation.ShapeRegistry.ShapeDefinitionCache.#46.Layers	28	2
definition_snapshot.SimulationFactory.Operation.ShapeRegistry.ShapeDefinitionCache.#47.Layers	28	2
definition_snapshot.SimulationFactory.Operation.ShapeRegistry.ShapeDefinitionCache.#48.Layers	28	2
definition_snapshot.SimulationFactory.Operation.ShapeRegistry.ShapeDefinitionCache.#49.Layers	28	2
definition_snapshot.SimulationFactory.Operation.ShapeRegistry.ShapeDefinitionCache.#5.Layers	28	2
definition_snapshot.SimulationFactory.Operation.ShapeRegistry.ShapeDefinitionCache.#6.Layers	28	2
definition_snapshot.SimulationFactory.Operation.ShapeRegistry.ShapeDefinitionCache.#7.Layers	28	2
definition_snapshot.SimulationFactory.Operation.ShapeRegistry.ShapeDefinitionCache.#76.Layers	28	2
definition_snapshot.SimulationFactory.Operation.ShapeRegistry.ShapeDefinitionCache.#77.Layers	28	2
definition_snapshot.SimulationFactory.Operation.ShapeRegistry.ShapeDefinitionCache.#78.Layers	28	2
definition_snapshot.SimulationFactory.Operation.ShapeRegistry.ShapeDefinitionCache.#79.Layers	28	2
definition_snapshot.SimulationFactory.Operation.ShapeRegistry.ShapeDefinitionCache.#8.Layers	28	2
definition_snapshot.SimulationFactory.Operation.ShapeRegistry.ShapeDefinitionCache.#80.Layers	28	2
definition_snapshot.SimulationFactory.Operation.ShapeRegistry.ShapeDefinitionCache.#81.Layers	28	2
definition_snapshot.SimulationFactory.Operation.ShapeRegistry.ShapeItemCache.#1016.Definition.Layers	28	2
definition_snapshot.SimulationFactory.Operation.ShapeRegistry.ShapeItemCache.#1017.Definition.Layers	28	2
definition_snapshot.SimulationFactory.Operation.ShapeRegistry.ShapeItemCache.#1020.Definition.Layers	28	2
definition_snapshot.SimulationFactory.Operation.ShapeRegistry.ShapeItemCache.#1021.Definition.Layers	28	2
definition_snapshot.SimulationFactory.Operation.ShapeRegistry.ShapeItemCache.#1023.Definition.Layers	28	2
definition_snapshot.SimulationFactory.Operation.ShapeRegistry.ShapeItemCache.#1027.Definition.Layers	28	2
definition_snapshot.SimulationFactory.Operation.ShapeRegistry.ShapeItemCache.#1037.Definition.Layers	28	2
definition_snapshot.ConnectableSimulations[].Junctions[].Pivots	18	2
definition_snapshot.ConnectableSimulations[].Simulation.ProviderConductors	18	2
definition_snapshot.ConnectableSimulations[].Simulation.ReceiverConductors	18	2
simulation_parameters.ConnectableSimulations[].Junctions[].Pivots	18	2
simulation_parameters.ConnectableSimulations[].Simulation.ProviderConductors	18	2
simulation_parameters.ConnectableSimulations[].Simulation.ReceiverConductors	18	2
definition_snapshot.TrainIslands.Production._Producers[].Layout.ChunkInformation	14	2
definition_snapshot.TrainIslands.Production._Producers[].Layout.ChunkPositions	14	2
definition_snapshot.SimulationFactory.ShapeIdRegistry.ShapeDefinitionCache.#106.Layers	12	2
definition_snapshot.SimulationFactory.ShapeIdRegistry.ShapeDefinitionCache.#107.Layers	12	2
definition_snapshot.SimulationFactory.ShapeIdRegistry.ShapeDefinitionCache.#108.Layers	12	2
definition_snapshot.SimulationFactory.ShapeIdRegistry.ShapeDefinitionCache.#109.Layers	12	2
definition_snapshot.SimulationFactory.ShapeIdRegistry.ShapeDefinitionCache.#11.Layers	12	2
definition_snapshot.SimulationFactory.ShapeIdRegistry.ShapeDefinitionCache.#119.Layers	12	2
definition_snapshot.SimulationFactory.ShapeIdRegistry.ShapeDefinitionCache.#12.Layers	12	2
definition_snapshot.SimulationFactory.ShapeIdRegistry.ShapeDefinitionCache.#120.Layers	12	2
definition_snapshot.SimulationFactory.ShapeIdRegistry.ShapeDefinitionCache.#121.Layers	12	2
definition_snapshot.SimulationFactory.ShapeIdRegistry.ShapeDefinitionCache.#122.Layers	12	2
definition_snapshot.SimulationFactory.ShapeIdRegistry.ShapeDefinitionCache.#123.Layers	12	2
definition_snapshot.SimulationFactory.ShapeIdRegistry.ShapeDefinitionCache.#128.Layers	12	2
definition_snapshot.SimulationFactory.ShapeIdRegistry.ShapeDefinitionCache.#17.Layers	12	2
definition_snapshot.SimulationFactory.ShapeIdRegistry.ShapeDefinitionCache.#18.Layers	12	2
definition_snapshot.SimulationFactory.ShapeIdRegistry.ShapeDefinitionCache.#19.Layers	12	2
definition_snapshot.SimulationFactory.ShapeIdRegistry.ShapeDefinitionCache.#20.Layers	12	2
definition_snapshot.SimulationFactory.ShapeIdRegistry.ShapeDefinitionCache.#3.Layers	12	2
definition_snapshot.SimulationFactory.ShapeIdRegistry.ShapeDefinitionCache.#31.Layers	12	2
definition_snapshot.SimulationFactory.ShapeIdRegistry.ShapeDefinitionCache.#32.Layers	12	2
definition_snapshot.SimulationFactory.ShapeIdRegistry.ShapeDefinitionCache.#33.Layers	12	2
definition_snapshot.SimulationFactory.ShapeIdRegistry.ShapeDefinitionCache.#34.Layers	12	2
definition_snapshot.SimulationFactory.ShapeIdRegistry.ShapeDefinitionCache.#4.Layers	12	2
definition_snapshot.SimulationFactory.ShapeIdRegistry.ShapeDefinitionCache.#40.Layers	12	2
definition_snapshot.SimulationFactory.ShapeIdRegistry.ShapeDefinitionCache.#41.Layers	12	2
definition_snapshot.SimulationFactory.ShapeIdRegistry.ShapeDefinitionCache.#42.Layers	12	2
definition_snapshot.SimulationFactory.ShapeIdRegistry.ShapeDefinitionCache.#43.Layers	12	2
definition_snapshot.SimulationFactory.ShapeIdRegistry.ShapeDefinitionCache.#44.Layers	12	2
definition_snapshot.SimulationFactory.ShapeIdRegistry.ShapeDefinitionCache.#45.Layers	12	2
definition_snapshot.SimulationFactory.ShapeIdRegistry.ShapeDefinitionCache.#46.Layers	12	2
definition_snapshot.SimulationFactory.ShapeIdRegistry.ShapeDefinitionCache.#47.Layers	12	2
definition_snapshot.SimulationFactory.ShapeIdRegistry.ShapeDefinitionCache.#48.Layers	12	2
definition_snapshot.SimulationFactory.ShapeIdRegistry.ShapeDefinitionCache.#49.Layers	12	2
definition_snapshot.SimulationFactory.ShapeIdRegistry.ShapeDefinitionCache.#5.Layers	12	2
definition_snapshot.SimulationFactory.ShapeIdRegistry.ShapeDefinitionCache.#6.Layers	12	2
definition_snapshot.SimulationFactory.ShapeIdRegistry.ShapeDefinitionCache.#7.Layers	12	2
definition_snapshot.SimulationFactory.ShapeIdRegistry.ShapeDefinitionCache.#76.Layers	12	2
definition_snapshot.SimulationFactory.ShapeIdRegistry.ShapeDefinitionCache.#77.Layers	12	2
definition_snapshot.SimulationFactory.ShapeIdRegistry.ShapeDefinitionCache.#78.Layers	12	2
definition_snapshot.SimulationFactory.ShapeIdRegistry.ShapeDefinitionCache.#79.Layers	12	2
definition_snapshot.SimulationFactory.ShapeIdRegistry.ShapeDefinitionCache.#8.Layers	12	2
definition_snapshot.SimulationFactory.ShapeIdRegistry.ShapeDefinitionCache.#80.Layers	12	2
definition_snapshot.SimulationFactory.ShapeIdRegistry.ShapeDefinitionCache.#81.Layers	12	2
definition_snapshot.SimulationFactory.ShapeIdRegistry.ShapeItemCache.#1016.Definition.Layers	12	2
definition_snapshot.SimulationFactory.ShapeIdRegistry.ShapeItemCache.#1017.Definition.Layers	12	2
definition_snapshot.SimulationFactory.ShapeIdRegistry.ShapeItemCache.#1020.Definition.Layers	12	2
definition_snapshot.SimulationFactory.ShapeIdRegistry.ShapeItemCache.#1021.Definition.Layers	12	2
definition_snapshot.SimulationFactory.ShapeIdRegistry.ShapeItemCache.#1023.Definition.Layers	12	2
definition_snapshot.SimulationFactory.ShapeIdRegistry.ShapeItemCache.#1027.Definition.Layers	12	2
definition_snapshot.SimulationFactory.ShapeIdRegistry.ShapeItemCache.#1037.Definition.Layers	12	2
simulation_parameters.SimulationFactory.ShapeIdRegistry.ShapeDefinitionCache.#106.Layers	12	2
simulation_parameters.SimulationFactory.ShapeIdRegistry.ShapeDefinitionCache.#107.Layers	12	2
simulation_parameters.SimulationFactory.ShapeIdRegistry.ShapeDefinitionCache.#108.Layers	12	2
simulation_parameters.SimulationFactory.ShapeIdRegistry.ShapeDefinitionCache.#109.Layers	12	2
simulation_parameters.SimulationFactory.ShapeIdRegistry.ShapeDefinitionCache.#11.Layers	12	2
simulation_parameters.SimulationFactory.ShapeIdRegistry.ShapeDefinitionCache.#119.Layers	12	2
simulation_parameters.SimulationFactory.ShapeIdRegistry.ShapeDefinitionCache.#12.Layers	12	2
simulation_parameters.SimulationFactory.ShapeIdRegistry.ShapeDefinitionCache.#120.Layers	12	2
simulation_parameters.SimulationFactory.ShapeIdRegistry.ShapeDefinitionCache.#121.Layers	12	2
simulation_parameters.SimulationFactory.ShapeIdRegistry.ShapeDefinitionCache.#122.Layers	12	2
simulation_parameters.SimulationFactory.ShapeIdRegistry.ShapeDefinitionCache.#123.Layers	12	2
simulation_parameters.SimulationFactory.ShapeIdRegistry.ShapeDefinitionCache.#128.Layers	12	2
simulation_parameters.SimulationFactory.ShapeIdRegistry.ShapeDefinitionCache.#17.Layers	12	2
simulation_parameters.SimulationFactory.ShapeIdRegistry.ShapeDefinitionCache.#18.Layers	12	2
simulation_parameters.SimulationFactory.ShapeIdRegistry.ShapeDefinitionCache.#19.Layers	12	2
simulation_parameters.SimulationFactory.ShapeIdRegistry.ShapeDefinitionCache.#20.Layers	12	2
simulation_parameters.SimulationFactory.ShapeIdRegistry.ShapeDefinitionCache.#3.Layers	12	2
simulation_parameters.SimulationFactory.ShapeIdRegistry.ShapeDefinitionCache.#31.Layers	12	2
simulation_parameters.SimulationFactory.ShapeIdRegistry.ShapeDefinitionCache.#32.Layers	12	2
simulation_parameters.SimulationFactory.ShapeIdRegistry.ShapeDefinitionCache.#33.Layers	12	2
simulation_parameters.SimulationFactory.ShapeIdRegistry.ShapeDefinitionCache.#34.Layers	12	2
simulation_parameters.SimulationFactory.ShapeIdRegistry.ShapeDefinitionCache.#4.Layers	12	2
simulation_parameters.SimulationFactory.ShapeIdRegistry.ShapeDefinitionCache.#40.Layers	12	2
simulation_parameters.SimulationFactory.ShapeIdRegistry.ShapeDefinitionCache.#41.Layers	12	2
simulation_parameters.SimulationFactory.ShapeIdRegistry.ShapeDefinitionCache.#42.Layers	12	2
simulation_parameters.SimulationFactory.ShapeIdRegistry.ShapeDefinitionCache.#43.Layers	12	2
simulation_parameters.SimulationFactory.ShapeIdRegistry.ShapeDefinitionCache.#44.Layers	12	2
simulation_parameters.SimulationFactory.ShapeIdRegistry.ShapeDefinitionCache.#45.Layers	12	2
simulation_parameters.SimulationFactory.ShapeIdRegistry.ShapeDefinitionCache.#46.Layers	12	2
simulation_parameters.SimulationFactory.ShapeIdRegistry.ShapeDefinitionCache.#47.Layers	12	2
simulation_parameters.SimulationFactory.ShapeIdRegistry.ShapeDefinitionCache.#48.Layers	12	2
simulation_parameters.SimulationFactory.ShapeIdRegistry.ShapeDefinitionCache.#49.Layers	12	2
simulation_parameters.SimulationFactory.ShapeIdRegistry.ShapeDefinitionCache.#5.Layers	12	2
simulation_parameters.SimulationFactory.ShapeIdRegistry.ShapeDefinitionCache.#6.Layers	12	2
simulation_parameters.SimulationFactory.ShapeIdRegistry.ShapeDefinitionCache.#7.Layers	12	2
simulation_parameters.SimulationFactory.ShapeIdRegistry.ShapeDefinitionCache.#76.Layers	12	2
simulation_parameters.SimulationFactory.ShapeIdRegistry.ShapeDefinitionCache.#77.Layers	12	2
simulation_parameters.SimulationFactory.ShapeIdRegistry.ShapeDefinitionCache.#78.Layers	12	2
simulation_parameters.SimulationFactory.ShapeIdRegistry.ShapeDefinitionCache.#79.Layers	12	2
simulation_parameters.SimulationFactory.ShapeIdRegistry.ShapeDefinitionCache.#8.Layers	12	2
simulation_parameters.SimulationFactory.ShapeIdRegistry.ShapeDefinitionCache.#80.Layers	12	2
simulation_parameters.SimulationFactory.ShapeIdRegistry.ShapeDefinitionCache.#81.Layers	12	2
definition_snapshot.SimulationFactory.ShapeRegistry.ShapeDefinitionCache.#106.Layers	10	2
definition_snapshot.SimulationFactory.ShapeRegistry.ShapeDefinitionCache.#107.Layers	10	2
definition_snapshot.SimulationFactory.ShapeRegistry.ShapeDefinitionCache.#108.Layers	10	2
definition_snapshot.SimulationFactory.ShapeRegistry.ShapeDefinitionCache.#109.Layers	10	2
definition_snapshot.SimulationFactory.ShapeRegistry.ShapeDefinitionCache.#11.Layers	10	2
definition_snapshot.SimulationFactory.ShapeRegistry.ShapeDefinitionCache.#119.Layers	10	2
definition_snapshot.SimulationFactory.ShapeRegistry.ShapeDefinitionCache.#12.Layers	10	2
definition_snapshot.SimulationFactory.ShapeRegistry.ShapeDefinitionCache.#120.Layers	10	2
definition_snapshot.SimulationFactory.ShapeRegistry.ShapeDefinitionCache.#121.Layers	10	2
definition_snapshot.SimulationFactory.ShapeRegistry.ShapeDefinitionCache.#122.Layers	10	2
definition_snapshot.SimulationFactory.ShapeRegistry.ShapeDefinitionCache.#123.Layers	10	2
definition_snapshot.SimulationFactory.ShapeRegistry.ShapeDefinitionCache.#128.Layers	10	2
definition_snapshot.SimulationFactory.ShapeRegistry.ShapeDefinitionCache.#17.Layers	10	2
definition_snapshot.SimulationFactory.ShapeRegistry.ShapeDefinitionCache.#18.Layers	10	2
definition_snapshot.SimulationFactory.ShapeRegistry.ShapeDefinitionCache.#19.Layers	10	2
definition_snapshot.SimulationFactory.ShapeRegistry.ShapeDefinitionCache.#20.Layers	10	2
definition_snapshot.SimulationFactory.ShapeRegistry.ShapeDefinitionCache.#3.Layers	10	2
definition_snapshot.SimulationFactory.ShapeRegistry.ShapeDefinitionCache.#31.Layers	10	2
definition_snapshot.SimulationFactory.ShapeRegistry.ShapeDefinitionCache.#32.Layers	10	2
definition_snapshot.SimulationFactory.ShapeRegistry.ShapeDefinitionCache.#33.Layers	10	2
definition_snapshot.SimulationFactory.ShapeRegistry.ShapeDefinitionCache.#34.Layers	10	2
definition_snapshot.SimulationFactory.ShapeRegistry.ShapeDefinitionCache.#4.Layers	10	2
definition_snapshot.SimulationFactory.ShapeRegistry.ShapeDefinitionCache.#40.Layers	10	2
definition_snapshot.SimulationFactory.ShapeRegistry.ShapeDefinitionCache.#41.Layers	10	2
definition_snapshot.SimulationFactory.ShapeRegistry.ShapeDefinitionCache.#42.Layers	10	2
definition_snapshot.SimulationFactory.ShapeRegistry.ShapeDefinitionCache.#43.Layers	10	2
definition_snapshot.SimulationFactory.ShapeRegistry.ShapeDefinitionCache.#44.Layers	10	2
definition_snapshot.SimulationFactory.ShapeRegistry.ShapeDefinitionCache.#45.Layers	10	2
definition_snapshot.SimulationFactory.ShapeRegistry.ShapeDefinitionCache.#46.Layers	10	2
definition_snapshot.SimulationFactory.ShapeRegistry.ShapeDefinitionCache.#47.Layers	10	2
definition_snapshot.SimulationFactory.ShapeRegistry.ShapeDefinitionCache.#48.Layers	10	2
definition_snapshot.SimulationFactory.ShapeRegistry.ShapeDefinitionCache.#49.Layers	10	2
definition_snapshot.SimulationFactory.ShapeRegistry.ShapeDefinitionCache.#5.Layers	10	2
definition_snapshot.SimulationFactory.ShapeRegistry.ShapeDefinitionCache.#6.Layers	10	2
definition_snapshot.SimulationFactory.ShapeRegistry.ShapeDefinitionCache.#7.Layers	10	2
definition_snapshot.SimulationFactory.ShapeRegistry.ShapeDefinitionCache.#76.Layers	10	2
definition_snapshot.SimulationFactory.ShapeRegistry.ShapeDefinitionCache.#77.Layers	10	2
definition_snapshot.SimulationFactory.ShapeRegistry.ShapeDefinitionCache.#78.Layers	10	2
definition_snapshot.SimulationFactory.ShapeRegistry.ShapeDefinitionCache.#79.Layers	10	2
definition_snapshot.SimulationFactory.ShapeRegistry.ShapeDefinitionCache.#8.Layers	10	2
definition_snapshot.SimulationFactory.ShapeRegistry.ShapeDefinitionCache.#80.Layers	10	2
definition_snapshot.SimulationFactory.ShapeRegistry.ShapeDefinitionCache.#81.Layers	10	2
definition_snapshot.SimulationFactory.ShapeRegistry.ShapeItemCache.#1016.Definition.Layers	10	2
definition_snapshot.SimulationFactory.ShapeRegistry.ShapeItemCache.#1017.Definition.Layers	10	2
definition_snapshot.SimulationFactory.ShapeRegistry.ShapeItemCache.#1020.Definition.Layers	10	2
definition_snapshot.SimulationFactory.ShapeRegistry.ShapeItemCache.#1021.Definition.Layers	10	2
definition_snapshot.SimulationFactory.ShapeRegistry.ShapeItemCache.#1023.Definition.Layers	10	2
definition_snapshot.SimulationFactory.ShapeRegistry.ShapeItemCache.#1027.Definition.Layers	10	2
definition_snapshot.SimulationFactory.ShapeRegistry.ShapeItemCache.#1037.Definition.Layers	10	2
simulation_parameters.SimulationFactory.ShapeRegistry.ShapeDefinitionCache.#106.Layers	10	2
simulation_parameters.SimulationFactory.ShapeRegistry.ShapeDefinitionCache.#107.Layers	10	2
simulation_parameters.SimulationFactory.ShapeRegistry.ShapeDefinitionCache.#108.Layers	10	2
simulation_parameters.SimulationFactory.ShapeRegistry.ShapeDefinitionCache.#109.Layers	10	2
simulation_parameters.SimulationFactory.ShapeRegistry.ShapeDefinitionCache.#11.Layers	10	2
simulation_parameters.SimulationFactory.ShapeRegistry.ShapeDefinitionCache.#119.Layers	10	2
simulation_parameters.SimulationFactory.ShapeRegistry.ShapeDefinitionCache.#12.Layers	10	2
simulation_parameters.SimulationFactory.ShapeRegistry.ShapeDefinitionCache.#120.Layers	10	2
simulation_parameters.SimulationFactory.ShapeRegistry.ShapeDefinitionCache.#121.Layers	10	2
simulation_parameters.SimulationFactory.ShapeRegistry.ShapeDefinitionCache.#122.Layers	10	2
simulation_parameters.SimulationFactory.ShapeRegistry.ShapeDefinitionCache.#123.Layers	10	2
simulation_parameters.SimulationFactory.ShapeRegistry.ShapeDefinitionCache.#128.Layers	10	2
simulation_parameters.SimulationFactory.ShapeRegistry.ShapeDefinitionCache.#17.Layers	10	2
simulation_parameters.SimulationFactory.ShapeRegistry.ShapeDefinitionCache.#18.Layers	10	2
simulation_parameters.SimulationFactory.ShapeRegistry.ShapeDefinitionCache.#19.Layers	10	2
simulation_parameters.SimulationFactory.ShapeRegistry.ShapeDefinitionCache.#20.Layers	10	2
simulation_parameters.SimulationFactory.ShapeRegistry.ShapeDefinitionCache.#3.Layers	10	2
simulation_parameters.SimulationFactory.ShapeRegistry.ShapeDefinitionCache.#31.Layers	10	2
simulation_parameters.SimulationFactory.ShapeRegistry.ShapeDefinitionCache.#32.Layers	10	2
simulation_parameters.SimulationFactory.ShapeRegistry.ShapeDefinitionCache.#33.Layers	10	2
simulation_parameters.SimulationFactory.ShapeRegistry.ShapeDefinitionCache.#34.Layers	10	2
simulation_parameters.SimulationFactory.ShapeRegistry.ShapeDefinitionCache.#4.Layers	10	2
simulation_parameters.SimulationFactory.ShapeRegistry.ShapeDefinitionCache.#40.Layers	10	2
simulation_parameters.SimulationFactory.ShapeRegistry.ShapeDefinitionCache.#41.Layers	10	2
simulation_parameters.SimulationFactory.ShapeRegistry.ShapeDefinitionCache.#42.Layers	10	2
simulation_parameters.SimulationFactory.ShapeRegistry.ShapeDefinitionCache.#43.Layers	10	2
simulation_parameters.SimulationFactory.ShapeRegistry.ShapeDefinitionCache.#44.Layers	10	2
simulation_parameters.SimulationFactory.ShapeRegistry.ShapeDefinitionCache.#45.Layers	10	2
simulation_parameters.SimulationFactory.ShapeRegistry.ShapeDefinitionCache.#46.Layers	10	2
simulation_parameters.SimulationFactory.ShapeRegistry.ShapeDefinitionCache.#47.Layers	10	2
simulation_parameters.SimulationFactory.ShapeRegistry.ShapeDefinitionCache.#48.Layers	10	2
simulation_parameters.SimulationFactory.ShapeRegistry.ShapeDefinitionCache.#49.Layers	10	2
simulation_parameters.SimulationFactory.ShapeRegistry.ShapeDefinitionCache.#5.Layers	10	2
simulation_parameters.SimulationFactory.ShapeRegistry.ShapeDefinitionCache.#6.Layers	10	2
simulation_parameters.SimulationFactory.ShapeRegistry.ShapeDefinitionCache.#7.Layers	10	2
simulation_parameters.SimulationFactory.ShapeRegistry.ShapeDefinitionCache.#76.Layers	10	2
simulation_parameters.SimulationFactory.ShapeRegistry.ShapeDefinitionCache.#77.Layers	10	2
simulation_parameters.SimulationFactory.ShapeRegistry.ShapeDefinitionCache.#78.Layers	10	2
simulation_parameters.SimulationFactory.ShapeRegistry.ShapeDefinitionCache.#79.Layers	10	2
simulation_parameters.SimulationFactory.ShapeRegistry.ShapeDefinitionCache.#8.Layers	10	2
simulation_parameters.SimulationFactory.ShapeRegistry.ShapeDefinitionCache.#80.Layers	10	2
simulation_parameters.SimulationFactory.ShapeRegistry.ShapeDefinitionCache.#81.Layers	10	2
definition_snapshot.Logger.Info.LogAction.Method.ReflectedTypeInternal.DeclaredConstructors	8	2
definition_snapshot.Logger.Info.LogAction.Method.ReflectedTypeInternal.DeclaredFields	8	2
definition_snapshot.ShapeRegistry.ShapeDefinitionCache.#106.Layers	4	2
definition_snapshot.ShapeRegistry.ShapeDefinitionCache.#107.Layers	4	2
definition_snapshot.ShapeRegistry.ShapeDefinitionCache.#108.Layers	4	2
definition_snapshot.ShapeRegistry.ShapeDefinitionCache.#109.Layers	4	2
definition_snapshot.ShapeRegistry.ShapeDefinitionCache.#11.Layers	4	2
definition_snapshot.ShapeRegistry.ShapeDefinitionCache.#119.Layers	4	2
definition_snapshot.ShapeRegistry.ShapeDefinitionCache.#12.Layers	4	2
definition_snapshot.ShapeRegistry.ShapeDefinitionCache.#120.Layers	4	2
definition_snapshot.ShapeRegistry.ShapeDefinitionCache.#121.Layers	4	2
definition_snapshot.ShapeRegistry.ShapeDefinitionCache.#122.Layers	4	2
definition_snapshot.ShapeRegistry.ShapeDefinitionCache.#123.Layers	4	2
definition_snapshot.ShapeRegistry.ShapeDefinitionCache.#128.Layers	4	2
definition_snapshot.ShapeRegistry.ShapeDefinitionCache.#17.Layers	4	2
definition_snapshot.ShapeRegistry.ShapeDefinitionCache.#18.Layers	4	2
definition_snapshot.ShapeRegistry.ShapeDefinitionCache.#19.Layers	4	2
definition_snapshot.ShapeRegistry.ShapeDefinitionCache.#20.Layers	4	2
definition_snapshot.ShapeRegistry.ShapeDefinitionCache.#3.Layers	4	2
definition_snapshot.ShapeRegistry.ShapeDefinitionCache.#31.Layers	4	2
definition_snapshot.ShapeRegistry.ShapeDefinitionCache.#32.Layers	4	2
definition_snapshot.ShapeRegistry.ShapeDefinitionCache.#33.Layers	4	2
definition_snapshot.ShapeRegistry.ShapeDefinitionCache.#34.Layers	4	2
definition_snapshot.ShapeRegistry.ShapeDefinitionCache.#4.Layers	4	2
definition_snapshot.ShapeRegistry.ShapeDefinitionCache.#40.Layers	4	2
definition_snapshot.ShapeRegistry.ShapeDefinitionCache.#41.Layers	4	2
definition_snapshot.ShapeRegistry.ShapeDefinitionCache.#42.Layers	4	2
definition_snapshot.ShapeRegistry.ShapeDefinitionCache.#43.Layers	4	2
definition_snapshot.ShapeRegistry.ShapeDefinitionCache.#44.Layers	4	2
definition_snapshot.ShapeRegistry.ShapeDefinitionCache.#45.Layers	4	2
definition_snapshot.ShapeRegistry.ShapeDefinitionCache.#46.Layers	4	2
definition_snapshot.ShapeRegistry.ShapeDefinitionCache.#47.Layers	4	2
definition_snapshot.ShapeRegistry.ShapeDefinitionCache.#48.Layers	4	2
definition_snapshot.ShapeRegistry.ShapeDefinitionCache.#49.Layers	4	2
definition_snapshot.ShapeRegistry.ShapeDefinitionCache.#5.Layers	4	2
definition_snapshot.ShapeRegistry.ShapeDefinitionCache.#6.Layers	4	2
definition_snapshot.ShapeRegistry.ShapeDefinitionCache.#7.Layers	4	2
definition_snapshot.ShapeRegistry.ShapeDefinitionCache.#76.Layers	4	2
definition_snapshot.ShapeRegistry.ShapeDefinitionCache.#77.Layers	4	2
definition_snapshot.ShapeRegistry.ShapeDefinitionCache.#78.Layers	4	2
definition_snapshot.ShapeRegistry.ShapeDefinitionCache.#79.Layers	4	2
definition_snapshot.ShapeRegistry.ShapeDefinitionCache.#8.Layers	4	2
definition_snapshot.ShapeRegistry.ShapeDefinitionCache.#80.Layers	4	2
definition_snapshot.ShapeRegistry.ShapeDefinitionCache.#81.Layers	4	2
definition_snapshot.ShapeRegistry.ShapeItemCache.#1016.Definition.Layers	4	2
definition_snapshot.ShapeRegistry.ShapeItemCache.#1017.Definition.Layers	4	2
definition_snapshot.ShapeRegistry.ShapeItemCache.#1020.Definition.Layers	4	2
definition_snapshot.ShapeRegistry.ShapeItemCache.#1021.Definition.Layers	4	2
definition_snapshot.ShapeRegistry.ShapeItemCache.#1023.Definition.Layers	4	2
definition_snapshot.ShapeRegistry.ShapeItemCache.#1027.Definition.Layers	4	2
definition_snapshot.ShapeRegistry.ShapeItemCache.#1037.Definition.Layers	4	2
definition_snapshot.SimulationFactory.CrystallizeOperation.ShapeRegistry.ShapeDefinitionCache.#106.Layers	4	2
definition_snapshot.SimulationFactory.CrystallizeOperation.ShapeRegistry.ShapeDefinitionCache.#107.Layers	4	2
definition_snapshot.SimulationFactory.CrystallizeOperation.ShapeRegistry.ShapeDefinitionCache.#108.Layers	4	2
definition_snapshot.SimulationFactory.CrystallizeOperation.ShapeRegistry.ShapeDefinitionCache.#109.Layers	4	2
definition_snapshot.SimulationFactory.CrystallizeOperation.ShapeRegistry.ShapeDefinitionCache.#11.Layers	4	2
definition_snapshot.SimulationFactory.CrystallizeOperation.ShapeRegistry.ShapeDefinitionCache.#119.Layers	4	2
definition_snapshot.SimulationFactory.CrystallizeOperation.ShapeRegistry.ShapeDefinitionCache.#12.Layers	4	2
definition_snapshot.SimulationFactory.CrystallizeOperation.ShapeRegistry.ShapeDefinitionCache.#120.Layers	4	2
definition_snapshot.SimulationFactory.CrystallizeOperation.ShapeRegistry.ShapeDefinitionCache.#121.Layers	4	2
definition_snapshot.SimulationFactory.CrystallizeOperation.ShapeRegistry.ShapeDefinitionCache.#122.Layers	4	2
definition_snapshot.SimulationFactory.CrystallizeOperation.ShapeRegistry.ShapeDefinitionCache.#123.Layers	4	2
definition_snapshot.SimulationFactory.CrystallizeOperation.ShapeRegistry.ShapeDefinitionCache.#128.Layers	4	2
definition_snapshot.SimulationFactory.CrystallizeOperation.ShapeRegistry.ShapeDefinitionCache.#17.Layers	4	2
definition_snapshot.SimulationFactory.CrystallizeOperation.ShapeRegistry.ShapeDefinitionCache.#18.Layers	4	2
definition_snapshot.SimulationFactory.CrystallizeOperation.ShapeRegistry.ShapeDefinitionCache.#19.Layers	4	2
definition_snapshot.SimulationFactory.CrystallizeOperation.ShapeRegistry.ShapeDefinitionCache.#20.Layers	4	2
definition_snapshot.SimulationFactory.CrystallizeOperation.ShapeRegistry.ShapeDefinitionCache.#3.Layers	4	2
definition_snapshot.SimulationFactory.CrystallizeOperation.ShapeRegistry.ShapeDefinitionCache.#31.Layers	4	2
definition_snapshot.SimulationFactory.CrystallizeOperation.ShapeRegistry.ShapeDefinitionCache.#32.Layers	4	2
definition_snapshot.SimulationFactory.CrystallizeOperation.ShapeRegistry.ShapeDefinitionCache.#33.Layers	4	2
definition_snapshot.SimulationFactory.CrystallizeOperation.ShapeRegistry.ShapeDefinitionCache.#34.Layers	4	2
definition_snapshot.SimulationFactory.CrystallizeOperation.ShapeRegistry.ShapeDefinitionCache.#4.Layers	4	2
definition_snapshot.SimulationFactory.CrystallizeOperation.ShapeRegistry.ShapeDefinitionCache.#40.Layers	4	2
definition_snapshot.SimulationFactory.CrystallizeOperation.ShapeRegistry.ShapeDefinitionCache.#41.Layers	4	2
definition_snapshot.SimulationFactory.CrystallizeOperation.ShapeRegistry.ShapeDefinitionCache.#42.Layers	4	2
definition_snapshot.SimulationFactory.CrystallizeOperation.ShapeRegistry.ShapeDefinitionCache.#43.Layers	4	2
definition_snapshot.SimulationFactory.CrystallizeOperation.ShapeRegistry.ShapeDefinitionCache.#44.Layers	4	2
definition_snapshot.SimulationFactory.CrystallizeOperation.ShapeRegistry.ShapeDefinitionCache.#45.Layers	4	2
definition_snapshot.SimulationFactory.CrystallizeOperation.ShapeRegistry.ShapeDefinitionCache.#46.Layers	4	2
definition_snapshot.SimulationFactory.CrystallizeOperation.ShapeRegistry.ShapeDefinitionCache.#47.Layers	4	2
definition_snapshot.SimulationFactory.CrystallizeOperation.ShapeRegistry.ShapeDefinitionCache.#48.Layers	4	2
definition_snapshot.SimulationFactory.CrystallizeOperation.ShapeRegistry.ShapeDefinitionCache.#49.Layers	4	2
definition_snapshot.SimulationFactory.CrystallizeOperation.ShapeRegistry.ShapeDefinitionCache.#5.Layers	4	2
definition_snapshot.SimulationFactory.CrystallizeOperation.ShapeRegistry.ShapeDefinitionCache.#6.Layers	4	2
definition_snapshot.SimulationFactory.CrystallizeOperation.ShapeRegistry.ShapeDefinitionCache.#7.Layers	4	2
definition_snapshot.SimulationFactory.CrystallizeOperation.ShapeRegistry.ShapeDefinitionCache.#76.Layers	4	2
definition_snapshot.SimulationFactory.CrystallizeOperation.ShapeRegistry.ShapeDefinitionCache.#77.Layers	4	2
definition_snapshot.SimulationFactory.CrystallizeOperation.ShapeRegistry.ShapeDefinitionCache.#78.Layers	4	2
definition_snapshot.SimulationFactory.CrystallizeOperation.ShapeRegistry.ShapeDefinitionCache.#79.Layers	4	2
definition_snapshot.SimulationFactory.CrystallizeOperation.ShapeRegistry.ShapeDefinitionCache.#8.Layers	4	2
definition_snapshot.SimulationFactory.CrystallizeOperation.ShapeRegistry.ShapeDefinitionCache.#80.Layers	4	2
definition_snapshot.SimulationFactory.CrystallizeOperation.ShapeRegistry.ShapeDefinitionCache.#81.Layers	4	2
definition_snapshot.SimulationFactory.CrystallizeOperation.ShapeRegistry.ShapeItemCache.#1016.Definition.Layers	4	2
definition_snapshot.SimulationFactory.CrystallizeOperation.ShapeRegistry.ShapeItemCache.#1017.Definition.Layers	4	2
definition_snapshot.SimulationFactory.CrystallizeOperation.ShapeRegistry.ShapeItemCache.#1020.Definition.Layers	4	2
definition_snapshot.SimulationFactory.CrystallizeOperation.ShapeRegistry.ShapeItemCache.#1021.Definition.Layers	4	2
definition_snapshot.SimulationFactory.CrystallizeOperation.ShapeRegistry.ShapeItemCache.#1023.Definition.Layers	4	2
definition_snapshot.SimulationFactory.CrystallizeOperation.ShapeRegistry.ShapeItemCache.#1027.Definition.Layers	4	2
definition_snapshot.SimulationFactory.CrystallizeOperation.ShapeRegistry.ShapeItemCache.#1037.Definition.Layers	4	2
definition_snapshot.SimulationFactory.PaintOperation.ShapeRegistry.ShapeDefinitionCache.#106.Layers	4	2
definition_snapshot.SimulationFactory.PaintOperation.ShapeRegistry.ShapeDefinitionCache.#107.Layers	4	2
definition_snapshot.SimulationFactory.PaintOperation.ShapeRegistry.ShapeDefinitionCache.#108.Layers	4	2
definition_snapshot.SimulationFactory.PaintOperation.ShapeRegistry.ShapeDefinitionCache.#109.Layers	4	2
definition_snapshot.SimulationFactory.PaintOperation.ShapeRegistry.ShapeDefinitionCache.#11.Layers	4	2
definition_snapshot.SimulationFactory.PaintOperation.ShapeRegistry.ShapeDefinitionCache.#119.Layers	4	2
definition_snapshot.SimulationFactory.PaintOperation.ShapeRegistry.ShapeDefinitionCache.#12.Layers	4	2
definition_snapshot.SimulationFactory.PaintOperation.ShapeRegistry.ShapeDefinitionCache.#120.Layers	4	2
definition_snapshot.SimulationFactory.PaintOperation.ShapeRegistry.ShapeDefinitionCache.#121.Layers	4	2
definition_snapshot.SimulationFactory.PaintOperation.ShapeRegistry.ShapeDefinitionCache.#122.Layers	4	2
definition_snapshot.SimulationFactory.PaintOperation.ShapeRegistry.ShapeDefinitionCache.#123.Layers	4	2
definition_snapshot.SimulationFactory.PaintOperation.ShapeRegistry.ShapeDefinitionCache.#128.Layers	4	2
definition_snapshot.SimulationFactory.PaintOperation.ShapeRegistry.ShapeDefinitionCache.#17.Layers	4	2
definition_snapshot.SimulationFactory.PaintOperation.ShapeRegistry.ShapeDefinitionCache.#18.Layers	4	2
definition_snapshot.SimulationFactory.PaintOperation.ShapeRegistry.ShapeDefinitionCache.#19.Layers	4	2
definition_snapshot.SimulationFactory.PaintOperation.ShapeRegistry.ShapeDefinitionCache.#20.Layers	4	2
definition_snapshot.SimulationFactory.PaintOperation.ShapeRegistry.ShapeDefinitionCache.#3.Layers	4	2
definition_snapshot.SimulationFactory.PaintOperation.ShapeRegistry.ShapeDefinitionCache.#31.Layers	4	2
definition_snapshot.SimulationFactory.PaintOperation.ShapeRegistry.ShapeDefinitionCache.#32.Layers	4	2
definition_snapshot.SimulationFactory.PaintOperation.ShapeRegistry.ShapeDefinitionCache.#33.Layers	4	2
definition_snapshot.SimulationFactory.PaintOperation.ShapeRegistry.ShapeDefinitionCache.#34.Layers	4	2
definition_snapshot.SimulationFactory.PaintOperation.ShapeRegistry.ShapeDefinitionCache.#4.Layers	4	2
definition_snapshot.SimulationFactory.PaintOperation.ShapeRegistry.ShapeDefinitionCache.#40.Layers	4	2
definition_snapshot.SimulationFactory.PaintOperation.ShapeRegistry.ShapeDefinitionCache.#41.Layers	4	2
definition_snapshot.SimulationFactory.PaintOperation.ShapeRegistry.ShapeDefinitionCache.#42.Layers	4	2
definition_snapshot.SimulationFactory.PaintOperation.ShapeRegistry.ShapeDefinitionCache.#43.Layers	4	2
definition_snapshot.SimulationFactory.PaintOperation.ShapeRegistry.ShapeDefinitionCache.#44.Layers	4	2
definition_snapshot.SimulationFactory.PaintOperation.ShapeRegistry.ShapeDefinitionCache.#45.Layers	4	2
definition_snapshot.SimulationFactory.PaintOperation.ShapeRegistry.ShapeDefinitionCache.#46.Layers	4	2
definition_snapshot.SimulationFactory.PaintOperation.ShapeRegistry.ShapeDefinitionCache.#47.Layers	4	2
definition_snapshot.SimulationFactory.PaintOperation.ShapeRegistry.ShapeDefinitionCache.#48.Layers	4	2
definition_snapshot.SimulationFactory.PaintOperation.ShapeRegistry.ShapeDefinitionCache.#49.Layers	4	2
definition_snapshot.SimulationFactory.PaintOperation.ShapeRegistry.ShapeDefinitionCache.#5.Layers	4	2
definition_snapshot.SimulationFactory.PaintOperation.ShapeRegistry.ShapeDefinitionCache.#6.Layers	4	2
definition_snapshot.SimulationFactory.PaintOperation.ShapeRegistry.ShapeDefinitionCache.#7.Layers	4	2
definition_snapshot.SimulationFactory.PaintOperation.ShapeRegistry.ShapeDefinitionCache.#76.Layers	4	2
definition_snapshot.SimulationFactory.PaintOperation.ShapeRegistry.ShapeDefinitionCache.#77.Layers	4	2
definition_snapshot.SimulationFactory.PaintOperation.ShapeRegistry.ShapeDefinitionCache.#78.Layers	4	2
definition_snapshot.SimulationFactory.PaintOperation.ShapeRegistry.ShapeDefinitionCache.#79.Layers	4	2
definition_snapshot.SimulationFactory.PaintOperation.ShapeRegistry.ShapeDefinitionCache.#8.Layers	4	2
definition_snapshot.SimulationFactory.PaintOperation.ShapeRegistry.ShapeDefinitionCache.#80.Layers	4	2
definition_snapshot.SimulationFactory.PaintOperation.ShapeRegistry.ShapeDefinitionCache.#81.Layers	4	2
definition_snapshot.SimulationFactory.PaintOperation.ShapeRegistry.ShapeItemCache.#1016.Definition.Layers	4	2
definition_snapshot.SimulationFactory.PaintOperation.ShapeRegistry.ShapeItemCache.#1017.Definition.Layers	4	2
definition_snapshot.SimulationFactory.PaintOperation.ShapeRegistry.ShapeItemCache.#1020.Definition.Layers	4	2
definition_snapshot.SimulationFactory.PaintOperation.ShapeRegistry.ShapeItemCache.#1021.Definition.Layers	4	2
definition_snapshot.SimulationFactory.PaintOperation.ShapeRegistry.ShapeItemCache.#1023.Definition.Layers	4	2
definition_snapshot.SimulationFactory.PaintOperation.ShapeRegistry.ShapeItemCache.#1027.Definition.Layers	4	2
definition_snapshot.SimulationFactory.PaintOperation.ShapeRegistry.ShapeItemCache.#1037.Definition.Layers	4	2
definition_snapshot.TrainIslands.Exchange.FluidLoaders[].Layout.ChunkInformation	4	2
definition_snapshot.TrainIslands.Exchange.FluidLoaders[].Layout.ChunkPositions	4	2
definition_snapshot.TrainIslands.Exchange.FluidUnloaders[].Layout.ChunkInformation	4	2
definition_snapshot.TrainIslands.Exchange.FluidUnloaders[].Layout.ChunkPositions	4	2
definition_snapshot.TrainIslands.Exchange.ShapeLoaders[].Layout.ChunkInformation	4	2
definition_snapshot.TrainIslands.Exchange.ShapeLoaders[].Layout.ChunkPositions	4	2
definition_snapshot.TrainIslands.Exchange.ShapeUnloaders[].Layout.ChunkInformation	4	2
definition_snapshot.TrainIslands.Exchange.ShapeUnloaders[].Layout.ChunkPositions	4	2
simulation_parameters.ShapeRegistry.ShapeDefinitionCache.#106.Layers	4	2
simulation_parameters.ShapeRegistry.ShapeDefinitionCache.#107.Layers	4	2
simulation_parameters.ShapeRegistry.ShapeDefinitionCache.#108.Layers	4	2
simulation_parameters.ShapeRegistry.ShapeDefinitionCache.#109.Layers	4	2
simulation_parameters.ShapeRegistry.ShapeDefinitionCache.#11.Layers	4	2
simulation_parameters.ShapeRegistry.ShapeDefinitionCache.#119.Layers	4	2
simulation_parameters.ShapeRegistry.ShapeDefinitionCache.#12.Layers	4	2
simulation_parameters.ShapeRegistry.ShapeDefinitionCache.#120.Layers	4	2
simulation_parameters.ShapeRegistry.ShapeDefinitionCache.#121.Layers	4	2
simulation_parameters.ShapeRegistry.ShapeDefinitionCache.#122.Layers	4	2
simulation_parameters.ShapeRegistry.ShapeDefinitionCache.#123.Layers	4	2
simulation_parameters.ShapeRegistry.ShapeDefinitionCache.#128.Layers	4	2
simulation_parameters.ShapeRegistry.ShapeDefinitionCache.#17.Layers	4	2
simulation_parameters.ShapeRegistry.ShapeDefinitionCache.#18.Layers	4	2
simulation_parameters.ShapeRegistry.ShapeDefinitionCache.#19.Layers	4	2
simulation_parameters.ShapeRegistry.ShapeDefinitionCache.#20.Layers	4	2
simulation_parameters.ShapeRegistry.ShapeDefinitionCache.#3.Layers	4	2
simulation_parameters.ShapeRegistry.ShapeDefinitionCache.#31.Layers	4	2
simulation_parameters.ShapeRegistry.ShapeDefinitionCache.#32.Layers	4	2
simulation_parameters.ShapeRegistry.ShapeDefinitionCache.#33.Layers	4	2
simulation_parameters.ShapeRegistry.ShapeDefinitionCache.#34.Layers	4	2
simulation_parameters.ShapeRegistry.ShapeDefinitionCache.#4.Layers	4	2
simulation_parameters.ShapeRegistry.ShapeDefinitionCache.#40.Layers	4	2
simulation_parameters.ShapeRegistry.ShapeDefinitionCache.#41.Layers	4	2
simulation_parameters.ShapeRegistry.ShapeDefinitionCache.#42.Layers	4	2
simulation_parameters.ShapeRegistry.ShapeDefinitionCache.#43.Layers	4	2
simulation_parameters.ShapeRegistry.ShapeDefinitionCache.#44.Layers	4	2
simulation_parameters.ShapeRegistry.ShapeDefinitionCache.#45.Layers	4	2
simulation_parameters.ShapeRegistry.ShapeDefinitionCache.#46.Layers	4	2
simulation_parameters.ShapeRegistry.ShapeDefinitionCache.#47.Layers	4	2
simulation_parameters.ShapeRegistry.ShapeDefinitionCache.#48.Layers	4	2
simulation_parameters.ShapeRegistry.ShapeDefinitionCache.#49.Layers	4	2
simulation_parameters.ShapeRegistry.ShapeDefinitionCache.#5.Layers	4	2
simulation_parameters.ShapeRegistry.ShapeDefinitionCache.#6.Layers	4	2
simulation_parameters.ShapeRegistry.ShapeDefinitionCache.#7.Layers	4	2
simulation_parameters.ShapeRegistry.ShapeDefinitionCache.#76.Layers	4	2
simulation_parameters.ShapeRegistry.ShapeDefinitionCache.#77.Layers	4	2
simulation_parameters.ShapeRegistry.ShapeDefinitionCache.#78.Layers	4	2
simulation_parameters.ShapeRegistry.ShapeDefinitionCache.#79.Layers	4	2
simulation_parameters.ShapeRegistry.ShapeDefinitionCache.#8.Layers	4	2
simulation_parameters.ShapeRegistry.ShapeDefinitionCache.#80.Layers	4	2
simulation_parameters.ShapeRegistry.ShapeDefinitionCache.#81.Layers	4	2
simulation_parameters.ShapeRegistry.ShapeItemCache.#1016.Definition.Layers	4	2
simulation_parameters.ShapeRegistry.ShapeItemCache.#1017.Definition.Layers	4	2
simulation_parameters.ShapeRegistry.ShapeItemCache.#1020.Definition.Layers	4	2
simulation_parameters.ShapeRegistry.ShapeItemCache.#1021.Definition.Layers	4	2
simulation_parameters.ShapeRegistry.ShapeItemCache.#1023.Definition.Layers	4	2
simulation_parameters.ShapeRegistry.ShapeItemCache.#1027.Definition.Layers	4	2
simulation_parameters.ShapeRegistry.ShapeItemCache.#1037.Definition.Layers	4	2
definition_snapshot.CargoExchanger.ShapeCargoLoaderUnloader.LoaderFactory.ShapeRegistry.ShapeDefinitionCache.#106.Layers	2	2
definition_snapshot.CargoExchanger.ShapeCargoLoaderUnloader.LoaderFactory.ShapeRegistry.ShapeDefinitionCache.#107.Layers	2	2
definition_snapshot.CargoExchanger.ShapeCargoLoaderUnloader.LoaderFactory.ShapeRegistry.ShapeDefinitionCache.#108.Layers	2	2
definition_snapshot.CargoExchanger.ShapeCargoLoaderUnloader.LoaderFactory.ShapeRegistry.ShapeDefinitionCache.#109.Layers	2	2
definition_snapshot.CargoExchanger.ShapeCargoLoaderUnloader.LoaderFactory.ShapeRegistry.ShapeDefinitionCache.#11.Layers	2	2
definition_snapshot.CargoExchanger.ShapeCargoLoaderUnloader.LoaderFactory.ShapeRegistry.ShapeDefinitionCache.#119.Layers	2	2
definition_snapshot.CargoExchanger.ShapeCargoLoaderUnloader.LoaderFactory.ShapeRegistry.ShapeDefinitionCache.#12.Layers	2	2
definition_snapshot.CargoExchanger.ShapeCargoLoaderUnloader.LoaderFactory.ShapeRegistry.ShapeDefinitionCache.#120.Layers	2	2
definition_snapshot.CargoExchanger.ShapeCargoLoaderUnloader.LoaderFactory.ShapeRegistry.ShapeDefinitionCache.#121.Layers	2	2
definition_snapshot.CargoExchanger.ShapeCargoLoaderUnloader.LoaderFactory.ShapeRegistry.ShapeDefinitionCache.#122.Layers	2	2
definition_snapshot.CargoExchanger.ShapeCargoLoaderUnloader.LoaderFactory.ShapeRegistry.ShapeDefinitionCache.#123.Layers	2	2
definition_snapshot.CargoExchanger.ShapeCargoLoaderUnloader.LoaderFactory.ShapeRegistry.ShapeDefinitionCache.#128.Layers	2	2
definition_snapshot.CargoExchanger.ShapeCargoLoaderUnloader.LoaderFactory.ShapeRegistry.ShapeDefinitionCache.#17.Layers	2	2
definition_snapshot.CargoExchanger.ShapeCargoLoaderUnloader.LoaderFactory.ShapeRegistry.ShapeDefinitionCache.#18.Layers	2	2
definition_snapshot.CargoExchanger.ShapeCargoLoaderUnloader.LoaderFactory.ShapeRegistry.ShapeDefinitionCache.#19.Layers	2	2
definition_snapshot.CargoExchanger.ShapeCargoLoaderUnloader.LoaderFactory.ShapeRegistry.ShapeDefinitionCache.#20.Layers	2	2
definition_snapshot.CargoExchanger.ShapeCargoLoaderUnloader.LoaderFactory.ShapeRegistry.ShapeDefinitionCache.#3.Layers	2	2
definition_snapshot.CargoExchanger.ShapeCargoLoaderUnloader.LoaderFactory.ShapeRegistry.ShapeDefinitionCache.#31.Layers	2	2
definition_snapshot.CargoExchanger.ShapeCargoLoaderUnloader.LoaderFactory.ShapeRegistry.ShapeDefinitionCache.#32.Layers	2	2
definition_snapshot.CargoExchanger.ShapeCargoLoaderUnloader.LoaderFactory.ShapeRegistry.ShapeDefinitionCache.#33.Layers	2	2
definition_snapshot.CargoExchanger.ShapeCargoLoaderUnloader.LoaderFactory.ShapeRegistry.ShapeDefinitionCache.#34.Layers	2	2
definition_snapshot.CargoExchanger.ShapeCargoLoaderUnloader.LoaderFactory.ShapeRegistry.ShapeDefinitionCache.#4.Layers	2	2
definition_snapshot.CargoExchanger.ShapeCargoLoaderUnloader.LoaderFactory.ShapeRegistry.ShapeDefinitionCache.#40.Layers	2	2
definition_snapshot.CargoExchanger.ShapeCargoLoaderUnloader.LoaderFactory.ShapeRegistry.ShapeDefinitionCache.#41.Layers	2	2
definition_snapshot.CargoExchanger.ShapeCargoLoaderUnloader.LoaderFactory.ShapeRegistry.ShapeDefinitionCache.#42.Layers	2	2
definition_snapshot.CargoExchanger.ShapeCargoLoaderUnloader.LoaderFactory.ShapeRegistry.ShapeDefinitionCache.#43.Layers	2	2
definition_snapshot.CargoExchanger.ShapeCargoLoaderUnloader.LoaderFactory.ShapeRegistry.ShapeDefinitionCache.#44.Layers	2	2
definition_snapshot.CargoExchanger.ShapeCargoLoaderUnloader.LoaderFactory.ShapeRegistry.ShapeDefinitionCache.#45.Layers	2	2
definition_snapshot.CargoExchanger.ShapeCargoLoaderUnloader.LoaderFactory.ShapeRegistry.ShapeDefinitionCache.#46.Layers	2	2
definition_snapshot.CargoExchanger.ShapeCargoLoaderUnloader.LoaderFactory.ShapeRegistry.ShapeDefinitionCache.#47.Layers	2	2
definition_snapshot.CargoExchanger.ShapeCargoLoaderUnloader.LoaderFactory.ShapeRegistry.ShapeDefinitionCache.#48.Layers	2	2
definition_snapshot.CargoExchanger.ShapeCargoLoaderUnloader.LoaderFactory.ShapeRegistry.ShapeDefinitionCache.#49.Layers	2	2
definition_snapshot.CargoExchanger.ShapeCargoLoaderUnloader.LoaderFactory.ShapeRegistry.ShapeDefinitionCache.#5.Layers	2	2
definition_snapshot.CargoExchanger.ShapeCargoLoaderUnloader.LoaderFactory.ShapeRegistry.ShapeDefinitionCache.#6.Layers	2	2
definition_snapshot.CargoExchanger.ShapeCargoLoaderUnloader.LoaderFactory.ShapeRegistry.ShapeDefinitionCache.#7.Layers	2	2
definition_snapshot.CargoExchanger.ShapeCargoLoaderUnloader.LoaderFactory.ShapeRegistry.ShapeDefinitionCache.#76.Layers	2	2
definition_snapshot.CargoExchanger.ShapeCargoLoaderUnloader.LoaderFactory.ShapeRegistry.ShapeDefinitionCache.#77.Layers	2	2
definition_snapshot.CargoExchanger.ShapeCargoLoaderUnloader.LoaderFactory.ShapeRegistry.ShapeDefinitionCache.#78.Layers	2	2
definition_snapshot.CargoExchanger.ShapeCargoLoaderUnloader.LoaderFactory.ShapeRegistry.ShapeDefinitionCache.#79.Layers	2	2
definition_snapshot.CargoExchanger.ShapeCargoLoaderUnloader.LoaderFactory.ShapeRegistry.ShapeDefinitionCache.#8.Layers	2	2
definition_snapshot.CargoExchanger.ShapeCargoLoaderUnloader.LoaderFactory.ShapeRegistry.ShapeDefinitionCache.#80.Layers	2	2
definition_snapshot.CargoExchanger.ShapeCargoLoaderUnloader.LoaderFactory.ShapeRegistry.ShapeDefinitionCache.#81.Layers	2	2
definition_snapshot.ConnectableSimulations[].Buildings[].Definition.ConnectorData.<AllBuildingConnectors>k__BackingField	2	2
definition_snapshot.ConnectableSimulations[].Buildings[].Definition.ConnectorData.AllBuildingConnectors	2	2
definition_snapshot.ConnectableSimulations[].Buildings[].Definition.ConnectorData.IEntityConnectorData<Game.Core.Coordinates.LocalTilePivot,Game.Core.Coordinates.TileVector,TileDirection>.AllConnectors	2	2
definition_snapshot.ConnectableSimulations[].Buildings[].Definition.ConnectorData.LegacyBuildingIOMap.BuildingFluidJunction	2	2
definition_snapshot.ConnectableSimulations[].JunctionsByPivot.(GlobalTileCoordinate(-6449, 846, 2);South).Pivots	2	2
definition_snapshot.ConnectableSimulations[].JunctionsByPivot.(GlobalTileCoordinate(-6449, 846, 2);West).Pivots	2	2
definition_snapshot.ConnectableSimulations[].JunctionsByPivot.(GlobalTileCoordinate(-6449, 850, 2);North).Pivots	2	2
definition_snapshot.ConnectableSimulations[].JunctionsByPivot.(GlobalTileCoordinate(-6449, 850, 2);West).Pivots	2	2
definition_snapshot.ConnectableSimulations[].JunctionsByPivot.(GlobalTileCoordinate(-6451, 846, 2);East).Pivots	2	2
definition_snapshot.ConnectableSimulations[].JunctionsByPivot.(GlobalTileCoordinate(-6451, 846, 2);West).Pivots	2	2
definition_snapshot.ConnectableSimulations[].JunctionsByPivot.(GlobalTileCoordinate(-6469, 846, 2);South).Pivots	2	2
definition_snapshot.ConnectableSimulations[].JunctionsByPivot.(GlobalTileCoordinate(-6469, 846, 2);West).Pivots	2	2
definition_snapshot.ConnectableSimulations[].JunctionsByPivot.(GlobalTileCoordinate(-6469, 850, 2);North).Pivots	2	2
definition_snapshot.ConnectableSimulations[].JunctionsByPivot.(GlobalTileCoordinate(-6469, 850, 2);West).Pivots	2	2
definition_snapshot.ConnectableSimulations[].JunctionsByPivot.(GlobalTileCoordinate(-6471, 846, 2);East).Pivots	2	2
definition_snapshot.ConnectableSimulations[].JunctionsByPivot.(GlobalTileCoordinate(-6471, 846, 2);West).Pivots	2	2
definition_snapshot.ConnectableSimulations[].JunctionsByPivot.(GlobalTileCoordinate(-6489, 846, 2);South).Pivots	2	2
definition_snapshot.ConnectableSimulations[].JunctionsByPivot.(GlobalTileCoordinate(-6489, 846, 2);West).Pivots	2	2
definition_snapshot.ConnectableSimulations[].JunctionsByPivot.(GlobalTileCoordinate(-6489, 850, 2);North).Pivots	2	2
definition_snapshot.ConnectableSimulations[].JunctionsByPivot.(GlobalTileCoordinate(-6489, 850, 2);West).Pivots	2	2
definition_snapshot.ConnectableSimulations[].JunctionsByPivot.(GlobalTileCoordinate(-6491, 846, 2);East).Pivots	2	2
definition_snapshot.ConnectableSimulations[].JunctionsByPivot.(GlobalTileCoordinate(-6491, 846, 2);West).Pivots	2	2
definition_snapshot.ConnectableSimulations[].Simulation.DemandComparison.Method.ReflectedTypeInternal.DeclaredNestedTypes	2	2
definition_snapshot.ConnectableSimulations[].Simulation.DemandComparison.Method.ReturnType.CustomAttributes	2	2
definition_snapshot.FluidLoadersLookup	2	2
definition_snapshot.FluidTrainExchangerDefinitionIds	2	2
definition_snapshot.FluidUnloadersLookup	2	2
definition_snapshot.OnSimulationCreated.Listeners[].Target.ChunkBasedSystems[].FluidLoadersLookup	2	2
definition_snapshot.OnSimulationCreated.Listeners[].Target.ChunkBasedSystems[].FluidTrainExchangerDefinitionIds	2	2
definition_snapshot.OnSimulationCreated.Listeners[].Target.ChunkBasedSystems[].FluidUnloadersLookup	2	2
definition_snapshot.OnSimulationCreated.Listeners[].Target.ChunkBasedSystems[].ShapeLoadersLookup	2	2
definition_snapshot.OnSimulationCreated.Listeners[].Target.ChunkBasedSystems[].ShapeTransferDefinitionIds	2	2
definition_snapshot.OnSimulationCreated.Listeners[].Target.ChunkBasedSystems[].ShapeUnloadersLookup	2	2
definition_snapshot.OnSimulationCreated.Listeners[].Target.GenericIslandObserverSystems	2	2
definition_snapshot.OnSimulationCreated.Listeners[].Target.Layout.OnBuildingAdded.Listeners	2	2
definition_snapshot.OnSimulationCreated.Listeners[].Target.Layout.OnBuildingRemoved.Listeners	2	2
definition_snapshot.OnSimulationCreated.Listeners[].Target.Layout.OnBunchEditFinished.Listeners	2	2
definition_snapshot.OnSimulationCreated.Listeners[].Target.Layout.OnBunchEditStarted.Listeners	2	2
definition_snapshot.OnSimulationCreated.Listeners[].Target.SpecializedBuildingTenantSystemsByType.BeltPortReceiverInternalVariant	2	2
definition_snapshot.OnSimulationCreated.Listeners[].Target.SpecializedBuildingTenantSystemsByType.FluidPortReceiverInternalVariant	2	2
definition_snapshot.OnSimulationCreated.Listeners[].Target.SpecializedBuildingTenantSystemsByType.FluidPortSenderInternalVariant	2	2
definition_snapshot.ShapeLoadersLookup	2	2
definition_snapshot.ShapeTransferDefinitionIds	2	2
definition_snapshot.ShapeUnloadersLookup	2	2
definition_snapshot.SimulationFactory.Operation.CutOperation.ShapeRegistry.ShapeDefinitionCache.#106.Layers	2	2
definition_snapshot.SimulationFactory.Operation.CutOperation.ShapeRegistry.ShapeDefinitionCache.#107.Layers	2	2
definition_snapshot.SimulationFactory.Operation.CutOperation.ShapeRegistry.ShapeDefinitionCache.#108.Layers	2	2
definition_snapshot.SimulationFactory.Operation.CutOperation.ShapeRegistry.ShapeDefinitionCache.#109.Layers	2	2
definition_snapshot.SimulationFactory.Operation.CutOperation.ShapeRegistry.ShapeDefinitionCache.#11.Layers	2	2
definition_snapshot.SimulationFactory.Operation.CutOperation.ShapeRegistry.ShapeDefinitionCache.#119.Layers	2	2
definition_snapshot.SimulationFactory.Operation.CutOperation.ShapeRegistry.ShapeDefinitionCache.#12.Layers	2	2
definition_snapshot.SimulationFactory.Operation.CutOperation.ShapeRegistry.ShapeDefinitionCache.#120.Layers	2	2
definition_snapshot.SimulationFactory.Operation.CutOperation.ShapeRegistry.ShapeDefinitionCache.#121.Layers	2	2
definition_snapshot.SimulationFactory.Operation.CutOperation.ShapeRegistry.ShapeDefinitionCache.#122.Layers	2	2
definition_snapshot.SimulationFactory.Operation.CutOperation.ShapeRegistry.ShapeDefinitionCache.#123.Layers	2	2
definition_snapshot.SimulationFactory.Operation.CutOperation.ShapeRegistry.ShapeDefinitionCache.#128.Layers	2	2
definition_snapshot.SimulationFactory.Operation.CutOperation.ShapeRegistry.ShapeDefinitionCache.#17.Layers	2	2
definition_snapshot.SimulationFactory.Operation.CutOperation.ShapeRegistry.ShapeDefinitionCache.#18.Layers	2	2
definition_snapshot.SimulationFactory.Operation.CutOperation.ShapeRegistry.ShapeDefinitionCache.#19.Layers	2	2
definition_snapshot.SimulationFactory.Operation.CutOperation.ShapeRegistry.ShapeDefinitionCache.#20.Layers	2	2
definition_snapshot.SimulationFactory.Operation.CutOperation.ShapeRegistry.ShapeDefinitionCache.#3.Layers	2	2
definition_snapshot.SimulationFactory.Operation.CutOperation.ShapeRegistry.ShapeDefinitionCache.#31.Layers	2	2
definition_snapshot.SimulationFactory.Operation.CutOperation.ShapeRegistry.ShapeDefinitionCache.#32.Layers	2	2
definition_snapshot.SimulationFactory.Operation.CutOperation.ShapeRegistry.ShapeDefinitionCache.#33.Layers	2	2
definition_snapshot.SimulationFactory.Operation.CutOperation.ShapeRegistry.ShapeDefinitionCache.#34.Layers	2	2
definition_snapshot.SimulationFactory.Operation.CutOperation.ShapeRegistry.ShapeDefinitionCache.#4.Layers	2	2
definition_snapshot.SimulationFactory.Operation.CutOperation.ShapeRegistry.ShapeDefinitionCache.#40.Layers	2	2
definition_snapshot.SimulationFactory.Operation.CutOperation.ShapeRegistry.ShapeDefinitionCache.#41.Layers	2	2
definition_snapshot.SimulationFactory.Operation.CutOperation.ShapeRegistry.ShapeDefinitionCache.#42.Layers	2	2
definition_snapshot.SimulationFactory.Operation.CutOperation.ShapeRegistry.ShapeDefinitionCache.#43.Layers	2	2
definition_snapshot.SimulationFactory.Operation.CutOperation.ShapeRegistry.ShapeDefinitionCache.#44.Layers	2	2
definition_snapshot.SimulationFactory.Operation.CutOperation.ShapeRegistry.ShapeDefinitionCache.#45.Layers	2	2
definition_snapshot.SimulationFactory.Operation.CutOperation.ShapeRegistry.ShapeDefinitionCache.#46.Layers	2	2
definition_snapshot.SimulationFactory.Operation.CutOperation.ShapeRegistry.ShapeDefinitionCache.#47.Layers	2	2
definition_snapshot.SimulationFactory.Operation.CutOperation.ShapeRegistry.ShapeDefinitionCache.#48.Layers	2	2
definition_snapshot.SimulationFactory.Operation.CutOperation.ShapeRegistry.ShapeDefinitionCache.#49.Layers	2	2
definition_snapshot.SimulationFactory.Operation.CutOperation.ShapeRegistry.ShapeDefinitionCache.#5.Layers	2	2
definition_snapshot.SimulationFactory.Operation.CutOperation.ShapeRegistry.ShapeDefinitionCache.#6.Layers	2	2
definition_snapshot.SimulationFactory.Operation.CutOperation.ShapeRegistry.ShapeDefinitionCache.#7.Layers	2	2
definition_snapshot.SimulationFactory.Operation.CutOperation.ShapeRegistry.ShapeDefinitionCache.#76.Layers	2	2
definition_snapshot.SimulationFactory.Operation.CutOperation.ShapeRegistry.ShapeDefinitionCache.#77.Layers	2	2
definition_snapshot.SimulationFactory.Operation.CutOperation.ShapeRegistry.ShapeDefinitionCache.#78.Layers	2	2
definition_snapshot.SimulationFactory.Operation.CutOperation.ShapeRegistry.ShapeDefinitionCache.#79.Layers	2	2
definition_snapshot.SimulationFactory.Operation.CutOperation.ShapeRegistry.ShapeDefinitionCache.#8.Layers	2	2
definition_snapshot.SimulationFactory.Operation.CutOperation.ShapeRegistry.ShapeDefinitionCache.#80.Layers	2	2
definition_snapshot.SimulationFactory.Operation.CutOperation.ShapeRegistry.ShapeDefinitionCache.#81.Layers	2	2
definition_snapshot.TrainIslands.Exchange.FluidLoaders	2	2
definition_snapshot.TrainIslands.Exchange.FluidUnloaders	2	2
definition_snapshot.TrainIslands.Exchange.ShapeLoaders	2	2
definition_snapshot.TrainIslands.Exchange.ShapeUnloaders	2	2
definition_snapshot.TrainIslands.Navigation.Catcher.IEntityDefinition.CustomData.All[].AllConnections	2	2
definition_snapshot.TrainIslands.Navigation.Catcher.IEntityDefinition.CustomData.All[].IEntityConnectorData<Game.Core.Coordinates.LocalChunkPivot,Game.Core.Coordinates.ChunkVector,Game.Core.Coordinates.ChunkDirection>.AllConnectors	2	2
definition_snapshot.TrainIslands.Navigation.Launcher.IEntityDefinition.CustomData.All[].AllConnections	2	2
definition_snapshot.TrainIslands.Navigation.Launcher.IEntityDefinition.CustomData.All[].IEntityConnectorData<Game.Core.Coordinates.LocalChunkPivot,Game.Core.Coordinates.ChunkVector,Game.Core.Coordinates.ChunkDirection>.AllConnectors	2	2
definition_snapshot.TrainIslands.Navigation.Loops	2	2
definition_snapshot.TrainIslands.Navigation.QuickStation.IEntityDefinition.CustomData.All[].AllConnections	2	2
definition_snapshot.TrainIslands.Navigation.QuickStation.IEntityDefinition.CustomData.All[].IEntityConnectorData<Game.Core.Coordinates.LocalChunkPivot,Game.Core.Coordinates.ChunkVector,Game.Core.Coordinates.ChunkDirection>.AllConnectors	2	2
definition_snapshot.TrainIslands.Navigation.Twister.IEntityDefinition.CustomData.All[].AllConnections	2	2
definition_snapshot.TrainIslands.Navigation.Twister.IEntityDefinition.CustomData.All[].IEntityConnectorData<Game.Core.Coordinates.LocalChunkPivot,Game.Core.Coordinates.ChunkVector,Game.Core.Coordinates.ChunkDirection>.AllConnectors	2	2
definition_snapshot.TrainIslands.Navigation.WaitStation.IEntityDefinition.CustomData.All[].AllConnections	2	2
definition_snapshot.TrainIslands.Navigation.WaitStation.IEntityDefinition.CustomData.All[].IEntityConnectorData<Game.Core.Coordinates.LocalChunkPivot,Game.Core.Coordinates.ChunkVector,Game.Core.Coordinates.ChunkDirection>.AllConnectors	2	2
definition_snapshot.TrainIslands.Production.FillerCargoFactory.IEntityDefinition.CustomData.All[].AllConnections	2	2
definition_snapshot.TrainIslands.Production.FillerCargoFactory.IEntityDefinition.CustomData.All[].IEntityConnectorData<Game.Core.Coordinates.LocalChunkPivot,Game.Core.Coordinates.ChunkVector,Game.Core.Coordinates.ChunkDirection>.AllConnectors	2	2
definition_snapshot.TrainIslands.Production.FluidCargoFactory.IEntityDefinition.CustomData.All[].AllConnections	2	2
definition_snapshot.TrainIslands.Production.FluidCargoFactory.IEntityDefinition.CustomData.All[].IEntityConnectorData<Game.Core.Coordinates.LocalChunkPivot,Game.Core.Coordinates.ChunkVector,Game.Core.Coordinates.ChunkDirection>.AllConnectors	2	2
definition_snapshot.TrainIslands.Production.ShapeCargoFactory.IEntityDefinition.CustomData.All[].AllConnections	2	2
definition_snapshot.TrainIslands.Production.ShapeCargoFactory.IEntityDefinition.CustomData.All[].IEntityConnectorData<Game.Core.Coordinates.LocalChunkPivot,Game.Core.Coordinates.ChunkVector,Game.Core.Coordinates.ChunkDirection>.AllConnectors	2	2
definition_snapshot.TrainsSimulation.NavigationPredictor.InputsByRoutedOutput.Activator.Method.ReflectedTypeInternal.DeclaredConstructors	2	2
definition_snapshot.TrainsSimulation.NavigationPredictor.RoutesByInput.Activator.Method.ReflectedTypeInternal.DeclaredConstructors	2	2
definition_snapshot._HubIslands[].Definition.Layout.ChunkInformationByPosition.(-1, -1, 0).NotchDirections_L	2	2
definition_snapshot._HubIslands[].Definition.Layout.ChunkInformationByPosition.(-1, -1, 0).Notches	2	2
definition_snapshot._HubIslands[].Definition.Layout.ChunkInformationByPosition.(-1, 1, 0).NotchDirections_L	2	2
definition_snapshot._HubIslands[].Definition.Layout.ChunkInformationByPosition.(-1, 1, 0).Notches	2	2
definition_snapshot._HubIslands[].Definition.Layout.ChunkInformationByPosition.(1, -1, 0).NotchDirections_L	2	2
definition_snapshot._HubIslands[].Definition.Layout.ChunkInformationByPosition.(1, -1, 0).Notches	2	2
definition_snapshot._HubIslands[].Definition.Layout.ChunkInformationByPosition.(1, 1, 0).NotchDirections_L	2	2
definition_snapshot._HubIslands[].Definition.Layout.ChunkInformationByPosition.(1, 1, 0).Notches	2	2
simulation_parameters.ConnectableSimulations[].JunctionsByPivot.(GlobalTileCoordinate(-6449, 846, 2);South).Pivots	2	2
simulation_parameters.ConnectableSimulations[].JunctionsByPivot.(GlobalTileCoordinate(-6449, 846, 2);West).Pivots	2	2
simulation_parameters.ConnectableSimulations[].JunctionsByPivot.(GlobalTileCoordinate(-6449, 850, 2);North).Pivots	2	2
simulation_parameters.ConnectableSimulations[].JunctionsByPivot.(GlobalTileCoordinate(-6449, 850, 2);West).Pivots	2	2
simulation_parameters.ConnectableSimulations[].JunctionsByPivot.(GlobalTileCoordinate(-6451, 846, 2);East).Pivots	2	2
simulation_parameters.ConnectableSimulations[].JunctionsByPivot.(GlobalTileCoordinate(-6451, 846, 2);West).Pivots	2	2
simulation_parameters.ConnectableSimulations[].JunctionsByPivot.(GlobalTileCoordinate(-6469, 846, 2);South).Pivots	2	2
simulation_parameters.ConnectableSimulations[].JunctionsByPivot.(GlobalTileCoordinate(-6469, 846, 2);West).Pivots	2	2
simulation_parameters.ConnectableSimulations[].JunctionsByPivot.(GlobalTileCoordinate(-6469, 850, 2);North).Pivots	2	2
simulation_parameters.ConnectableSimulations[].JunctionsByPivot.(GlobalTileCoordinate(-6469, 850, 2);West).Pivots	2	2
simulation_parameters.ConnectableSimulations[].JunctionsByPivot.(GlobalTileCoordinate(-6471, 846, 2);East).Pivots	2	2
simulation_parameters.ConnectableSimulations[].JunctionsByPivot.(GlobalTileCoordinate(-6471, 846, 2);West).Pivots	2	2
simulation_parameters.ConnectableSimulations[].JunctionsByPivot.(GlobalTileCoordinate(-6489, 846, 2);South).Pivots	2	2
simulation_parameters.ConnectableSimulations[].JunctionsByPivot.(GlobalTileCoordinate(-6489, 846, 2);West).Pivots	2	2
simulation_parameters.ConnectableSimulations[].JunctionsByPivot.(GlobalTileCoordinate(-6489, 850, 2);North).Pivots	2	2
simulation_parameters.ConnectableSimulations[].JunctionsByPivot.(GlobalTileCoordinate(-6489, 850, 2);West).Pivots	2	2
simulation_parameters.ConnectableSimulations[].JunctionsByPivot.(GlobalTileCoordinate(-6491, 846, 2);East).Pivots	2	2
simulation_parameters.ConnectableSimulations[].JunctionsByPivot.(GlobalTileCoordinate(-6491, 846, 2);West).Pivots	2	2
simulation_parameters.FluidLoadersLookup	2	2
simulation_parameters.FluidTrainExchangerDefinitionIds	2	2
simulation_parameters.FluidUnloadersLookup	2	2
simulation_parameters.OnSimulationCreated.Listeners[].Target.GenericIslandObserverSystems	2	2
simulation_parameters.OnSimulationCreated.Listeners[].Target.SpecializedBuildingTenantSystemsByType.BeltPortReceiverInternalVariant	2	2
simulation_parameters.OnSimulationCreated.Listeners[].Target.SpecializedBuildingTenantSystemsByType.FluidPortReceiverInternalVariant	2	2
simulation_parameters.OnSimulationCreated.Listeners[].Target.SpecializedBuildingTenantSystemsByType.FluidPortSenderInternalVariant	2	2
simulation_parameters.ShapeLoadersLookup	2	2
simulation_parameters.ShapeTransferDefinitionIds	2	2
simulation_parameters.ShapeUnloadersLookup	2	2
definition_snapshot.Interlock.ResearchUnlockManager.UnlockProgressManager.Progression.SideQuests[].<Costs>k__BackingField	4608	1
definition_snapshot.Interlock.ResearchUnlockManager.UnlockProgressManager.Progression.SideQuests[].<Rewards>k__BackingField	4608	1
definition_snapshot.Interlock.ResearchUnlockManager.UnlockProgressManager.Progression.SideQuests[].Costs	4608	1
definition_snapshot.Interlock.ResearchUnlockManager.UnlockProgressManager.Progression.SideQuests[].Rewards	4608	1
definition_snapshot.Interlock.ResearchUnlockManager.Mode.Buildings.All[].<PlacementIndicatorTypes>k__BackingField	2412	1
definition_snapshot.Interlock.ResearchUnlockManager.Mode.Buildings.All[].PlacementIndicatorTypes	2412	1
definition_snapshot.Interlock.ResearchUnlockManager.UnlockProgressManager.Progression.SideUpgrades[].<Costs>k__BackingField	1836	1
definition_snapshot.Interlock.ResearchUnlockManager.UnlockProgressManager.Progression.SideUpgrades[].<RequiredMechanics>k__BackingField	1836	1
definition_snapshot.Interlock.ResearchUnlockManager.UnlockProgressManager.Progression.SideUpgrades[].<RequiredUpgrades>k__BackingField	1836	1
definition_snapshot.Interlock.ResearchUnlockManager.UnlockProgressManager.Progression.SideUpgrades[].Costs	1836	1
definition_snapshot.Interlock.ResearchUnlockManager.UnlockProgressManager.Progression.SideUpgrades[].RequiredMechanics	1836	1
definition_snapshot.Interlock.ResearchUnlockManager.UnlockProgressManager.Progression.SideUpgrades[].RequiredUpgrades	1836	1
definition_snapshot.Interlock.ResearchUnlockManager.UnlockProgressManager.Progression.SideQuestGroups[].<RequiredUpgrades>k__BackingField	1476	1
definition_snapshot.Interlock.ResearchUnlockManager.UnlockProgressManager.Progression.SideQuestGroups[].RequiredUpgrades	1476	1
definition_snapshot.ISimulationSystem.OnSimulationCreated.Listeners[].Target.Systems[].ISpecializedIslandTenantSimulationSystem.SpecializedIslands	1014	1
definition_snapshot.Interlock.ResearchUnlockManager.Mode.PlayerLevelConfig.GoalLines[].<RequiredUpgrades>k__BackingField	504	1
definition_snapshot.Interlock.ResearchUnlockManager.Mode.PlayerLevelConfig.GoalLines[].RequiredUpgrades	504	1
definition_snapshot.Interlock.ResearchUnlockManager.UnlockProgressManager.Progression.Levels[].<RequiredUpgrades>k__BackingField	468	1
definition_snapshot.Interlock.ResearchUnlockManager.UnlockProgressManager.Progression.Levels[].RequiredUpgrades	468	1
definition_snapshot.Interlock.ResearchUnlockManager.Mode.ResearchConfig.BlueprintCurrencyShapes[].<RequiredUpgrades>k__BackingField	180	1
definition_snapshot.Interlock.ResearchUnlockManager.Mode.ResearchConfig.BlueprintCurrencyShapes[].RequiredUpgrades	180	1
definition_snapshot.Interlock.ResearchUnlockManager.Mode.PlayerLevelConfig.Rewards[].Rewards	108	1
definition_snapshot.ConnectableSimulations[].Simulation.OnLaneTrashesItem.Listeners	94	1
simulation_parameters.ConnectableSimulations[].Simulation.OnLaneTrashesItem.Listeners	94	1
definition_snapshot.IRocketProducerSystem.OnRocketProduced.Listeners[].Method.ReflectedTypeInternal.CustomAttributes	72	1
definition_snapshot.IRocketProducerSystem.OnRocketProduced.Listeners[].Method.ReflectedTypeInternal.DeclaredConstructors	72	1
definition_snapshot.IRocketProducerSystem.OnRocketProduced.Listeners[].Method.ReflectedTypeInternal.DeclaredProperties	72	1
definition_snapshot.ISimulationSystem.OnBeforeSimulationDestroyed.Listeners	48	1
definition_snapshot.ISimulationSystem.OnSimulationCreated.Listeners	48	1
definition_snapshot.ISimulationSystem.OnSimulationCreated.Listeners[].Method.Module.Assembly.Modules	48	1
definition_snapshot.ISimulationSystem.OnSimulationCreated.Listeners[].Method.ReflectedTypeInternal.DeclaredConstructors	48	1
definition_snapshot.ISimulationSystem.OnSimulationCreated.Listeners[].Target.BunchEditSystems	48	1
definition_snapshot.ISimulationSystem.OnSimulationCreated.Listeners[].Target.ISimulator.OnBeforeSimulationDestroyed.Listeners	48	1
definition_snapshot.ISimulationSystem.OnSimulationCreated.Listeners[].Target.ISimulator.OnSimulationCreated.Listeners	48	1
definition_snapshot.ISimulationSystem.OnSimulationCreated.Listeners[].Target.SimulationGraph.ClusterPool.PooledInstances	48	1
definition_snapshot.ISimulationSystem.OnSimulationCreated.Listeners[].Target.SimulationGraph.ClustersByChunk.GlobalChunkCoordinate(-323, 41, 0)	48	1
definition_snapshot.ISimulationSystem.OnSimulationCreated.Listeners[].Target.SimulationGraph.ClustersByChunk.GlobalChunkCoordinate(-323, 42, 0)	48	1
definition_snapshot.ISimulationSystem.OnSimulationCreated.Listeners[].Target.SimulationGraph.ClustersByChunk.GlobalChunkCoordinate(-324, 41, 0)	48	1
definition_snapshot.ISimulationSystem.OnSimulationCreated.Listeners[].Target.SimulationGraph.ClustersByChunk.GlobalChunkCoordinate(-324, 42, 0)	48	1
definition_snapshot.ISimulationSystem.OnSimulationCreated.Listeners[].Target.SimulationGraph.ClustersByChunk.GlobalChunkCoordinate(-325, 41, 0)	48	1
definition_snapshot.ISimulationSystem.OnSimulationCreated.Listeners[].Target.SimulationGraph.ClustersByChunk.GlobalChunkCoordinate(-325, 42, 0)	48	1
definition_snapshot.ISimulationSystem.OnSimulationCreated.Listeners[].Target.SimulationGraph.ClustersByChunk.GlobalChunkCoordinate(-373, 2, 0)	48	1
definition_snapshot.ISimulationSystem.OnSimulationCreated.Listeners[].Target.SimulationGraph.ClustersByChunk.GlobalChunkCoordinate(-373, 3, 0)	48	1
definition_snapshot.ISimulationSystem.OnSimulationCreated.Listeners[].Target.SimulationGraph.ClustersByChunk.GlobalChunkCoordinate(-376, 7, 0)	48	1
definition_snapshot.ISimulationSystem.OnSimulationCreated.Listeners[].Target.SimulationGraph.ClustersByChunk.GlobalChunkCoordinate(-379, -2, 0)	48	1
definition_snapshot.ISimulationSystem.OnSimulationCreated.Listeners[].Target.SimulationGraph.ClustersByChunk.GlobalChunkCoordinate(-379, -3, 0)	48	1
definition_snapshot.ISimulationSystem.OnSimulationCreated.Listeners[].Target.SimulationGraph.ClustersByChunk.GlobalChunkCoordinate(-379, 0, 0)	48	1
definition_snapshot.ISimulationSystem.OnSimulationCreated.Listeners[].Target.SimulationGraph.ClustersByChunk.GlobalChunkCoordinate(-379, 1, 0)	48	1
definition_snapshot.ISimulationSystem.OnSimulationCreated.Listeners[].Target.SimulationGraph.ClustersByChunk.GlobalChunkCoordinate(-382, -2, 0)	48	1
definition_snapshot.ISimulationSystem.OnSimulationCreated.Listeners[].Target.SimulationGraph.ClustersByChunk.GlobalChunkCoordinate(-382, -3, 0)	48	1
definition_snapshot.ISimulationSystem.OnSimulationCreated.Listeners[].Target.SimulationGraph.ClustersByChunk.GlobalChunkCoordinate(-382, 1, 0)	48	1
definition_snapshot.ISimulationSystem.OnSimulationCreated.Listeners[].Target.SimulationGraph.ClustersByChunk.GlobalChunkCoordinate(-382, 2, 0)	48	1
definition_snapshot.ISimulationSystem.OnSimulationCreated.Listeners[].Target.SimulationGraph.ClustersByChunk.GlobalChunkCoordinate(-382, 4, 0)	48	1
definition_snapshot.ISimulationSystem.OnSimulationCreated.Listeners[].Target.SimulationGraph.ClustersByChunk.GlobalChunkCoordinate(-382, 5, 0)	48	1
definition_snapshot.ISimulationSystem.OnSimulationCreated.Listeners[].Target.SimulationGraph.ClustersByChunk.GlobalChunkCoordinate(-385, 0, 0)	48	1
definition_snapshot.ISimulationSystem.OnSimulationCreated.Listeners[].Target.SimulationGraph.ClustersByChunk.GlobalChunkCoordinate(-385, 1, 0)	48	1
definition_snapshot.ISimulationSystem.OnSimulationCreated.Listeners[].Target.SimulationGraph.ClustersByChunk.GlobalChunkCoordinate(-386, -2, 0)	48	1
definition_snapshot.ISimulationSystem.OnSimulationCreated.Listeners[].Target.SimulationGraph.ClustersByChunk.GlobalChunkCoordinate(-386, -3, 0)	48	1
definition_snapshot.ISimulationSystem.OnSimulationCreated.Listeners[].Target.SimulationGraph.ClustersByChunk.GlobalChunkCoordinate(-386, 10, 0)	48	1
definition_snapshot.ISimulationSystem.OnSimulationCreated.Listeners[].Target.SimulationGraph.ClustersByChunk.GlobalChunkCoordinate(-386, 13, 0)	48	1
definition_snapshot.ISimulationSystem.OnSimulationCreated.Listeners[].Target.SimulationGraph.ClustersByChunk.GlobalChunkCoordinate(-386, 14, 0)	48	1
definition_snapshot.ISimulationSystem.OnSimulationCreated.Listeners[].Target.SimulationGraph.ClustersByChunk.GlobalChunkCoordinate(-386, 3, 0)	48	1
definition_snapshot.ISimulationSystem.OnSimulationCreated.Listeners[].Target.SimulationGraph.ClustersByChunk.GlobalChunkCoordinate(-386, 4, 0)	48	1
definition_snapshot.ISimulationSystem.OnSimulationCreated.Listeners[].Target.SimulationGraph.ClustersByChunk.GlobalChunkCoordinate(-386, 6, 0)	48	1
definition_snapshot.ISimulationSystem.OnSimulationCreated.Listeners[].Target.SimulationGraph.ClustersByChunk.GlobalChunkCoordinate(-386, 7, 0)	48	1
definition_snapshot.ISimulationSystem.OnSimulationCreated.Listeners[].Target.SimulationGraph.ClustersByChunk.GlobalChunkCoordinate(-386, 9, 0)	48	1
definition_snapshot.ISimulationSystem.OnSimulationCreated.Listeners[].Target.SimulationGraph.ClustersByChunk.GlobalChunkCoordinate(-389, -1, 0)	48	1
definition_snapshot.ISimulationSystem.OnSimulationCreated.Listeners[].Target.SimulationGraph.ClustersByChunk.GlobalChunkCoordinate(-389, -2, 0)	48	1
definition_snapshot.ISimulationSystem.OnSimulationCreated.Listeners[].Target.SimulationGraph.ClustersByChunk.GlobalChunkCoordinate(-389, 13, 0)	48	1
definition_snapshot.ISimulationSystem.OnSimulationCreated.Listeners[].Target.SimulationGraph.ClustersByChunk.GlobalChunkCoordinate(-389, 14, 0)	48	1
definition_snapshot.ISimulationSystem.OnSimulationCreated.Listeners[].Target.SimulationGraph.ClustersByChunk.GlobalChunkCoordinate(-389, 3, 0)	48	1
definition_snapshot.ISimulationSystem.OnSimulationCreated.Listeners[].Target.SimulationGraph.ClustersByChunk.GlobalChunkCoordinate(-389, 4, 0)	48	1
definition_snapshot.ISimulationSystem.OnSimulationCreated.Listeners[].Target.SimulationGraph.ClustersByChunk.GlobalChunkCoordinate(-389, 8, 0)	48	1
definition_snapshot.ISimulationSystem.OnSimulationCreated.Listeners[].Target.SimulationGraph.ClustersByChunk.GlobalChunkCoordinate(-389, 9, 0)	48	1
definition_snapshot.ISimulationSystem.OnSimulationCreated.Listeners[].Target.SimulationGraph.ClustersByChunk.GlobalChunkCoordinate(173, 144, 0)	48	1
definition_snapshot.ISimulationSystem.OnSimulationCreated.Listeners[].Target.SimulationGraph.ClustersByChunk.GlobalChunkCoordinate(173, 145, 0)	48	1
definition_snapshot.ISimulationSystem.OnSimulationCreated.Listeners[].Target.SimulationGraph.ClustersByChunk.GlobalChunkCoordinate(173, 146, 0)	48	1
definition_snapshot.ISimulationSystem.OnSimulationCreated.Listeners[].Target.SimulationGraph.ClustersByChunk.GlobalChunkCoordinate(174, 140, 0)	48	1
definition_snapshot.ISimulationSystem.OnSimulationCreated.Listeners[].Target.SimulationGraph.ClustersByChunk.GlobalChunkCoordinate(174, 141, 0)	48	1
definition_snapshot.ISimulationSystem.OnSimulationCreated.Listeners[].Target.SimulationGraph.ClustersByChunk.GlobalChunkCoordinate(174, 142, 0)	48	1
definition_snapshot.ISimulationSystem.OnSimulationCreated.Listeners[].Target.SimulationGraph.ClustersByChunk.GlobalChunkCoordinate(174, 143, 0)	48	1
definition_snapshot.ISimulationSystem.OnSimulationCreated.Listeners[].Target.SimulationGraph.ClustersByChunk.GlobalChunkCoordinate(174, 144, 0)	48	1
definition_snapshot.ISimulationSystem.OnSimulationCreated.Listeners[].Target.SimulationGraph.ClustersByChunk.GlobalChunkCoordinate(174, 145, 0)	48	1
definition_snapshot.ISimulationSystem.OnSimulationCreated.Listeners[].Target.SimulationGraph.ClustersByChunk.GlobalChunkCoordinate(174, 146, 0)	48	1
definition_snapshot.ISimulationSystem.OnSimulationCreated.Listeners[].Target.SimulationGraph.ClustersByChunk.GlobalChunkCoordinate(174, 151, 0)	48	1
definition_snapshot.ISimulationSystem.OnSimulationCreated.Listeners[].Target.SimulationGraph.ClustersByChunk.GlobalChunkCoordinate(175, 140, 0)	48	1
definition_snapshot.ISimulationSystem.OnSimulationCreated.Listeners[].Target.SimulationGraph.ClustersByChunk.GlobalChunkCoordinate(175, 141, 0)	48	1
definition_snapshot.ISimulationSystem.OnSimulationCreated.Listeners[].Target.SimulationGraph.ClustersByChunk.GlobalChunkCoordinate(175, 142, 0)	48	1
definition_snapshot.ISimulationSystem.OnSimulationCreated.Listeners[].Target.SimulationGraph.ClustersByChunk.GlobalChunkCoordinate(175, 143, 0)	48	1
definition_snapshot.ISimulationSystem.OnSimulationCreated.Listeners[].Target.SimulationGraph.ClustersByChunk.GlobalChunkCoordinate(175, 144, 0)	48	1
definition_snapshot.ISimulationSystem.OnSimulationCreated.Listeners[].Target.SimulationGraph.ClustersByChunk.GlobalChunkCoordinate(175, 145, 0)	48	1
definition_snapshot.ISimulationSystem.OnSimulationCreated.Listeners[].Target.SimulationGraph.ClustersByChunk.GlobalChunkCoordinate(175, 146, 0)	48	1
definition_snapshot.ISimulationSystem.OnSimulationCreated.Listeners[].Target.SimulationGraph.ClustersByChunk.GlobalChunkCoordinate(175, 147, 1)	48	1
definition_snapshot.ISimulationSystem.OnSimulationCreated.Listeners[].Target.SimulationGraph.ClustersByChunk.GlobalChunkCoordinate(175, 149, 0)	48	1
definition_snapshot.ISimulationSystem.OnSimulationCreated.Listeners[].Target.SimulationGraph.ClustersByChunk.GlobalChunkCoordinate(175, 150, 0)	48	1
definition_snapshot.ISimulationSystem.OnSimulationCreated.Listeners[].Target.SimulationGraph.ClustersByChunk.GlobalChunkCoordinate(175, 151, 0)	48	1
definition_snapshot.ISimulationSystem.OnSimulationCreated.Listeners[].Target.SimulationGraph.ClustersByChunk.GlobalChunkCoordinate(175, 152, 0)	48	1
definition_snapshot.ISimulationSystem.OnSimulationCreated.Listeners[].Target.SimulationGraph.ClustersByChunk.GlobalChunkCoordinate(175, 153, 0)	48	1
definition_snapshot.ISimulationSystem.OnSimulationCreated.Listeners[].Target.SimulationGraph.ClustersByChunk.GlobalChunkCoordinate(176, 145, 0)	48	1
definition_snapshot.ISimulationSystem.OnSimulationCreated.Listeners[].Target.SimulationGraph.ClustersByChunk.GlobalChunkCoordinate(176, 147, 0)	48	1
definition_snapshot.ISimulationSystem.OnSimulationCreated.Listeners[].Target.SimulationGraph.ClustersByChunk.GlobalChunkCoordinate(176, 147, 1)	48	1
definition_snapshot.ISimulationSystem.OnSimulationCreated.Listeners[].Target.SimulationGraph.ClustersByChunk.GlobalChunkCoordinate(176, 150, 0)	48	1
definition_snapshot.ISimulationSystem.OnSimulationCreated.Listeners[].Target.SimulationGraph.ClustersByChunk.GlobalChunkCoordinate(407, -1, 0)	48	1
definition_snapshot.ISimulationSystem.OnSimulationCreated.Listeners[].Target.SimulationGraph.ClustersByChunk.GlobalChunkCoordinate(407, -2, 0)	48	1
definition_snapshot.ISimulationSystem.OnSimulationCreated.Listeners[].Target.SimulationGraph.ClustersByChunk.GlobalChunkCoordinate(407, -3, 0)	48	1
definition_snapshot.ISimulationSystem.OnSimulationCreated.Listeners[].Target.SimulationGraph.ClustersByChunk.GlobalChunkCoordinate(407, -4, 0)	48	1
definition_snapshot.ISimulationSystem.OnSimulationCreated.Listeners[].Target.SimulationGraph.ClustersByChunk.GlobalChunkCoordinate(407, -5, 0)	48	1
definition_snapshot.ISimulationSystem.OnSimulationCreated.Listeners[].Target.SimulationGraph.ClustersByChunk.GlobalChunkCoordinate(407, -6, 0)	48	1
definition_snapshot.ISimulationSystem.OnSimulationCreated.Listeners[].Target.SimulationGraph.ClustersByChunk.GlobalChunkCoordinate(407, -7, 0)	48	1
definition_snapshot.ISimulationSystem.OnSimulationCreated.Listeners[].Target.SimulationGraph.ClustersByChunk.GlobalChunkCoordinate(407, -8, 0)	48	1
definition_snapshot.ISimulationSystem.OnSimulationCreated.Listeners[].Target.SimulationGraph.ClustersByChunk.GlobalChunkCoordinate(407, 0, 0)	48	1
definition_snapshot.ISimulationSystem.OnSimulationCreated.Listeners[].Target.SimulationGraph.ClustersByChunk.GlobalChunkCoordinate(407, 1, 0)	48	1
definition_snapshot.ISimulationSystem.OnSimulationCreated.Listeners[].Target.SimulationGraph.ClustersByChunk.GlobalChunkCoordinate(407, 3, 0)	48	1
definition_snapshot.ISimulationSystem.OnSimulationCreated.Listeners[].Target.SimulationGraph.ClustersByChunk.GlobalChunkCoordinate(408, -1, 0)	48	1
definition_snapshot.ISimulationSystem.OnSimulationCreated.Listeners[].Target.SimulationGraph.ClustersByChunk.GlobalChunkCoordinate(408, -2, 0)	48	1
definition_snapshot.ISimulationSystem.OnSimulationCreated.Listeners[].Target.SimulationGraph.ClustersByChunk.GlobalChunkCoordinate(408, -3, 0)	48	1
definition_snapshot.ISimulationSystem.OnSimulationCreated.Listeners[].Target.SimulationGraph.ClustersByChunk.GlobalChunkCoordinate(408, -4, 0)	48	1
definition_snapshot.ISimulationSystem.OnSimulationCreated.Listeners[].Target.SimulationGraph.ClustersByChunk.GlobalChunkCoordinate(408, -5, 0)	48	1
definition_snapshot.ISimulationSystem.OnSimulationCreated.Listeners[].Target.SimulationGraph.ClustersByChunk.GlobalChunkCoordinate(408, -6, 0)	48	1
definition_snapshot.ISimulationSystem.OnSimulationCreated.Listeners[].Target.SimulationGraph.ClustersByChunk.GlobalChunkCoordinate(408, -7, 0)	48	1
definition_snapshot.ISimulationSystem.OnSimulationCreated.Listeners[].Target.SimulationGraph.ClustersByChunk.GlobalChunkCoordinate(408, -8, 0)	48	1
definition_snapshot.ISimulationSystem.OnSimulationCreated.Listeners[].Target.SimulationGraph.ClustersByChunk.GlobalChunkCoordinate(408, 0, 0)	48	1
definition_snapshot.ISimulationSystem.OnSimulationCreated.Listeners[].Target.SimulationGraph.ClustersByChunk.GlobalChunkCoordinate(408, 1, 0)	48	1
definition_snapshot.ISimulationSystem.OnSimulationCreated.Listeners[].Target.SimulationGraph.ClustersByChunk.GlobalChunkCoordinate(408, 2, 0)	48	1
definition_snapshot.ISimulationSystem.OnSimulationCreated.Listeners[].Target.SimulationGraph.ClustersByChunk.GlobalChunkCoordinate(408, 3, 0)	48	1
definition_snapshot.ISimulationSystem.OnSimulationCreated.Listeners[].Target.SimulationGraph.ClustersByChunk.GlobalChunkCoordinate(409, -1, 0)	48	1
definition_snapshot.ISimulationSystem.OnSimulationCreated.Listeners[].Target.SimulationGraph.ClustersByChunk.GlobalChunkCoordinate(409, -2, 0)	48	1
definition_snapshot.ISimulationSystem.OnSimulationCreated.Listeners[].Target.SimulationGraph.ClustersByChunk.GlobalChunkCoordinate(409, -3, 0)	48	1
definition_snapshot.ISimulationSystem.OnSimulationCreated.Listeners[].Target.SimulationGraph.ClustersByChunk.GlobalChunkCoordinate(409, -4, 0)	48	1
definition_snapshot.ISimulationSystem.OnSimulationCreated.Listeners[].Target.SimulationGraph.ClustersByChunk.GlobalChunkCoordinate(409, -5, 0)	48	1
definition_snapshot.ISimulationSystem.OnSimulationCreated.Listeners[].Target.SimulationGraph.ClustersByChunk.GlobalChunkCoordinate(409, -6, 0)	48	1
definition_snapshot.ISimulationSystem.OnSimulationCreated.Listeners[].Target.SimulationGraph.ClustersByChunk.GlobalChunkCoordinate(409, -7, 0)	48	1
definition_snapshot.ISimulationSystem.OnSimulationCreated.Listeners[].Target.SimulationGraph.ClustersByChunk.GlobalChunkCoordinate(409, -8, 0)	48	1
definition_snapshot.ISimulationSystem.OnSimulationCreated.Listeners[].Target.SimulationGraph.ClustersByChunk.GlobalChunkCoordinate(409, 0, 0)	48	1
definition_snapshot.ISimulationSystem.OnSimulationCreated.Listeners[].Target.SimulationGraph.ClustersByChunk.GlobalChunkCoordinate(409, 1, 0)	48	1
definition_snapshot.ISimulationSystem.OnSimulationCreated.Listeners[].Target.SimulationGraph.ClustersByChunk.GlobalChunkCoordinate(409, 3, 0)	48	1
definition_snapshot.ISimulationSystem.OnSimulationCreated.Listeners[].Target.SimulationGraph.ClustersByChunk.GlobalChunkCoordinate(410, -3, 0)	48	1
definition_snapshot.ISimulationSystem.OnSimulationCreated.Listeners[].Target.SimulationGraph.ClustersByChunk.GlobalChunkCoordinate(410, -6, 0)	48	1
definition_snapshot.ISimulationSystem.OnSimulationCreated.Listeners[].Target.SimulationGraph.ClustersByChunk.GlobalChunkCoordinate(410, -7, 0)	48	1
definition_snapshot.ISimulationSystem.OnSimulationCreated.Listeners[].Target.SimulationGraph.ClustersByChunk.GlobalChunkCoordinate(411, -1, 0)	48	1
definition_snapshot.ISimulationSystem.OnSimulationCreated.Listeners[].Target.SimulationGraph.ClustersByChunk.GlobalChunkCoordinate(411, -1, 1)	48	1
definition_snapshot.ISimulationSystem.OnSimulationCreated.Listeners[].Target.SimulationGraph.ClustersByChunk.GlobalChunkCoordinate(411, 0, 0)	48	1
definition_snapshot.ISimulationSystem.OnSimulationCreated.Listeners[].Target.SimulationGraph.ClustersByChunk.GlobalChunkCoordinate(411, 0, 1)	48	1
definition_snapshot.ISimulationSystem.OnSimulationCreated.Listeners[].Target.SimulationGraph.ClustersByChunk.GlobalChunkCoordinate(411, 1, 0)	48	1
definition_snapshot.ISimulationSystem.OnSimulationCreated.Listeners[].Target.SimulationGraph.ClustersByChunk.GlobalChunkCoordinate(411, 1, 1)	48	1
definition_snapshot.ISimulationSystem.OnSimulationCreated.Listeners[].Target.SimulationGraph.ClustersByChunk.GlobalChunkCoordinate(411, 2, 0)	48	1
definition_snapshot.ISimulationSystem.OnSimulationCreated.Listeners[].Target.SimulationGraph.ClustersByChunk.GlobalChunkCoordinate(411, 2, 1)	48	1
definition_snapshot.ISimulationSystem.OnSimulationCreated.Listeners[].Target.SimulationGraph.ClustersByChunk.GlobalChunkCoordinate(412, 1, 0)	48	1
definition_snapshot.ISimulationSystem.OnSimulationCreated.Listeners[].Target.SimulationGraph.ClustersByChunk.GlobalChunkCoordinate(412, 1, 1)	48	1
definition_snapshot.ISimulationSystem.OnSimulationCreated.Listeners[].Target.SimulationGraph.ClustersByChunk.GlobalChunkCoordinate(412, 2, 0)	48	1
definition_snapshot.ISimulationSystem.OnSimulationCreated.Listeners[].Target.SimulationGraph.ClustersByChunk.GlobalChunkCoordinate(412, 2, 1)	48	1
definition_snapshot.ISimulationSystem.OnSimulationCreated.Listeners[].Target.SimulationGraph.FreeConnectorsBySocket.MultiDictionary.Game.Core.Map.Simulation.SimulationConnectorSocket	48	1
definition_snapshot.ISimulationSystem.OnSimulationCreated.Listeners[].Target.SpecializedBuildingTenantSystemsByType.BeltDefaultForwardInternalVariant	48	1
definition_snapshot.ISimulationSystem.OnSimulationCreated.Listeners[].Target.SpecializedBuildingTenantSystemsByType.BeltDefaultLeftInternalVariant	48	1
definition_snapshot.ISimulationSystem.OnSimulationCreated.Listeners[].Target.SpecializedBuildingTenantSystemsByType.BeltDefaultLeftInternalVariantMirrored	48	1
definition_snapshot.ISimulationSystem.OnSimulationCreated.Listeners[].Target.SpecializedBuildingTenantSystemsByType.BeltFilterDefaultInternalVariant	48	1
definition_snapshot.ISimulationSystem.OnSimulationCreated.Listeners[].Target.SpecializedBuildingTenantSystemsByType.BeltFilterDefaultInternalVariantMirrored	48	1
definition_snapshot.ISimulationSystem.OnSimulationCreated.Listeners[].Target.SpecializedBuildingTenantSystemsByType.BeltReaderDefaultInternalVariant	48	1
definition_snapshot.ISimulationSystem.OnSimulationCreated.Listeners[].Target.SpecializedBuildingTenantSystemsByType.BeltReaderDefaultInternalVariantMirrored	48	1
definition_snapshot.ISimulationSystem.OnSimulationCreated.Listeners[].Target.SpecializedBuildingTenantSystemsByType.ButtonDefaultInternalVariant	48	1
definition_snapshot.ISimulationSystem.OnSimulationCreated.Listeners[].Target.SpecializedBuildingTenantSystemsByType.ConstantSignalDefaultInternalVariant	48	1
definition_snapshot.ISimulationSystem.OnSimulationCreated.Listeners[].Target.SpecializedBuildingTenantSystemsByType.ControlledSignalReceiverInternalVariant	48	1
definition_snapshot.ISimulationSystem.OnSimulationCreated.Listeners[].Target.SpecializedBuildingTenantSystemsByType.ControlledSignalReceiverInternalVariantMirrored	48	1
definition_snapshot.ISimulationSystem.OnSimulationCreated.Listeners[].Target.SpecializedBuildingTenantSystemsByType.ControlledSignalTransmitterInternalVariant	48	1
definition_snapshot.ISimulationSystem.OnSimulationCreated.Listeners[].Target.SpecializedBuildingTenantSystemsByType.ControlledSignalTransmitterInternalVariantMirrored	48	1
definition_snapshot.ISimulationSystem.OnSimulationCreated.Listeners[].Target.SpecializedBuildingTenantSystemsByType.CrystalGeneratorDefaultInternalVariant	48	1
definition_snapshot.ISimulationSystem.OnSimulationCreated.Listeners[].Target.SpecializedBuildingTenantSystemsByType.CrystalGeneratorDefaultInternalVariantMirrored	48	1
definition_snapshot.ISimulationSystem.OnSimulationCreated.Listeners[].Target.SpecializedBuildingTenantSystemsByType.CutterDefaultInternalVariant	48	1
definition_snapshot.ISimulationSystem.OnSimulationCreated.Listeners[].Target.SpecializedBuildingTenantSystemsByType.CutterDefaultInternalVariantMirrored	48	1
definition_snapshot.ISimulationSystem.OnSimulationCreated.Listeners[].Target.SpecializedBuildingTenantSystemsByType.CutterHalfInternalVariant	48	1
definition_snapshot.ISimulationSystem.OnSimulationCreated.Listeners[].Target.SpecializedBuildingTenantSystemsByType.Display2x2InternalVariant	48	1
definition_snapshot.ISimulationSystem.OnSimulationCreated.Listeners[].Target.SpecializedBuildingTenantSystemsByType.Display2x2InternalVariantMirrored	48	1
definition_snapshot.ISimulationSystem.OnSimulationCreated.Listeners[].Target.SpecializedBuildingTenantSystemsByType.Display3x3InternalVariant	48	1
definition_snapshot.ISimulationSystem.OnSimulationCreated.Listeners[].Target.SpecializedBuildingTenantSystemsByType.Display3x3InternalVariantMirrored	48	1
definition_snapshot.ISimulationSystem.OnSimulationCreated.Listeners[].Target.SpecializedBuildingTenantSystemsByType.DisplayDefaultInternalVariant	48	1
definition_snapshot.ISimulationSystem.OnSimulationCreated.Listeners[].Target.SpecializedBuildingTenantSystemsByType.ExtractorDefaultInternalVariant	48	1
definition_snapshot.ISimulationSystem.OnSimulationCreated.Listeners[].Target.SpecializedBuildingTenantSystemsByType.FluidStorageDefaultInternalVariant	48	1
definition_snapshot.ISimulationSystem.OnSimulationCreated.Listeners[].Target.SpecializedBuildingTenantSystemsByType.FluidStorageDefaultInternalVariantMirrored	48	1
definition_snapshot.ISimulationSystem.OnSimulationCreated.Listeners[].Target.SpecializedBuildingTenantSystemsByType.HalvesSwapperDefaultInternalVariant	48	1
definition_snapshot.ISimulationSystem.OnSimulationCreated.Listeners[].Target.SpecializedBuildingTenantSystemsByType.LabelDefaultInternalVariant	48	1
definition_snapshot.ISimulationSystem.OnSimulationCreated.Listeners[].Target.SpecializedBuildingTenantSystemsByType.Lift1DownBackwardInternalVariant	48	1
definition_snapshot.ISimulationSystem.OnSimulationCreated.Listeners[].Target.SpecializedBuildingTenantSystemsByType.Lift1DownForwardInternalVariant	48	1
definition_snapshot.ISimulationSystem.OnSimulationCreated.Listeners[].Target.SpecializedBuildingTenantSystemsByType.Lift1DownLeftInternalVariant	48	1
definition_snapshot.ISimulationSystem.OnSimulationCreated.Listeners[].Target.SpecializedBuildingTenantSystemsByType.Lift1DownLeftInternalVariantMirrored	48	1
definition_snapshot.ISimulationSystem.OnSimulationCreated.Listeners[].Target.SpecializedBuildingTenantSystemsByType.Lift1UpBackwardInternalVariant	48	1
definition_snapshot.ISimulationSystem.OnSimulationCreated.Listeners[].Target.SpecializedBuildingTenantSystemsByType.Lift1UpForwardInternalVariant	48	1
definition_snapshot.ISimulationSystem.OnSimulationCreated.Listeners[].Target.SpecializedBuildingTenantSystemsByType.Lift1UpLeftInternalVariant	48	1
definition_snapshot.ISimulationSystem.OnSimulationCreated.Listeners[].Target.SpecializedBuildingTenantSystemsByType.Lift1UpLeftInternalVariantMirrored	48	1
definition_snapshot.ISimulationSystem.OnSimulationCreated.Listeners[].Target.SpecializedBuildingTenantSystemsByType.Lift2DownBackwardInternalVariant	48	1
definition_snapshot.ISimulationSystem.OnSimulationCreated.Listeners[].Target.SpecializedBuildingTenantSystemsByType.Lift2DownForwardInternalVariant	48	1
definition_snapshot.ISimulationSystem.OnSimulationCreated.Listeners[].Target.SpecializedBuildingTenantSystemsByType.Lift2DownLeftInternalVariant	48	1
definition_snapshot.ISimulationSystem.OnSimulationCreated.Listeners[].Target.SpecializedBuildingTenantSystemsByType.Lift2DownLeftInternalVariantMirrored	48	1
definition_snapshot.ISimulationSystem.OnSimulationCreated.Listeners[].Target.SpecializedBuildingTenantSystemsByType.Lift2UpBackwardInternalVariant	48	1
definition_snapshot.ISimulationSystem.OnSimulationCreated.Listeners[].Target.SpecializedBuildingTenantSystemsByType.Lift2UpForwardInternalVariant	48	1
definition_snapshot.ISimulationSystem.OnSimulationCreated.Listeners[].Target.SpecializedBuildingTenantSystemsByType.Lift2UpLeftInternalVariant	48	1
definition_snapshot.ISimulationSystem.OnSimulationCreated.Listeners[].Target.SpecializedBuildingTenantSystemsByType.Lift2UpLeftInternalVariantMirrored	48	1
definition_snapshot.ISimulationSystem.OnSimulationCreated.Listeners[].Target.SpecializedBuildingTenantSystemsByType.LogicGateAndInternalVariant	48	1
definition_snapshot.ISimulationSystem.OnSimulationCreated.Listeners[].Target.SpecializedBuildingTenantSystemsByType.LogicGateCompareInternalVariant	48	1
definition_snapshot.ISimulationSystem.OnSimulationCreated.Listeners[].Target.SpecializedBuildingTenantSystemsByType.LogicGateCompareInternalVariantMirrored	48	1
definition_snapshot.ISimulationSystem.OnSimulationCreated.Listeners[].Target.SpecializedBuildingTenantSystemsByType.LogicGateIfInternalVariant	48	1
definition_snapshot.ISimulationSystem.OnSimulationCreated.Listeners[].Target.SpecializedBuildingTenantSystemsByType.LogicGateIfInternalVariantMirrored	48	1
definition_snapshot.ISimulationSystem.OnSimulationCreated.Listeners[].Target.SpecializedBuildingTenantSystemsByType.LogicGateNotInternalVariant	48	1
definition_snapshot.ISimulationSystem.OnSimulationCreated.Listeners[].Target.SpecializedBuildingTenantSystemsByType.LogicGateOrInternalVariant	48	1
definition_snapshot.ISimulationSystem.OnSimulationCreated.Listeners[].Target.SpecializedBuildingTenantSystemsByType.LogicGateXOrInternalVariant	48	1
definition_snapshot.ISimulationSystem.OnSimulationCreated.Listeners[].Target.SpecializedBuildingTenantSystemsByType.Merger2To1LInternalVariant	48	1
definition_snapshot.ISimulationSystem.OnSimulationCreated.Listeners[].Target.SpecializedBuildingTenantSystemsByType.Merger2To1LInternalVariantMirrored	48	1
definition_snapshot.ISimulationSystem.OnSimulationCreated.Listeners[].Target.SpecializedBuildingTenantSystemsByType.Merger3To1InternalVariant	48	1
definition_snapshot.ISimulationSystem.OnSimulationCreated.Listeners[].Target.SpecializedBuildingTenantSystemsByType.MergerTShapeInternalVariant	48	1
definition_snapshot.ISimulationSystem.OnSimulationCreated.Listeners[].Target.SpecializedBuildingTenantSystemsByType.MixerDefaultInternalVariant	48	1
definition_snapshot.ISimulationSystem.OnSimulationCreated.Listeners[].Target.SpecializedBuildingTenantSystemsByType.MixerDefaultInternalVariantMirrored	48	1
definition_snapshot.ISimulationSystem.OnSimulationCreated.Listeners[].Target.SpecializedBuildingTenantSystemsByType.PainterDefaultInternalVariant	48	1
definition_snapshot.ISimulationSystem.OnSimulationCreated.Listeners[].Target.SpecializedBuildingTenantSystemsByType.PainterDefaultInternalVariantMirrored	48	1
definition_snapshot.ISimulationSystem.OnSimulationCreated.Listeners[].Target.SpecializedBuildingTenantSystemsByType.PinPusherDefaultInternalVariant	48	1
definition_snapshot.ISimulationSystem.OnSimulationCreated.Listeners[].Target.SpecializedBuildingTenantSystemsByType.PipeGateDefaultInternalVariant	48	1
definition_snapshot.ISimulationSystem.OnSimulationCreated.Listeners[].Target.SpecializedBuildingTenantSystemsByType.PipeGateDefaultInternalVariantMirrored	48	1
definition_snapshot.ISimulationSystem.OnSimulationCreated.Listeners[].Target.SpecializedBuildingTenantSystemsByType.PumpDefaultInternalVariant	48	1
definition_snapshot.ISimulationSystem.OnSimulationCreated.Listeners[].Target.SpecializedBuildingTenantSystemsByType.RotatorHalfInternalVariant	48	1
definition_snapshot.ISimulationSystem.OnSimulationCreated.Listeners[].Target.SpecializedBuildingTenantSystemsByType.RotatorOneQuadCCWInternalVariant	48	1
definition_snapshot.ISimulationSystem.OnSimulationCreated.Listeners[].Target.SpecializedBuildingTenantSystemsByType.RotatorOneQuadInternalVariant	48	1
definition_snapshot.ISimulationSystem.OnSimulationCreated.Listeners[].Target.SpecializedBuildingTenantSystemsByType.SandboxFluidProducerDefaultInternalVariant	48	1
definition_snapshot.ISimulationSystem.OnSimulationCreated.Listeners[].Target.SpecializedBuildingTenantSystemsByType.SandboxItemProducerDefaultInternalVariant	48	1
definition_snapshot.ISimulationSystem.OnSimulationCreated.Listeners[].Target.SpecializedBuildingTenantSystemsByType.Splitter1To2LInternalVariant	48	1
definition_snapshot.ISimulationSystem.OnSimulationCreated.Listeners[].Target.SpecializedBuildingTenantSystemsByType.Splitter1To2LInternalVariantMirrored	48	1
definition_snapshot.ISimulationSystem.OnSimulationCreated.Listeners[].Target.SpecializedBuildingTenantSystemsByType.Splitter1To3InternalVariant	48	1
definition_snapshot.ISimulationSystem.OnSimulationCreated.Listeners[].Target.SpecializedBuildingTenantSystemsByType.SplitterOverflowLInternalVariant	48	1
definition_snapshot.ISimulationSystem.OnSimulationCreated.Listeners[].Target.SpecializedBuildingTenantSystemsByType.SplitterOverflowLInternalVariantMirrored	48	1
definition_snapshot.ISimulationSystem.OnSimulationCreated.Listeners[].Target.SpecializedBuildingTenantSystemsByType.SplitterTShapeInternalVariant	48	1
definition_snapshot.ISimulationSystem.OnSimulationCreated.Listeners[].Target.SpecializedBuildingTenantSystemsByType.StackerDefaultInternalVariant	48	1
definition_snapshot.ISimulationSystem.OnSimulationCreated.Listeners[].Target.SpecializedBuildingTenantSystemsByType.StackerDefaultInternalVariantMirrored	48	1
definition_snapshot.ISimulationSystem.OnSimulationCreated.Listeners[].Target.SpecializedBuildingTenantSystemsByType.StackerStraightInternalVariant	48	1
definition_snapshot.ISimulationSystem.OnSimulationCreated.Listeners[].Target.SpecializedBuildingTenantSystemsByType.TrashDefaultInternalVariant	48	1
definition_snapshot.ISimulationSystem.OnSimulationCreated.Listeners[].Target.SpecializedBuildingTenantSystemsByType.VirtualAnalyzerDefaultInternalVariant	48	1
definition_snapshot.ISimulationSystem.OnSimulationCreated.Listeners[].Target.SpecializedBuildingTenantSystemsByType.VirtualAnalyzerDefaultInternalVariantMirrored	48	1
definition_snapshot.ISimulationSystem.OnSimulationCreated.Listeners[].Target.SpecializedBuildingTenantSystemsByType.VirtualCrystalGeneratorDefaultInternalVariant	48	1
definition_snapshot.ISimulationSystem.OnSimulationCreated.Listeners[].Target.SpecializedBuildingTenantSystemsByType.VirtualCrystalGeneratorDefaultInternalVariantMirrored	48	1
definition_snapshot.ISimulationSystem.OnSimulationCreated.Listeners[].Target.SpecializedBuildingTenantSystemsByType.VirtualHalfCutterDefaultInternalVariant	48	1
definition_snapshot.ISimulationSystem.OnSimulationCreated.Listeners[].Target.SpecializedBuildingTenantSystemsByType.VirtualHalvesSwapperDefaultInternalVariant	48	1
definition_snapshot.ISimulationSystem.OnSimulationCreated.Listeners[].Target.SpecializedBuildingTenantSystemsByType.VirtualPainterDefaultInternalVariant	48	1
definition_snapshot.ISimulationSystem.OnSimulationCreated.Listeners[].Target.SpecializedBuildingTenantSystemsByType.VirtualPainterDefaultInternalVariantMirrored	48	1
definition_snapshot.ISimulationSystem.OnSimulationCreated.Listeners[].Target.SpecializedBuildingTenantSystemsByType.VirtualPinPusherDefaultInternalVariant	48	1
definition_snapshot.ISimulationSystem.OnSimulationCreated.Listeners[].Target.SpecializedBuildingTenantSystemsByType.VirtualRotatorCCWInternalVariant	48	1
definition_snapshot.ISimulationSystem.OnSimulationCreated.Listeners[].Target.SpecializedBuildingTenantSystemsByType.VirtualRotatorDefaultInternalVariant	48	1
definition_snapshot.ISimulationSystem.OnSimulationCreated.Listeners[].Target.SpecializedBuildingTenantSystemsByType.VirtualStackerDefaultInternalVariant	48	1
definition_snapshot.ISimulationSystem.OnSimulationCreated.Listeners[].Target.SpecializedBuildingTenantSystemsByType.VirtualStackerDefaultInternalVariantMirrored	48	1
definition_snapshot.ISimulationSystem.OnSimulationCreated.Listeners[].Target.SpecializedBuildingTenantSystemsByType.VirtualUnstackerDefaultInternalVariant	48	1
definition_snapshot.ISimulationSystem.OnSimulationCreated.Listeners[].Target.SpecializedBuildingTenantSystemsByType.VirtualUnstackerDefaultInternalVariantMirrored	48	1
definition_snapshot.ISimulationSystem.OnSimulationCreated.Listeners[].Target.SpecializedBuildingTenantSystemsByType.WireGlobalTransmitterReceiverInternalVariant	48	1
definition_snapshot.ISimulationSystem.OnSimulationCreated.Listeners[].Target.SpecializedBuildingTenantSystemsByType.WireTransmitterReceiverInternalVariant	48	1
definition_snapshot.ISimulationSystem.OnSimulationCreated.Listeners[].Target.SpecializedBuildingTenantSystemsByType.WireTransmitterSenderInternalVariant	48	1
definition_snapshot.ISimulationSystem.OnSimulationCreated.Listeners[].Target.SpecializedIslandTenantSystemsByType.Layout_Classic_Regular_Tier0_BlueA	48	1
definition_snapshot.ISimulationSystem.OnSimulationCreated.Listeners[].Target.SpecializedIslandTenantSystemsByType.Layout_Classic_Regular_Tier0_BlueA_Flipped	48	1
definition_snapshot.ISimulationSystem.OnSimulationCreated.Listeners[].Target.SpecializedIslandTenantSystemsByType.Layout_Classic_Regular_Tier0_GreenA	48	1
definition_snapshot.ISimulationSystem.OnSimulationCreated.Listeners[].Target.SpecializedIslandTenantSystemsByType.Layout_Classic_Regular_Tier0_GreenA_Flipped	48	1
definition_snapshot.ISimulationSystem.OnSimulationCreated.Listeners[].Target.SpecializedIslandTenantSystemsByType.Layout_Classic_Regular_Tier0_RedA	48	1
definition_snapshot.ISimulationSystem.OnSimulationCreated.Listeners[].Target.SpecializedIslandTenantSystemsByType.Layout_Classic_Regular_Tier0_RedA_Flipped	48	1
definition_snapshot.ISimulationSystem.OnSimulationCreated.Listeners[].Target.SpecializedIslandTenantSystemsByType.Layout_Classic_Regular_Tier1_CyanA	48	1
definition_snapshot.ISimulationSystem.OnSimulationCreated.Listeners[].Target.SpecializedIslandTenantSystemsByType.Layout_Classic_Regular_Tier1_CyanA_Flipped	48	1
definition_snapshot.ISimulationSystem.OnSimulationCreated.Listeners[].Target.SpecializedIslandTenantSystemsByType.Layout_Classic_Regular_Tier1_MagentaA	48	1
definition_snapshot.ISimulationSystem.OnSimulationCreated.Listeners[].Target.SpecializedIslandTenantSystemsByType.Layout_Classic_Regular_Tier1_MagentaA_Flipped	48	1
definition_snapshot.ISimulationSystem.OnSimulationCreated.Listeners[].Target.SpecializedIslandTenantSystemsByType.Layout_Classic_Regular_Tier1_YellowA	48	1
definition_snapshot.ISimulationSystem.OnSimulationCreated.Listeners[].Target.SpecializedIslandTenantSystemsByType.Layout_Classic_Regular_Tier1_YellowA_Flipped	48	1
definition_snapshot.ISimulationSystem.OnSimulationCreated.Listeners[].Target.SpecializedIslandTenantSystemsByType.Layout_Classic_Regular_Tier2_BlackA	48	1
definition_snapshot.ISimulationSystem.OnSimulationCreated.Listeners[].Target.SpecializedIslandTenantSystemsByType.Layout_Classic_Regular_Tier2_BlackA_Flipped	48	1
definition_snapshot.ISimulationSystem.OnSimulationCreated.Listeners[].Target.SpecializedIslandTenantSystemsByType.Layout_Classic_Regular_Tier2_WhiteA	48	1
definition_snapshot.ISimulationSystem.OnSimulationCreated.Listeners[].Target.SpecializedIslandTenantSystemsByType.Layout_Classic_Regular_Tier2_WhiteA_Flipped	48	1
definition_snapshot.ISimulationSystem.OnSimulationCreated.Listeners[].Target.SpecializedIslandTenantSystemsByType.Layout_Classic_Regular_Tier3_Vortex	48	1
definition_snapshot.ISimulationSystem.OnSimulationCreated.Listeners[].Target.SpecializedIslandTenantSystemsByType.Layout_Classic_Regular_Tier3_Vortex_Flipped	48	1
definition_snapshot.ISimulationSystem.OnSimulationCreated.Listeners[].Target.SpecializedIslandTenantSystemsByType.Layout_ConverterHub	48	1
definition_snapshot.ISimulationSystem.OnSimulationCreated.Listeners[].Target.SpecializedIslandTenantSystemsByType.Layout_DonationStation	48	1
definition_snapshot.ISimulationSystem.OnSimulationCreated.Listeners[].Target.SpecializedIslandTenantSystemsByType.Layout_FluidMiner	48	1
definition_snapshot.ISimulationSystem.OnSimulationCreated.Listeners[].Target.SpecializedIslandTenantSystemsByType.Layout_FluidMinerExtension	48	1
definition_snapshot.ISimulationSystem.OnSimulationCreated.Listeners[].Target.SpecializedIslandTenantSystemsByType.Layout_HUB	48	1
definition_snapshot.ISimulationSystem.OnSimulationCreated.Listeners[].Target.SpecializedIslandTenantSystemsByType.Layout_ResearchStation	48	1
definition_snapshot.ISimulationSystem.OnSimulationCreated.Listeners[].Target.SpecializedIslandTenantSystemsByType.Layout_ResearchStation_Flipped	48	1
definition_snapshot.ISimulationSystem.OnSimulationCreated.Listeners[].Target.SpecializedIslandTenantSystemsByType.Layout_ShapeMiner	48	1
definition_snapshot.ISimulationSystem.OnSimulationCreated.Listeners[].Target.SpecializedIslandTenantSystemsByType.Layout_ShapeMinerExtension	48	1
definition_snapshot.ISimulationSystem.OnSimulationCreated.Listeners[].Target.SpecializedIslandTenantSystemsByType.SpaceBelt_Forward	48	1
definition_snapshot.ISimulationSystem.OnSimulationCreated.Listeners[].Target.SpecializedIslandTenantSystemsByType.SpaceBelt_LeftFwdMerger	48	1
definition_snapshot.ISimulationSystem.OnSimulationCreated.Listeners[].Target.SpecializedIslandTenantSystemsByType.SpaceBelt_LeftFwdSplitter	48	1
definition_snapshot.ISimulationSystem.OnSimulationCreated.Listeners[].Target.SpecializedIslandTenantSystemsByType.SpaceBelt_LeftTurn	48	1
definition_snapshot.ISimulationSystem.OnSimulationCreated.Listeners[].Target.SpecializedIslandTenantSystemsByType.SpaceBelt_Lift1DownBackward	48	1
definition_snapshot.ISimulationSystem.OnSimulationCreated.Listeners[].Target.SpecializedIslandTenantSystemsByType.SpaceBelt_Lift1DownForward	48	1
definition_snapshot.ISimulationSystem.OnSimulationCreated.Listeners[].Target.SpecializedIslandTenantSystemsByType.SpaceBelt_Lift1DownLeft	48	1
definition_snapshot.ISimulationSystem.OnSimulationCreated.Listeners[].Target.SpecializedIslandTenantSystemsByType.SpaceBelt_Lift1DownRight	48	1
definition_snapshot.ISimulationSystem.OnSimulationCreated.Listeners[].Target.SpecializedIslandTenantSystemsByType.SpaceBelt_Lift1UpBackward	48	1
definition_snapshot.ISimulationSystem.OnSimulationCreated.Listeners[].Target.SpecializedIslandTenantSystemsByType.SpaceBelt_Lift1UpForward	48	1
definition_snapshot.ISimulationSystem.OnSimulationCreated.Listeners[].Target.SpecializedIslandTenantSystemsByType.SpaceBelt_Lift1UpLeft	48	1
definition_snapshot.ISimulationSystem.OnSimulationCreated.Listeners[].Target.SpecializedIslandTenantSystemsByType.SpaceBelt_Lift1UpRight	48	1
definition_snapshot.ISimulationSystem.OnSimulationCreated.Listeners[].Target.SpecializedIslandTenantSystemsByType.SpaceBelt_Lift2DownBackward	48	1
definition_snapshot.ISimulationSystem.OnSimulationCreated.Listeners[].Target.SpecializedIslandTenantSystemsByType.SpaceBelt_Lift2DownForward	48	1
definition_snapshot.ISimulationSystem.OnSimulationCreated.Listeners[].Target.SpecializedIslandTenantSystemsByType.SpaceBelt_Lift2DownLeft	48	1
definition_snapshot.ISimulationSystem.OnSimulationCreated.Listeners[].Target.SpecializedIslandTenantSystemsByType.SpaceBelt_Lift2DownRight	48	1
definition_snapshot.ISimulationSystem.OnSimulationCreated.Listeners[].Target.SpecializedIslandTenantSystemsByType.SpaceBelt_Lift2UpBackward	48	1
definition_snapshot.ISimulationSystem.OnSimulationCreated.Listeners[].Target.SpecializedIslandTenantSystemsByType.SpaceBelt_Lift2UpForward	48	1
definition_snapshot.ISimulationSystem.OnSimulationCreated.Listeners[].Target.SpecializedIslandTenantSystemsByType.SpaceBelt_Lift2UpLeft	48	1
definition_snapshot.ISimulationSystem.OnSimulationCreated.Listeners[].Target.SpecializedIslandTenantSystemsByType.SpaceBelt_Lift2UpRight	48	1
definition_snapshot.ISimulationSystem.OnSimulationCreated.Listeners[].Target.SpecializedIslandTenantSystemsByType.SpaceBelt_RightFwdMerger	48	1
definition_snapshot.ISimulationSystem.OnSimulationCreated.Listeners[].Target.SpecializedIslandTenantSystemsByType.SpaceBelt_RightFwdSplitter	48	1
definition_snapshot.ISimulationSystem.OnSimulationCreated.Listeners[].Target.SpecializedIslandTenantSystemsByType.SpaceBelt_RightTurn	48	1
definition_snapshot.ISimulationSystem.OnSimulationCreated.Listeners[].Target.SpecializedIslandTenantSystemsByType.SpaceBelt_TripleMerger	48	1
definition_snapshot.ISimulationSystem.OnSimulationCreated.Listeners[].Target.SpecializedIslandTenantSystemsByType.SpaceBelt_TripleSplitter	48	1
definition_snapshot.ISimulationSystem.OnSimulationCreated.Listeners[].Target.SpecializedIslandTenantSystemsByType.SpaceBelt_YMerger	48	1
definition_snapshot.ISimulationSystem.OnSimulationCreated.Listeners[].Target.SpecializedIslandTenantSystemsByType.SpaceBelt_YSplitter	48	1
definition_snapshot.ISimulationSystem.OnSimulationCreated.Listeners[].Target.SpecializedIslandTenantSystemsByType.SpacePipe_Forward	48	1
definition_snapshot.ISimulationSystem.OnSimulationCreated.Listeners[].Target.SpecializedIslandTenantSystemsByType.SpacePipe_LeftFwdMerger	48	1
definition_snapshot.ISimulationSystem.OnSimulationCreated.Listeners[].Target.SpecializedIslandTenantSystemsByType.SpacePipe_LeftFwdSplitter	48	1
definition_snapshot.ISimulationSystem.OnSimulationCreated.Listeners[].Target.SpecializedIslandTenantSystemsByType.SpacePipe_LeftTurn	48	1
definition_snapshot.ISimulationSystem.OnSimulationCreated.Listeners[].Target.SpecializedIslandTenantSystemsByType.SpacePipe_Lift1DownBackward	48	1
definition_snapshot.ISimulationSystem.OnSimulationCreated.Listeners[].Target.SpecializedIslandTenantSystemsByType.SpacePipe_Lift1DownForward	48	1
definition_snapshot.ISimulationSystem.OnSimulationCreated.Listeners[].Target.SpecializedIslandTenantSystemsByType.SpacePipe_Lift1DownLeft	48	1
definition_snapshot.ISimulationSystem.OnSimulationCreated.Listeners[].Target.SpecializedIslandTenantSystemsByType.SpacePipe_Lift1DownRight	48	1
definition_snapshot.ISimulationSystem.OnSimulationCreated.Listeners[].Target.SpecializedIslandTenantSystemsByType.SpacePipe_Lift1UpBackward	48	1
definition_snapshot.ISimulationSystem.OnSimulationCreated.Listeners[].Target.SpecializedIslandTenantSystemsByType.SpacePipe_Lift1UpForward	48	1
definition_snapshot.ISimulationSystem.OnSimulationCreated.Listeners[].Target.SpecializedIslandTenantSystemsByType.SpacePipe_Lift1UpLeft	48	1
definition_snapshot.ISimulationSystem.OnSimulationCreated.Listeners[].Target.SpecializedIslandTenantSystemsByType.SpacePipe_Lift1UpRight	48	1
definition_snapshot.ISimulationSystem.OnSimulationCreated.Listeners[].Target.SpecializedIslandTenantSystemsByType.SpacePipe_Lift2DownBackward	48	1
definition_snapshot.ISimulationSystem.OnSimulationCreated.Listeners[].Target.SpecializedIslandTenantSystemsByType.SpacePipe_Lift2DownForward	48	1
definition_snapshot.ISimulationSystem.OnSimulationCreated.Listeners[].Target.SpecializedIslandTenantSystemsByType.SpacePipe_Lift2DownLeft	48	1
definition_snapshot.ISimulationSystem.OnSimulationCreated.Listeners[].Target.SpecializedIslandTenantSystemsByType.SpacePipe_Lift2DownRight	48	1
definition_snapshot.ISimulationSystem.OnSimulationCreated.Listeners[].Target.SpecializedIslandTenantSystemsByType.SpacePipe_Lift2UpBackward	48	1
definition_snapshot.ISimulationSystem.OnSimulationCreated.Listeners[].Target.SpecializedIslandTenantSystemsByType.SpacePipe_Lift2UpForward	48	1
definition_snapshot.ISimulationSystem.OnSimulationCreated.Listeners[].Target.SpecializedIslandTenantSystemsByType.SpacePipe_Lift2UpLeft	48	1
definition_snapshot.ISimulationSystem.OnSimulationCreated.Listeners[].Target.SpecializedIslandTenantSystemsByType.SpacePipe_Lift2UpRight	48	1
definition_snapshot.ISimulationSystem.OnSimulationCreated.Listeners[].Target.SpecializedIslandTenantSystemsByType.SpacePipe_RightFwdMerger	48	1
definition_snapshot.ISimulationSystem.OnSimulationCreated.Listeners[].Target.SpecializedIslandTenantSystemsByType.SpacePipe_RightFwdSplitter	48	1
definition_snapshot.ISimulationSystem.OnSimulationCreated.Listeners[].Target.SpecializedIslandTenantSystemsByType.SpacePipe_RightTurn	48	1
definition_snapshot.ISimulationSystem.OnSimulationCreated.Listeners[].Target.SpecializedIslandTenantSystemsByType.SpacePipe_TripleMerger	48	1
definition_snapshot.ISimulationSystem.OnSimulationCreated.Listeners[].Target.SpecializedIslandTenantSystemsByType.SpacePipe_TripleSplitter	48	1
definition_snapshot.ISimulationSystem.OnSimulationCreated.Listeners[].Target.SpecializedIslandTenantSystemsByType.SpacePipe_YMerger	48	1
definition_snapshot.ISimulationSystem.OnSimulationCreated.Listeners[].Target.SpecializedIslandTenantSystemsByType.SpacePipe_YSplitter	48	1
definition_snapshot.ISimulationSystem.OnSimulationCreated.Listeners[].Target.Systems[].SpecializedBuildings	48	1
simulation_parameters.ISimulationSystem.OnBeforeSimulationDestroyed.Listeners	48	1
simulation_parameters.ISimulationSystem.OnSimulationCreated.Listeners	48	1
simulation_parameters.ISimulationSystem.OnSimulationCreated.Listeners[].Target.BunchEditSystems	48	1
simulation_parameters.ISimulationSystem.OnSimulationCreated.Listeners[].Target.SpecializedBuildingTenantSystemsByType.BeltDefaultForwardInternalVariant	48	1
simulation_parameters.ISimulationSystem.OnSimulationCreated.Listeners[].Target.SpecializedBuildingTenantSystemsByType.BeltDefaultLeftInternalVariant	48	1
simulation_parameters.ISimulationSystem.OnSimulationCreated.Listeners[].Target.SpecializedBuildingTenantSystemsByType.BeltDefaultLeftInternalVariantMirrored	48	1
simulation_parameters.ISimulationSystem.OnSimulationCreated.Listeners[].Target.SpecializedBuildingTenantSystemsByType.BeltFilterDefaultInternalVariant	48	1
simulation_parameters.ISimulationSystem.OnSimulationCreated.Listeners[].Target.SpecializedBuildingTenantSystemsByType.BeltFilterDefaultInternalVariantMirrored	48	1
simulation_parameters.ISimulationSystem.OnSimulationCreated.Listeners[].Target.SpecializedBuildingTenantSystemsByType.BeltReaderDefaultInternalVariant	48	1
simulation_parameters.ISimulationSystem.OnSimulationCreated.Listeners[].Target.SpecializedBuildingTenantSystemsByType.BeltReaderDefaultInternalVariantMirrored	48	1
simulation_parameters.ISimulationSystem.OnSimulationCreated.Listeners[].Target.SpecializedBuildingTenantSystemsByType.ButtonDefaultInternalVariant	48	1
simulation_parameters.ISimulationSystem.OnSimulationCreated.Listeners[].Target.SpecializedBuildingTenantSystemsByType.ConstantSignalDefaultInternalVariant	48	1
simulation_parameters.ISimulationSystem.OnSimulationCreated.Listeners[].Target.SpecializedBuildingTenantSystemsByType.ControlledSignalReceiverInternalVariant	48	1
simulation_parameters.ISimulationSystem.OnSimulationCreated.Listeners[].Target.SpecializedBuildingTenantSystemsByType.ControlledSignalReceiverInternalVariantMirrored	48	1
simulation_parameters.ISimulationSystem.OnSimulationCreated.Listeners[].Target.SpecializedBuildingTenantSystemsByType.ControlledSignalTransmitterInternalVariant	48	1
simulation_parameters.ISimulationSystem.OnSimulationCreated.Listeners[].Target.SpecializedBuildingTenantSystemsByType.ControlledSignalTransmitterInternalVariantMirrored	48	1
simulation_parameters.ISimulationSystem.OnSimulationCreated.Listeners[].Target.SpecializedBuildingTenantSystemsByType.CrystalGeneratorDefaultInternalVariant	48	1
simulation_parameters.ISimulationSystem.OnSimulationCreated.Listeners[].Target.SpecializedBuildingTenantSystemsByType.CrystalGeneratorDefaultInternalVariantMirrored	48	1
simulation_parameters.ISimulationSystem.OnSimulationCreated.Listeners[].Target.SpecializedBuildingTenantSystemsByType.CutterDefaultInternalVariant	48	1
simulation_parameters.ISimulationSystem.OnSimulationCreated.Listeners[].Target.SpecializedBuildingTenantSystemsByType.CutterDefaultInternalVariantMirrored	48	1
simulation_parameters.ISimulationSystem.OnSimulationCreated.Listeners[].Target.SpecializedBuildingTenantSystemsByType.CutterHalfInternalVariant	48	1
simulation_parameters.ISimulationSystem.OnSimulationCreated.Listeners[].Target.SpecializedBuildingTenantSystemsByType.Display2x2InternalVariant	48	1
simulation_parameters.ISimulationSystem.OnSimulationCreated.Listeners[].Target.SpecializedBuildingTenantSystemsByType.Display2x2InternalVariantMirrored	48	1
simulation_parameters.ISimulationSystem.OnSimulationCreated.Listeners[].Target.SpecializedBuildingTenantSystemsByType.Display3x3InternalVariant	48	1
simulation_parameters.ISimulationSystem.OnSimulationCreated.Listeners[].Target.SpecializedBuildingTenantSystemsByType.Display3x3InternalVariantMirrored	48	1
simulation_parameters.ISimulationSystem.OnSimulationCreated.Listeners[].Target.SpecializedBuildingTenantSystemsByType.DisplayDefaultInternalVariant	48	1
simulation_parameters.ISimulationSystem.OnSimulationCreated.Listeners[].Target.SpecializedBuildingTenantSystemsByType.ExtractorDefaultInternalVariant	48	1
simulation_parameters.ISimulationSystem.OnSimulationCreated.Listeners[].Target.SpecializedBuildingTenantSystemsByType.FluidStorageDefaultInternalVariant	48	1
simulation_parameters.ISimulationSystem.OnSimulationCreated.Listeners[].Target.SpecializedBuildingTenantSystemsByType.FluidStorageDefaultInternalVariantMirrored	48	1
simulation_parameters.ISimulationSystem.OnSimulationCreated.Listeners[].Target.SpecializedBuildingTenantSystemsByType.HalvesSwapperDefaultInternalVariant	48	1
simulation_parameters.ISimulationSystem.OnSimulationCreated.Listeners[].Target.SpecializedBuildingTenantSystemsByType.LabelDefaultInternalVariant	48	1
simulation_parameters.ISimulationSystem.OnSimulationCreated.Listeners[].Target.SpecializedBuildingTenantSystemsByType.Lift1DownBackwardInternalVariant	48	1
simulation_parameters.ISimulationSystem.OnSimulationCreated.Listeners[].Target.SpecializedBuildingTenantSystemsByType.Lift1DownForwardInternalVariant	48	1
simulation_parameters.ISimulationSystem.OnSimulationCreated.Listeners[].Target.SpecializedBuildingTenantSystemsByType.Lift1DownLeftInternalVariant	48	1
simulation_parameters.ISimulationSystem.OnSimulationCreated.Listeners[].Target.SpecializedBuildingTenantSystemsByType.Lift1DownLeftInternalVariantMirrored	48	1
simulation_parameters.ISimulationSystem.OnSimulationCreated.Listeners[].Target.SpecializedBuildingTenantSystemsByType.Lift1UpBackwardInternalVariant	48	1
simulation_parameters.ISimulationSystem.OnSimulationCreated.Listeners[].Target.SpecializedBuildingTenantSystemsByType.Lift1UpForwardInternalVariant	48	1
simulation_parameters.ISimulationSystem.OnSimulationCreated.Listeners[].Target.SpecializedBuildingTenantSystemsByType.Lift1UpLeftInternalVariant	48	1
simulation_parameters.ISimulationSystem.OnSimulationCreated.Listeners[].Target.SpecializedBuildingTenantSystemsByType.Lift1UpLeftInternalVariantMirrored	48	1
simulation_parameters.ISimulationSystem.OnSimulationCreated.Listeners[].Target.SpecializedBuildingTenantSystemsByType.Lift2DownBackwardInternalVariant	48	1
simulation_parameters.ISimulationSystem.OnSimulationCreated.Listeners[].Target.SpecializedBuildingTenantSystemsByType.Lift2DownForwardInternalVariant	48	1
simulation_parameters.ISimulationSystem.OnSimulationCreated.Listeners[].Target.SpecializedBuildingTenantSystemsByType.Lift2DownLeftInternalVariant	48	1
simulation_parameters.ISimulationSystem.OnSimulationCreated.Listeners[].Target.SpecializedBuildingTenantSystemsByType.Lift2DownLeftInternalVariantMirrored	48	1
simulation_parameters.ISimulationSystem.OnSimulationCreated.Listeners[].Target.SpecializedBuildingTenantSystemsByType.Lift2UpBackwardInternalVariant	48	1
simulation_parameters.ISimulationSystem.OnSimulationCreated.Listeners[].Target.SpecializedBuildingTenantSystemsByType.Lift2UpForwardInternalVariant	48	1
simulation_parameters.ISimulationSystem.OnSimulationCreated.Listeners[].Target.SpecializedBuildingTenantSystemsByType.Lift2UpLeftInternalVariant	48	1
simulation_parameters.ISimulationSystem.OnSimulationCreated.Listeners[].Target.SpecializedBuildingTenantSystemsByType.Lift2UpLeftInternalVariantMirrored	48	1
simulation_parameters.ISimulationSystem.OnSimulationCreated.Listeners[].Target.SpecializedBuildingTenantSystemsByType.LogicGateAndInternalVariant	48	1
simulation_parameters.ISimulationSystem.OnSimulationCreated.Listeners[].Target.SpecializedBuildingTenantSystemsByType.LogicGateCompareInternalVariant	48	1
simulation_parameters.ISimulationSystem.OnSimulationCreated.Listeners[].Target.SpecializedBuildingTenantSystemsByType.LogicGateCompareInternalVariantMirrored	48	1
simulation_parameters.ISimulationSystem.OnSimulationCreated.Listeners[].Target.SpecializedBuildingTenantSystemsByType.LogicGateIfInternalVariant	48	1
simulation_parameters.ISimulationSystem.OnSimulationCreated.Listeners[].Target.SpecializedBuildingTenantSystemsByType.LogicGateIfInternalVariantMirrored	48	1
simulation_parameters.ISimulationSystem.OnSimulationCreated.Listeners[].Target.SpecializedBuildingTenantSystemsByType.LogicGateNotInternalVariant	48	1
simulation_parameters.ISimulationSystem.OnSimulationCreated.Listeners[].Target.SpecializedBuildingTenantSystemsByType.LogicGateOrInternalVariant	48	1
simulation_parameters.ISimulationSystem.OnSimulationCreated.Listeners[].Target.SpecializedBuildingTenantSystemsByType.LogicGateXOrInternalVariant	48	1
simulation_parameters.ISimulationSystem.OnSimulationCreated.Listeners[].Target.SpecializedBuildingTenantSystemsByType.Merger2To1LInternalVariant	48	1
simulation_parameters.ISimulationSystem.OnSimulationCreated.Listeners[].Target.SpecializedBuildingTenantSystemsByType.Merger2To1LInternalVariantMirrored	48	1
simulation_parameters.ISimulationSystem.OnSimulationCreated.Listeners[].Target.SpecializedBuildingTenantSystemsByType.Merger3To1InternalVariant	48	1
simulation_parameters.ISimulationSystem.OnSimulationCreated.Listeners[].Target.SpecializedBuildingTenantSystemsByType.MergerTShapeInternalVariant	48	1
simulation_parameters.ISimulationSystem.OnSimulationCreated.Listeners[].Target.SpecializedBuildingTenantSystemsByType.MixerDefaultInternalVariant	48	1
simulation_parameters.ISimulationSystem.OnSimulationCreated.Listeners[].Target.SpecializedBuildingTenantSystemsByType.MixerDefaultInternalVariantMirrored	48	1
simulation_parameters.ISimulationSystem.OnSimulationCreated.Listeners[].Target.SpecializedBuildingTenantSystemsByType.PainterDefaultInternalVariant	48	1
simulation_parameters.ISimulationSystem.OnSimulationCreated.Listeners[].Target.SpecializedBuildingTenantSystemsByType.PainterDefaultInternalVariantMirrored	48	1
simulation_parameters.ISimulationSystem.OnSimulationCreated.Listeners[].Target.SpecializedBuildingTenantSystemsByType.PinPusherDefaultInternalVariant	48	1
simulation_parameters.ISimulationSystem.OnSimulationCreated.Listeners[].Target.SpecializedBuildingTenantSystemsByType.PipeGateDefaultInternalVariant	48	1
simulation_parameters.ISimulationSystem.OnSimulationCreated.Listeners[].Target.SpecializedBuildingTenantSystemsByType.PipeGateDefaultInternalVariantMirrored	48	1
simulation_parameters.ISimulationSystem.OnSimulationCreated.Listeners[].Target.SpecializedBuildingTenantSystemsByType.PumpDefaultInternalVariant	48	1
simulation_parameters.ISimulationSystem.OnSimulationCreated.Listeners[].Target.SpecializedBuildingTenantSystemsByType.RotatorHalfInternalVariant	48	1
simulation_parameters.ISimulationSystem.OnSimulationCreated.Listeners[].Target.SpecializedBuildingTenantSystemsByType.RotatorOneQuadCCWInternalVariant	48	1
simulation_parameters.ISimulationSystem.OnSimulationCreated.Listeners[].Target.SpecializedBuildingTenantSystemsByType.RotatorOneQuadInternalVariant	48	1
simulation_parameters.ISimulationSystem.OnSimulationCreated.Listeners[].Target.SpecializedBuildingTenantSystemsByType.SandboxFluidProducerDefaultInternalVariant	48	1
simulation_parameters.ISimulationSystem.OnSimulationCreated.Listeners[].Target.SpecializedBuildingTenantSystemsByType.SandboxItemProducerDefaultInternalVariant	48	1
simulation_parameters.ISimulationSystem.OnSimulationCreated.Listeners[].Target.SpecializedBuildingTenantSystemsByType.Splitter1To2LInternalVariant	48	1
simulation_parameters.ISimulationSystem.OnSimulationCreated.Listeners[].Target.SpecializedBuildingTenantSystemsByType.Splitter1To2LInternalVariantMirrored	48	1
simulation_parameters.ISimulationSystem.OnSimulationCreated.Listeners[].Target.SpecializedBuildingTenantSystemsByType.Splitter1To3InternalVariant	48	1
simulation_parameters.ISimulationSystem.OnSimulationCreated.Listeners[].Target.SpecializedBuildingTenantSystemsByType.SplitterOverflowLInternalVariant	48	1
simulation_parameters.ISimulationSystem.OnSimulationCreated.Listeners[].Target.SpecializedBuildingTenantSystemsByType.SplitterOverflowLInternalVariantMirrored	48	1
simulation_parameters.ISimulationSystem.OnSimulationCreated.Listeners[].Target.SpecializedBuildingTenantSystemsByType.SplitterTShapeInternalVariant	48	1
simulation_parameters.ISimulationSystem.OnSimulationCreated.Listeners[].Target.SpecializedBuildingTenantSystemsByType.StackerDefaultInternalVariant	48	1
simulation_parameters.ISimulationSystem.OnSimulationCreated.Listeners[].Target.SpecializedBuildingTenantSystemsByType.StackerDefaultInternalVariantMirrored	48	1
simulation_parameters.ISimulationSystem.OnSimulationCreated.Listeners[].Target.SpecializedBuildingTenantSystemsByType.StackerStraightInternalVariant	48	1
simulation_parameters.ISimulationSystem.OnSimulationCreated.Listeners[].Target.SpecializedBuildingTenantSystemsByType.TrashDefaultInternalVariant	48	1
simulation_parameters.ISimulationSystem.OnSimulationCreated.Listeners[].Target.SpecializedBuildingTenantSystemsByType.VirtualAnalyzerDefaultInternalVariant	48	1
simulation_parameters.ISimulationSystem.OnSimulationCreated.Listeners[].Target.SpecializedBuildingTenantSystemsByType.VirtualAnalyzerDefaultInternalVariantMirrored	48	1
simulation_parameters.ISimulationSystem.OnSimulationCreated.Listeners[].Target.SpecializedBuildingTenantSystemsByType.VirtualCrystalGeneratorDefaultInternalVariant	48	1
simulation_parameters.ISimulationSystem.OnSimulationCreated.Listeners[].Target.SpecializedBuildingTenantSystemsByType.VirtualCrystalGeneratorDefaultInternalVariantMirrored	48	1
simulation_parameters.ISimulationSystem.OnSimulationCreated.Listeners[].Target.SpecializedBuildingTenantSystemsByType.VirtualHalfCutterDefaultInternalVariant	48	1
simulation_parameters.ISimulationSystem.OnSimulationCreated.Listeners[].Target.SpecializedBuildingTenantSystemsByType.VirtualHalvesSwapperDefaultInternalVariant	48	1
simulation_parameters.ISimulationSystem.OnSimulationCreated.Listeners[].Target.SpecializedBuildingTenantSystemsByType.VirtualPainterDefaultInternalVariant	48	1
simulation_parameters.ISimulationSystem.OnSimulationCreated.Listeners[].Target.SpecializedBuildingTenantSystemsByType.VirtualPainterDefaultInternalVariantMirrored	48	1
simulation_parameters.ISimulationSystem.OnSimulationCreated.Listeners[].Target.SpecializedBuildingTenantSystemsByType.VirtualPinPusherDefaultInternalVariant	48	1
simulation_parameters.ISimulationSystem.OnSimulationCreated.Listeners[].Target.SpecializedBuildingTenantSystemsByType.VirtualRotatorCCWInternalVariant	48	1
simulation_parameters.ISimulationSystem.OnSimulationCreated.Listeners[].Target.SpecializedBuildingTenantSystemsByType.VirtualRotatorDefaultInternalVariant	48	1
simulation_parameters.ISimulationSystem.OnSimulationCreated.Listeners[].Target.SpecializedBuildingTenantSystemsByType.VirtualStackerDefaultInternalVariant	48	1
simulation_parameters.ISimulationSystem.OnSimulationCreated.Listeners[].Target.SpecializedBuildingTenantSystemsByType.VirtualStackerDefaultInternalVariantMirrored	48	1
simulation_parameters.ISimulationSystem.OnSimulationCreated.Listeners[].Target.SpecializedBuildingTenantSystemsByType.VirtualUnstackerDefaultInternalVariant	48	1
simulation_parameters.ISimulationSystem.OnSimulationCreated.Listeners[].Target.SpecializedBuildingTenantSystemsByType.VirtualUnstackerDefaultInternalVariantMirrored	48	1
simulation_parameters.ISimulationSystem.OnSimulationCreated.Listeners[].Target.SpecializedBuildingTenantSystemsByType.WireGlobalTransmitterReceiverInternalVariant	48	1
simulation_parameters.ISimulationSystem.OnSimulationCreated.Listeners[].Target.SpecializedBuildingTenantSystemsByType.WireTransmitterReceiverInternalVariant	48	1
simulation_parameters.ISimulationSystem.OnSimulationCreated.Listeners[].Target.SpecializedBuildingTenantSystemsByType.WireTransmitterSenderInternalVariant	48	1
simulation_parameters.ISimulationSystem.OnSimulationCreated.Listeners[].Target.SpecializedIslandTenantSystemsByType.Layout_Classic_Regular_Tier0_BlueA	48	1
simulation_parameters.ISimulationSystem.OnSimulationCreated.Listeners[].Target.SpecializedIslandTenantSystemsByType.Layout_Classic_Regular_Tier0_BlueA_Flipped	48	1
simulation_parameters.ISimulationSystem.OnSimulationCreated.Listeners[].Target.SpecializedIslandTenantSystemsByType.Layout_Classic_Regular_Tier0_GreenA	48	1
simulation_parameters.ISimulationSystem.OnSimulationCreated.Listeners[].Target.SpecializedIslandTenantSystemsByType.Layout_Classic_Regular_Tier0_GreenA_Flipped	48	1
simulation_parameters.ISimulationSystem.OnSimulationCreated.Listeners[].Target.SpecializedIslandTenantSystemsByType.Layout_Classic_Regular_Tier0_RedA	48	1
simulation_parameters.ISimulationSystem.OnSimulationCreated.Listeners[].Target.SpecializedIslandTenantSystemsByType.Layout_Classic_Regular_Tier0_RedA_Flipped	48	1
simulation_parameters.ISimulationSystem.OnSimulationCreated.Listeners[].Target.SpecializedIslandTenantSystemsByType.Layout_Classic_Regular_Tier1_CyanA	48	1
simulation_parameters.ISimulationSystem.OnSimulationCreated.Listeners[].Target.SpecializedIslandTenantSystemsByType.Layout_Classic_Regular_Tier1_CyanA_Flipped	48	1
simulation_parameters.ISimulationSystem.OnSimulationCreated.Listeners[].Target.SpecializedIslandTenantSystemsByType.Layout_Classic_Regular_Tier1_MagentaA	48	1
simulation_parameters.ISimulationSystem.OnSimulationCreated.Listeners[].Target.SpecializedIslandTenantSystemsByType.Layout_Classic_Regular_Tier1_MagentaA_Flipped	48	1
simulation_parameters.ISimulationSystem.OnSimulationCreated.Listeners[].Target.SpecializedIslandTenantSystemsByType.Layout_Classic_Regular_Tier1_YellowA	48	1
simulation_parameters.ISimulationSystem.OnSimulationCreated.Listeners[].Target.SpecializedIslandTenantSystemsByType.Layout_Classic_Regular_Tier1_YellowA_Flipped	48	1
simulation_parameters.ISimulationSystem.OnSimulationCreated.Listeners[].Target.SpecializedIslandTenantSystemsByType.Layout_Classic_Regular_Tier2_BlackA	48	1
simulation_parameters.ISimulationSystem.OnSimulationCreated.Listeners[].Target.SpecializedIslandTenantSystemsByType.Layout_Classic_Regular_Tier2_BlackA_Flipped	48	1
simulation_parameters.ISimulationSystem.OnSimulationCreated.Listeners[].Target.SpecializedIslandTenantSystemsByType.Layout_Classic_Regular_Tier2_WhiteA	48	1
simulation_parameters.ISimulationSystem.OnSimulationCreated.Listeners[].Target.SpecializedIslandTenantSystemsByType.Layout_Classic_Regular_Tier2_WhiteA_Flipped	48	1
simulation_parameters.ISimulationSystem.OnSimulationCreated.Listeners[].Target.SpecializedIslandTenantSystemsByType.Layout_Classic_Regular_Tier3_Vortex	48	1
simulation_parameters.ISimulationSystem.OnSimulationCreated.Listeners[].Target.SpecializedIslandTenantSystemsByType.Layout_Classic_Regular_Tier3_Vortex_Flipped	48	1
simulation_parameters.ISimulationSystem.OnSimulationCreated.Listeners[].Target.SpecializedIslandTenantSystemsByType.Layout_ConverterHub	48	1
simulation_parameters.ISimulationSystem.OnSimulationCreated.Listeners[].Target.SpecializedIslandTenantSystemsByType.Layout_DonationStation	48	1
simulation_parameters.ISimulationSystem.OnSimulationCreated.Listeners[].Target.SpecializedIslandTenantSystemsByType.Layout_FluidMiner	48	1
simulation_parameters.ISimulationSystem.OnSimulationCreated.Listeners[].Target.SpecializedIslandTenantSystemsByType.Layout_FluidMinerExtension	48	1
simulation_parameters.ISimulationSystem.OnSimulationCreated.Listeners[].Target.SpecializedIslandTenantSystemsByType.Layout_HUB	48	1
simulation_parameters.ISimulationSystem.OnSimulationCreated.Listeners[].Target.SpecializedIslandTenantSystemsByType.Layout_ResearchStation	48	1
simulation_parameters.ISimulationSystem.OnSimulationCreated.Listeners[].Target.SpecializedIslandTenantSystemsByType.Layout_ResearchStation_Flipped	48	1
simulation_parameters.ISimulationSystem.OnSimulationCreated.Listeners[].Target.SpecializedIslandTenantSystemsByType.Layout_ShapeMiner	48	1
simulation_parameters.ISimulationSystem.OnSimulationCreated.Listeners[].Target.SpecializedIslandTenantSystemsByType.Layout_ShapeMinerExtension	48	1
simulation_parameters.ISimulationSystem.OnSimulationCreated.Listeners[].Target.SpecializedIslandTenantSystemsByType.SpaceBelt_Forward	48	1
simulation_parameters.ISimulationSystem.OnSimulationCreated.Listeners[].Target.SpecializedIslandTenantSystemsByType.SpaceBelt_LeftFwdMerger	48	1
simulation_parameters.ISimulationSystem.OnSimulationCreated.Listeners[].Target.SpecializedIslandTenantSystemsByType.SpaceBelt_LeftFwdSplitter	48	1
simulation_parameters.ISimulationSystem.OnSimulationCreated.Listeners[].Target.SpecializedIslandTenantSystemsByType.SpaceBelt_LeftTurn	48	1
simulation_parameters.ISimulationSystem.OnSimulationCreated.Listeners[].Target.SpecializedIslandTenantSystemsByType.SpaceBelt_Lift1DownBackward	48	1
simulation_parameters.ISimulationSystem.OnSimulationCreated.Listeners[].Target.SpecializedIslandTenantSystemsByType.SpaceBelt_Lift1DownForward	48	1
simulation_parameters.ISimulationSystem.OnSimulationCreated.Listeners[].Target.SpecializedIslandTenantSystemsByType.SpaceBelt_Lift1DownLeft	48	1
simulation_parameters.ISimulationSystem.OnSimulationCreated.Listeners[].Target.SpecializedIslandTenantSystemsByType.SpaceBelt_Lift1DownRight	48	1
simulation_parameters.ISimulationSystem.OnSimulationCreated.Listeners[].Target.SpecializedIslandTenantSystemsByType.SpaceBelt_Lift1UpBackward	48	1
simulation_parameters.ISimulationSystem.OnSimulationCreated.Listeners[].Target.SpecializedIslandTenantSystemsByType.SpaceBelt_Lift1UpForward	48	1
simulation_parameters.ISimulationSystem.OnSimulationCreated.Listeners[].Target.SpecializedIslandTenantSystemsByType.SpaceBelt_Lift1UpLeft	48	1
simulation_parameters.ISimulationSystem.OnSimulationCreated.Listeners[].Target.SpecializedIslandTenantSystemsByType.SpaceBelt_Lift1UpRight	48	1
simulation_parameters.ISimulationSystem.OnSimulationCreated.Listeners[].Target.SpecializedIslandTenantSystemsByType.SpaceBelt_Lift2DownBackward	48	1
simulation_parameters.ISimulationSystem.OnSimulationCreated.Listeners[].Target.SpecializedIslandTenantSystemsByType.SpaceBelt_Lift2DownForward	48	1
simulation_parameters.ISimulationSystem.OnSimulationCreated.Listeners[].Target.SpecializedIslandTenantSystemsByType.SpaceBelt_Lift2DownLeft	48	1
simulation_parameters.ISimulationSystem.OnSimulationCreated.Listeners[].Target.SpecializedIslandTenantSystemsByType.SpaceBelt_Lift2DownRight	48	1
simulation_parameters.ISimulationSystem.OnSimulationCreated.Listeners[].Target.SpecializedIslandTenantSystemsByType.SpaceBelt_Lift2UpBackward	48	1
simulation_parameters.ISimulationSystem.OnSimulationCreated.Listeners[].Target.SpecializedIslandTenantSystemsByType.SpaceBelt_Lift2UpForward	48	1
simulation_parameters.ISimulationSystem.OnSimulationCreated.Listeners[].Target.SpecializedIslandTenantSystemsByType.SpaceBelt_Lift2UpLeft	48	1
simulation_parameters.ISimulationSystem.OnSimulationCreated.Listeners[].Target.SpecializedIslandTenantSystemsByType.SpaceBelt_Lift2UpRight	48	1
simulation_parameters.ISimulationSystem.OnSimulationCreated.Listeners[].Target.SpecializedIslandTenantSystemsByType.SpaceBelt_RightFwdMerger	48	1
simulation_parameters.ISimulationSystem.OnSimulationCreated.Listeners[].Target.SpecializedIslandTenantSystemsByType.SpaceBelt_RightFwdSplitter	48	1
simulation_parameters.ISimulationSystem.OnSimulationCreated.Listeners[].Target.SpecializedIslandTenantSystemsByType.SpaceBelt_RightTurn	48	1
simulation_parameters.ISimulationSystem.OnSimulationCreated.Listeners[].Target.SpecializedIslandTenantSystemsByType.SpaceBelt_TripleMerger	48	1
simulation_parameters.ISimulationSystem.OnSimulationCreated.Listeners[].Target.SpecializedIslandTenantSystemsByType.SpaceBelt_TripleSplitter	48	1
simulation_parameters.ISimulationSystem.OnSimulationCreated.Listeners[].Target.SpecializedIslandTenantSystemsByType.SpaceBelt_YMerger	48	1
simulation_parameters.ISimulationSystem.OnSimulationCreated.Listeners[].Target.SpecializedIslandTenantSystemsByType.SpaceBelt_YSplitter	48	1
simulation_parameters.ISimulationSystem.OnSimulationCreated.Listeners[].Target.SpecializedIslandTenantSystemsByType.SpacePipe_Forward	48	1
simulation_parameters.ISimulationSystem.OnSimulationCreated.Listeners[].Target.SpecializedIslandTenantSystemsByType.SpacePipe_LeftFwdMerger	48	1
simulation_parameters.ISimulationSystem.OnSimulationCreated.Listeners[].Target.SpecializedIslandTenantSystemsByType.SpacePipe_LeftFwdSplitter	48	1
simulation_parameters.ISimulationSystem.OnSimulationCreated.Listeners[].Target.SpecializedIslandTenantSystemsByType.SpacePipe_LeftTurn	48	1
simulation_parameters.ISimulationSystem.OnSimulationCreated.Listeners[].Target.SpecializedIslandTenantSystemsByType.SpacePipe_Lift1DownBackward	48	1
simulation_parameters.ISimulationSystem.OnSimulationCreated.Listeners[].Target.SpecializedIslandTenantSystemsByType.SpacePipe_Lift1DownForward	48	1
simulation_parameters.ISimulationSystem.OnSimulationCreated.Listeners[].Target.SpecializedIslandTenantSystemsByType.SpacePipe_Lift1DownLeft	48	1
simulation_parameters.ISimulationSystem.OnSimulationCreated.Listeners[].Target.SpecializedIslandTenantSystemsByType.SpacePipe_Lift1DownRight	48	1
simulation_parameters.ISimulationSystem.OnSimulationCreated.Listeners[].Target.SpecializedIslandTenantSystemsByType.SpacePipe_Lift1UpBackward	48	1
simulation_parameters.ISimulationSystem.OnSimulationCreated.Listeners[].Target.SpecializedIslandTenantSystemsByType.SpacePipe_Lift1UpForward	48	1
simulation_parameters.ISimulationSystem.OnSimulationCreated.Listeners[].Target.SpecializedIslandTenantSystemsByType.SpacePipe_Lift1UpLeft	48	1
simulation_parameters.ISimulationSystem.OnSimulationCreated.Listeners[].Target.SpecializedIslandTenantSystemsByType.SpacePipe_Lift1UpRight	48	1
simulation_parameters.ISimulationSystem.OnSimulationCreated.Listeners[].Target.SpecializedIslandTenantSystemsByType.SpacePipe_Lift2DownBackward	48	1
simulation_parameters.ISimulationSystem.OnSimulationCreated.Listeners[].Target.SpecializedIslandTenantSystemsByType.SpacePipe_Lift2DownForward	48	1
simulation_parameters.ISimulationSystem.OnSimulationCreated.Listeners[].Target.SpecializedIslandTenantSystemsByType.SpacePipe_Lift2DownLeft	48	1
simulation_parameters.ISimulationSystem.OnSimulationCreated.Listeners[].Target.SpecializedIslandTenantSystemsByType.SpacePipe_Lift2DownRight	48	1
simulation_parameters.ISimulationSystem.OnSimulationCreated.Listeners[].Target.SpecializedIslandTenantSystemsByType.SpacePipe_Lift2UpBackward	48	1
simulation_parameters.ISimulationSystem.OnSimulationCreated.Listeners[].Target.SpecializedIslandTenantSystemsByType.SpacePipe_Lift2UpForward	48	1
simulation_parameters.ISimulationSystem.OnSimulationCreated.Listeners[].Target.SpecializedIslandTenantSystemsByType.SpacePipe_Lift2UpLeft	48	1
simulation_parameters.ISimulationSystem.OnSimulationCreated.Listeners[].Target.SpecializedIslandTenantSystemsByType.SpacePipe_Lift2UpRight	48	1
simulation_parameters.ISimulationSystem.OnSimulationCreated.Listeners[].Target.SpecializedIslandTenantSystemsByType.SpacePipe_RightFwdMerger	48	1
simulation_parameters.ISimulationSystem.OnSimulationCreated.Listeners[].Target.SpecializedIslandTenantSystemsByType.SpacePipe_RightFwdSplitter	48	1
simulation_parameters.ISimulationSystem.OnSimulationCreated.Listeners[].Target.SpecializedIslandTenantSystemsByType.SpacePipe_RightTurn	48	1
simulation_parameters.ISimulationSystem.OnSimulationCreated.Listeners[].Target.SpecializedIslandTenantSystemsByType.SpacePipe_TripleMerger	48	1
simulation_parameters.ISimulationSystem.OnSimulationCreated.Listeners[].Target.SpecializedIslandTenantSystemsByType.SpacePipe_TripleSplitter	48	1
simulation_parameters.ISimulationSystem.OnSimulationCreated.Listeners[].Target.SpecializedIslandTenantSystemsByType.SpacePipe_YMerger	48	1
simulation_parameters.ISimulationSystem.OnSimulationCreated.Listeners[].Target.SpecializedIslandTenantSystemsByType.SpacePipe_YSplitter	48	1
definition_snapshot.ISimulationSystem.OnSimulationCreated.Listeners[].Method.ReflectedTypeInternal.BaseType.DeclaredConstructors	46	1
definition_snapshot.ISimulationSystem.OnSimulationCreated.Listeners[].Target.Systems[].IslandDefinitionIds	46	1
definition_snapshot.ISimulationSystem.OnSimulationCreated.Listeners[].Target.TileBasedSystems[].ISpecializedBuildingTenantSimulationSystem.SpecializedBuildings	46	1
definition_snapshot.ISimulationSystem.OnSimulationCreated.Listeners[].Target.TileBasedSystems[].ISpecializedIslandTenantSimulationSystem.SpecializedIslands	46	1
definition_snapshot.ISimulationSystem.OnSimulationCreated.Listeners[].Target.TileBasedSystems[]._HubIslands	46	1
definition_snapshot.ISpecializedIslandTenantSimulationSystem.SpecializedIslands	46	1
simulation_parameters.ISpecializedIslandTenantSimulationSystem.SpecializedIslands	46	1
definition_snapshot.IShapeCollectorSystem.OnShapesCollected.Listeners	44	1
definition_snapshot.IShapeCollectorSystem.OnShapesCollected.Listeners[].Method.Module.Assembly.Modules	44	1
definition_snapshot.IShapeCollectorSystem.OnShapesCollected.Listeners[].Method.Module.Assembly._minimum	44	1
definition_snapshot.IShapeCollectorSystem.OnShapesCollected.Listeners[].Method.Module.CustomAttributes	44	1
definition_snapshot.IShapeCollectorSystem.OnShapesCollected.Listeners[].Method.ReflectedTypeInternal.CustomAttributes	44	1
definition_snapshot.IShapeCollectorSystem.OnShapesCollected.Listeners[].Method.ReflectedTypeInternal.DeclaredConstructors	44	1
definition_snapshot.IShapeCollectorSystem.OnShapesCollected.Listeners[].Method.ReflectedTypeInternal.DeclaredMethods	44	1
definition_snapshot.IShapeCollectorSystem.OnShapesCollected.Listeners[].Method.ReflectedTypeInternal.ReflectedType.DeclaredConstructors	44	1
definition_snapshot.IShapeCollectorSystem.OnShapesCollected.Listeners[].Method.ReflectedTypeInternal.ReflectedType.DeclaredProperties	44	1
definition_snapshot.IShapeCollectorSystem.OnShapesCollected.Listeners[].Target.<>4__this.IShapesDeliveryListener.OnItemDelivered.Listeners	44	1
simulation_parameters.IShapeCollectorSystem.OnShapesCollected.Listeners	44	1
definition_snapshot.OnSimulationCreated.Listeners[].Target.Systems[].ISpecializedIslandTenantSimulationSystem.SpecializedIslands	42	1
definition_snapshot.Config.Io.<Outputs>k__BackingField	36	1
definition_snapshot.Config.Io.Outputs	36	1
definition_snapshot.IRocketProducerSystem.OnRocketProduced.Listeners[].Method.ReflectedTypeInternal.BaseType.DeclaredConstructors	36	1
definition_snapshot.IRocketProducerSystem.OnRocketProduced.Listeners[].Method.ReflectedTypeInternal.BaseType.DeclaredNestedTypes	36	1
definition_snapshot.IRocketProducerSystem.OnRocketProduced.Listeners[].Target.IRocketLaunchListener.OnRocketLaunched.Listeners	36	1
definition_snapshot.IRocketProducerSystem.OnRocketProduced.Listeners[].Target.LocalizedSimulationType.Assembly.Modules	36	1
definition_snapshot.IRocketProducerSystem.OnRocketProduced.Listeners[].Target.LocalizedSimulationType.DeclaredConstructors	36	1
definition_snapshot.IRocketProducerSystem.OnRocketProduced.Listeners[].Target.LocalizedSimulationType.DeclaredNestedTypes	36	1
definition_snapshot.IRocketProducerSystem.OnRocketProduced.Listeners[].Target.SimulationType.Assembly.Modules	36	1
definition_snapshot.IRocketProducerSystem.OnRocketProduced.Listeners[].Target.SimulationType.BaseType.DeclaredConstructors	36	1
definition_snapshot.IRocketProducerSystem.OnRocketProduced.Listeners[].Target.SimulationType.BaseType.DeclaredFields	36	1
definition_snapshot.IRocketProducerSystem.OnRocketProduced.Listeners[].Target.SimulationType.BaseType.GenericTypeArguments	36	1
definition_snapshot.IRocketProducerSystem.OnRocketProduced.Listeners[].Target.SimulationType.BaseType.ImplementedInterfaces	36	1
definition_snapshot.IRocketProducerSystem.OnRocketProduced.Listeners[].Target.SimulationType.DeclaredConstructors	36	1
definition_snapshot.IRocketProducerSystem.OnRocketProduced.Listeners[].Target.SimulationType.DeclaredNestedTypes	36	1
definition_snapshot.Interlock.LockedEntry.<Outputs>k__BackingField	36	1
definition_snapshot.Interlock.LockedEntry.<ShapeOutputs>k__BackingField	36	1
definition_snapshot.Interlock.LockedEntry.Outputs	36	1
definition_snapshot.Interlock.LockedEntry.ShapeOutputs	36	1
definition_snapshot.Interlock.ResearchUnlockManager.Mode.Buildings.BeltPortReceiver.ConnectorData.<Tiles>k__BackingField	36	1
definition_snapshot.Interlock.ResearchUnlockManager.Mode.Buildings.BeltPortReceiver.ConnectorData.LegacyBuildingIOMap.BuildingItemOutput	36	1
definition_snapshot.Interlock.ResearchUnlockManager.Mode.Buildings.BeltPortReceiver.ConnectorData.Tiles	36	1
definition_snapshot.Interlock.ResearchUnlockManager.Mode.Buildings.BeltPortSender.ConnectorData.<Tiles>k__BackingField	36	1
definition_snapshot.Interlock.ResearchUnlockManager.Mode.Buildings.BeltPortSender.ConnectorData.LegacyBuildingIOMap.BeltPortOutput	36	1
definition_snapshot.Interlock.ResearchUnlockManager.Mode.Buildings.BeltPortSender.ConnectorData.LegacyBuildingIOMap.BuildingItemInput	36	1
definition_snapshot.Interlock.ResearchUnlockManager.Mode.Buildings.BeltPortSender.ConnectorData.Tiles	36	1
definition_snapshot.Interlock.ResearchUnlockManager.Mode.Buildings.FluidExtractor.ConnectorData.<AllBuildingConnectors>k__BackingField	36	1
definition_snapshot.Interlock.ResearchUnlockManager.Mode.Buildings.FluidExtractor.ConnectorData.<Tiles>k__BackingField	36	1
definition_snapshot.Interlock.ResearchUnlockManager.Mode.Buildings.FluidExtractor.ConnectorData.AllBuildingConnectors	36	1
definition_snapshot.Interlock.ResearchUnlockManager.Mode.Buildings.FluidExtractor.ConnectorData.IEntityConnectorData<Game.Core.Coordinates.LocalTilePivot,Game.Core.Coordinates.TileVector,TileDirection>.AllConnectors	36	1
definition_snapshot.Interlock.ResearchUnlockManager.Mode.Buildings.FluidExtractor.ConnectorData.Tiles	36	1
definition_snapshot.Interlock.ResearchUnlockManager.Mode.Buildings.FluidPortReceiver.ConnectorData.<AllBuildingConnectors>k__BackingField	36	1
definition_snapshot.Interlock.ResearchUnlockManager.Mode.Buildings.FluidPortReceiver.ConnectorData.<Tiles>k__BackingField	36	1
definition_snapshot.Interlock.ResearchUnlockManager.Mode.Buildings.FluidPortReceiver.ConnectorData.AllBuildingConnectors	36	1
definition_snapshot.Interlock.ResearchUnlockManager.Mode.Buildings.FluidPortReceiver.ConnectorData.IEntityConnectorData<Game.Core.Coordinates.LocalTilePivot,Game.Core.Coordinates.TileVector,TileDirection>.AllConnectors	36	1
definition_snapshot.Interlock.ResearchUnlockManager.Mode.Buildings.FluidPortReceiver.ConnectorData.Tiles	36	1
definition_snapshot.Interlock.ResearchUnlockManager.Mode.Buildings.FluidPortSender.ConnectorData.<AllBuildingConnectors>k__BackingField	36	1
definition_snapshot.Interlock.ResearchUnlockManager.Mode.Buildings.FluidPortSender.ConnectorData.<Tiles>k__BackingField	36	1
definition_snapshot.Interlock.ResearchUnlockManager.Mode.Buildings.FluidPortSender.ConnectorData.AllBuildingConnectors	36	1
definition_snapshot.Interlock.ResearchUnlockManager.Mode.Buildings.FluidPortSender.ConnectorData.IEntityConnectorData<Game.Core.Coordinates.LocalTilePivot,Game.Core.Coordinates.TileVector,TileDirection>.AllConnectors	36	1
definition_snapshot.Interlock.ResearchUnlockManager.Mode.Buildings.FluidPortSender.ConnectorData.Tiles	36	1
definition_snapshot.Interlock.ResearchUnlockManager.Mode.Buildings.ForwardBelt.ConnectorData.<Tiles>k__BackingField	36	1
definition_snapshot.Interlock.ResearchUnlockManager.Mode.Buildings.ForwardBelt.ConnectorData.LegacyBuildingIOMap.BuildingItemInput	36	1
definition_snapshot.Interlock.ResearchUnlockManager.Mode.Buildings.ForwardBelt.ConnectorData.LegacyBuildingIOMap.BuildingItemOutput	36	1
definition_snapshot.Interlock.ResearchUnlockManager.Mode.Buildings.ForwardBelt.ConnectorData.Tiles	36	1
definition_snapshot.Interlock.ResearchUnlockManager.Mode.Buildings.PipeForward.ConnectorData.<Tiles>k__BackingField	36	1
definition_snapshot.Interlock.ResearchUnlockManager.Mode.Buildings.PipeForward.ConnectorData.Tiles	36	1
definition_snapshot.Interlock.ResearchUnlockManager.Mode.Buildings.ShapeMiner.ConnectorData.<AllBuildingConnectors>k__BackingField	36	1
definition_snapshot.Interlock.ResearchUnlockManager.Mode.Buildings.ShapeMiner.ConnectorData.<Tiles>k__BackingField	36	1
definition_snapshot.Interlock.ResearchUnlockManager.Mode.Buildings.ShapeMiner.ConnectorData.AllBuildingConnectors	36	1
definition_snapshot.Interlock.ResearchUnlockManager.Mode.Buildings.ShapeMiner.ConnectorData.IEntityConnectorData<Game.Core.Coordinates.LocalTilePivot,Game.Core.Coordinates.TileVector,TileDirection>.AllConnectors	36	1
definition_snapshot.Interlock.ResearchUnlockManager.Mode.Buildings.ShapeMiner.ConnectorData.LegacyBuildingIOMap.BuildingItemOutput	36	1
definition_snapshot.Interlock.ResearchUnlockManager.Mode.Buildings.ShapeMiner.ConnectorData.Tiles	36	1
definition_snapshot.Interlock.ResearchUnlockManager.Mode.Buildings.WireForward.ConnectorData.<Tiles>k__BackingField	36	1
definition_snapshot.Interlock.ResearchUnlockManager.Mode.Buildings.WireForward.ConnectorData.Tiles	36	1
definition_snapshot.Interlock.ResearchUnlockManager.Mode.Buildings.WireTransmitterReceiver.ConnectorData.<AllBuildingConnectors>k__BackingField	36	1
definition_snapshot.Interlock.ResearchUnlockManager.Mode.Buildings.WireTransmitterReceiver.ConnectorData.<Tiles>k__BackingField	36	1
definition_snapshot.Interlock.ResearchUnlockManager.Mode.Buildings.WireTransmitterReceiver.ConnectorData.AllBuildingConnectors	36	1
definition_snapshot.Interlock.ResearchUnlockManager.Mode.Buildings.WireTransmitterReceiver.ConnectorData.IEntityConnectorData<Game.Core.Coordinates.LocalTilePivot,Game.Core.Coordinates.TileVector,TileDirection>.AllConnectors	36	1
definition_snapshot.Interlock.ResearchUnlockManager.Mode.Buildings.WireTransmitterReceiver.ConnectorData.LegacyBuildingIOMap.BuildingSignalIO	36	1
definition_snapshot.Interlock.ResearchUnlockManager.Mode.Buildings.WireTransmitterReceiver.ConnectorData.LegacyBuildingIOMap.BuildingSignalOutput	36	1
definition_snapshot.Interlock.ResearchUnlockManager.Mode.Buildings.WireTransmitterReceiver.ConnectorData.Tiles	36	1
definition_snapshot.Interlock.ResearchUnlockManager.Mode.Buildings.WireTransmitterSender.ConnectorData.<AllBuildingConnectors>k__BackingField	36	1
definition_snapshot.Interlock.ResearchUnlockManager.Mode.Buildings.WireTransmitterSender.ConnectorData.<Tiles>k__BackingField	36	1
definition_snapshot.Interlock.ResearchUnlockManager.Mode.Buildings.WireTransmitterSender.ConnectorData.AllBuildingConnectors	36	1
definition_snapshot.Interlock.ResearchUnlockManager.Mode.Buildings.WireTransmitterSender.ConnectorData.IEntityConnectorData<Game.Core.Coordinates.LocalTilePivot,Game.Core.Coordinates.TileVector,TileDirection>.AllConnectors	36	1
definition_snapshot.Interlock.ResearchUnlockManager.Mode.Buildings.WireTransmitterSender.ConnectorData.LegacyBuildingIOMap.BuildingSignalIO	36	1
definition_snapshot.Interlock.ResearchUnlockManager.Mode.Buildings.WireTransmitterSender.ConnectorData.LegacyBuildingIOMap.BuildingSignalInput	36	1
definition_snapshot.Interlock.ResearchUnlockManager.Mode.Buildings.WireTransmitterSender.ConnectorData.Tiles	36	1
definition_snapshot.Interlock.ResearchUnlockManager.Mode.Islands.DonationStations	36	1
definition_snapshot.Interlock.ResearchUnlockManager.Mode.ResearchConfig.InitiallyUnlockedUpgrades	36	1
definition_snapshot.Interlock.ResearchUnlockManager.Mode.Scenario.StartingLocation.<InitialIslands>k__BackingField	36	1
definition_snapshot.Interlock.ResearchUnlockManager.Mode.Scenario.StartingLocation.InitialIslands	36	1
definition_snapshot.Interlock.ResearchUnlockManager.Mode.Scenario.SupportedGameModes	36	1
definition_snapshot.Interlock.ResearchUnlockManager.Mode.ShapesConfiguration.<MapGenerationRareParts>k__BackingField	36	1
definition_snapshot.Interlock.ResearchUnlockManager.Mode.ShapesConfiguration.<MapGenerationVeryRareParts>k__BackingField	36	1
definition_snapshot.Interlock.ResearchUnlockManager.Mode.ShapesConfiguration.MapGenerationRareParts	36	1
definition_snapshot.Interlock.ResearchUnlockManager.Mode.ShapesConfiguration.MapGenerationVeryRareParts	36	1
definition_snapshot.Interlock.ResearchUnlockManager.Mode.WikiDatabase.Entries.WKBelts_Lifts.<RequiredMechanics>k__BackingField	36	1
definition_snapshot.Interlock.ResearchUnlockManager.Mode.WikiDatabase.Entries.WKBelts_Lifts.RequiredMechanics	36	1
definition_snapshot.Interlock.ResearchUnlockManager.Mode.WikiDatabase.Entries.WKBelts_OverflowSplitter.<RequiredUpgrades>k__BackingField	36	1
definition_snapshot.Interlock.ResearchUnlockManager.Mode.WikiDatabase.Entries.WKBelts_OverflowSplitter.RequiredUpgrades	36	1
definition_snapshot.Interlock.ResearchUnlockManager.Mode.WikiDatabase.Entries.WKBlueprints_Cost.<Entries>k__BackingField	36	1
definition_snapshot.Interlock.ResearchUnlockManager.Mode.WikiDatabase.Entries.WKBlueprints_Cost.<RelatedEntries>k__BackingField	36	1
definition_snapshot.Interlock.ResearchUnlockManager.Mode.WikiDatabase.Entries.WKBlueprints_Cost.<RequiredMechanics>k__BackingField	36	1
definition_snapshot.Interlock.ResearchUnlockManager.Mode.WikiDatabase.Entries.WKBlueprints_Cost.Entries	36	1
definition_snapshot.Interlock.ResearchUnlockManager.Mode.WikiDatabase.Entries.WKBlueprints_Cost.RelatedEntries	36	1
definition_snapshot.Interlock.ResearchUnlockManager.Mode.WikiDatabase.Entries.WKBlueprints_Cost.RequiredMechanics	36	1
definition_snapshot.Interlock.ResearchUnlockManager.Mode.WikiDatabase.Entries.WKBlueprints_Flipping.<RelatedEntries>k__BackingField	36	1
definition_snapshot.Interlock.ResearchUnlockManager.Mode.WikiDatabase.Entries.WKBlueprints_Flipping.<RequiredMechanics>k__BackingField	36	1
definition_snapshot.Interlock.ResearchUnlockManager.Mode.WikiDatabase.Entries.WKBlueprints_Flipping.RelatedEntries	36	1
definition_snapshot.Interlock.ResearchUnlockManager.Mode.WikiDatabase.Entries.WKBlueprints_Flipping.RequiredMechanics	36	1
definition_snapshot.Interlock.ResearchUnlockManager.Mode.WikiDatabase.Entries.WKBlueprints_Folders.<RelatedEntries>k__BackingField	36	1
definition_snapshot.Interlock.ResearchUnlockManager.Mode.WikiDatabase.Entries.WKBlueprints_Folders.<RequiredMechanics>k__BackingField	36	1
definition_snapshot.Interlock.ResearchUnlockManager.Mode.WikiDatabase.Entries.WKBlueprints_Folders.RelatedEntries	36	1
definition_snapshot.Interlock.ResearchUnlockManager.Mode.WikiDatabase.Entries.WKBlueprints_Folders.RequiredMechanics	36	1
definition_snapshot.Interlock.ResearchUnlockManager.Mode.WikiDatabase.Entries.WKBlueprints_Icons.<RequiredMechanics>k__BackingField	36	1
definition_snapshot.Interlock.ResearchUnlockManager.Mode.WikiDatabase.Entries.WKBlueprints_Icons.RequiredMechanics	36	1
definition_snapshot.Interlock.ResearchUnlockManager.Mode.WikiDatabase.Entries.WKBlueprints_Intro.<RequiredMechanics>k__BackingField	36	1
definition_snapshot.Interlock.ResearchUnlockManager.Mode.WikiDatabase.Entries.WKBlueprints_Intro.RequiredMechanics	36	1
definition_snapshot.Interlock.ResearchUnlockManager.Mode.WikiDatabase.Entries.WKBlueprints_Library.<RequiredMechanics>k__BackingField	36	1
definition_snapshot.Interlock.ResearchUnlockManager.Mode.WikiDatabase.Entries.WKBlueprints_Library.RequiredMechanics	36	1
definition_snapshot.Interlock.ResearchUnlockManager.Mode.WikiDatabase.Entries.WKBlueprints_PasteLast.<Entries>k__BackingField	36	1
definition_snapshot.Interlock.ResearchUnlockManager.Mode.WikiDatabase.Entries.WKBlueprints_PasteLast.<RelatedEntries>k__BackingField	36	1
definition_snapshot.Interlock.ResearchUnlockManager.Mode.WikiDatabase.Entries.WKBlueprints_PasteLast.<RequiredMechanics>k__BackingField	36	1
definition_snapshot.Interlock.ResearchUnlockManager.Mode.WikiDatabase.Entries.WKBlueprints_PasteLast.Entries	36	1
definition_snapshot.Interlock.ResearchUnlockManager.Mode.WikiDatabase.Entries.WKBlueprints_PasteLast.RelatedEntries	36	1
definition_snapshot.Interlock.ResearchUnlockManager.Mode.WikiDatabase.Entries.WKBlueprints_PasteLast.RequiredMechanics	36	1
definition_snapshot.Interlock.ResearchUnlockManager.Mode.WikiDatabase.Entries.WKBlueprints_Sharing.<RelatedEntries>k__BackingField	36	1
definition_snapshot.Interlock.ResearchUnlockManager.Mode.WikiDatabase.Entries.WKBlueprints_Sharing.<RequiredMechanics>k__BackingField	36	1
definition_snapshot.Interlock.ResearchUnlockManager.Mode.WikiDatabase.Entries.WKBlueprints_Sharing.RelatedEntries	36	1
definition_snapshot.Interlock.ResearchUnlockManager.Mode.WikiDatabase.Entries.WKBlueprints_Sharing.RequiredMechanics	36	1
definition_snapshot.Interlock.ResearchUnlockManager.Mode.WikiDatabase.Entries.WKBlueprints_Toolbar.<RelatedEntries>k__BackingField	36	1
definition_snapshot.Interlock.ResearchUnlockManager.Mode.WikiDatabase.Entries.WKBlueprints_Toolbar.<RequiredMechanics>k__BackingField	36	1
definition_snapshot.Interlock.ResearchUnlockManager.Mode.WikiDatabase.Entries.WKBlueprints_Toolbar.RelatedEntries	36	1
definition_snapshot.Interlock.ResearchUnlockManager.Mode.WikiDatabase.Entries.WKBlueprints_Toolbar.RequiredMechanics	36	1
definition_snapshot.Interlock.ResearchUnlockManager.Mode.WikiDatabase.Entries.WKCameraNavigation_CameraSnapping.<RelatedEntries>k__BackingField	36	1
definition_snapshot.Interlock.ResearchUnlockManager.Mode.WikiDatabase.Entries.WKCameraNavigation_CameraSnapping.RelatedEntries	36	1
definition_snapshot.Interlock.ResearchUnlockManager.Mode.WikiDatabase.Entries.WKCameraNavigation_MapMarkers.<RequiredMechanics>k__BackingField	36	1
definition_snapshot.Interlock.ResearchUnlockManager.Mode.WikiDatabase.Entries.WKCameraNavigation_MapMarkers.RequiredMechanics	36	1
definition_snapshot.Interlock.ResearchUnlockManager.Mode.WikiDatabase.Entries.WKCameraNavigation_Movement.<Entries>k__BackingField	36	1
definition_snapshot.Interlock.ResearchUnlockManager.Mode.WikiDatabase.Entries.WKCameraNavigation_Movement.Entries	36	1
definition_snapshot.Interlock.ResearchUnlockManager.Mode.WikiDatabase.Entries.WKCameraNavigation_Rotation.<RelatedEntries>k__BackingField	36	1
definition_snapshot.Interlock.ResearchUnlockManager.Mode.WikiDatabase.Entries.WKCameraNavigation_Rotation.RelatedEntries	36	1
definition_snapshot.Interlock.ResearchUnlockManager.Mode.WikiDatabase.Entries.WKCameraNavigation_SwitchingFloors.<RequiredMechanics>k__BackingField	36	1
definition_snapshot.Interlock.ResearchUnlockManager.Mode.WikiDatabase.Entries.WKCameraNavigation_SwitchingFloors.RequiredMechanics	36	1
definition_snapshot.Interlock.ResearchUnlockManager.Mode.WikiDatabase.Entries.WKFluids_ColorBlindness.<RelatedEntries>k__BackingField	36	1
definition_snapshot.Interlock.ResearchUnlockManager.Mode.WikiDatabase.Entries.WKFluids_ColorBlindness.<RequiredMechanics>k__BackingField	36	1
definition_snapshot.Interlock.ResearchUnlockManager.Mode.WikiDatabase.Entries.WKFluids_ColorBlindness.RelatedEntries	36	1
definition_snapshot.Interlock.ResearchUnlockManager.Mode.WikiDatabase.Entries.WKFluids_ColorBlindness.RequiredMechanics	36	1
definition_snapshot.Interlock.ResearchUnlockManager.Mode.WikiDatabase.Entries.WKFluids_ColorMode.<RequiredMechanics>k__BackingField	36	1
definition_snapshot.Interlock.ResearchUnlockManager.Mode.WikiDatabase.Entries.WKFluids_ColorMode.RequiredMechanics	36	1
definition_snapshot.Interlock.ResearchUnlockManager.Mode.WikiDatabase.Entries.WKFluids_CrystalGenerator.<RequiredMechanics>k__BackingField	36	1
definition_snapshot.Interlock.ResearchUnlockManager.Mode.WikiDatabase.Entries.WKFluids_CrystalGenerator.RequiredMechanics	36	1
definition_snapshot.Interlock.ResearchUnlockManager.Mode.WikiDatabase.Entries.WKFluids_FluidLaunchers.<RequiredMechanics>k__BackingField	36	1
definition_snapshot.Interlock.ResearchUnlockManager.Mode.WikiDatabase.Entries.WKFluids_FluidLaunchers.RequiredMechanics	36	1
definition_snapshot.Interlock.ResearchUnlockManager.Mode.WikiDatabase.Entries.WKFluids_FluidMiners.<RequiredMechanics>k__BackingField	36	1
definition_snapshot.Interlock.ResearchUnlockManager.Mode.WikiDatabase.Entries.WKFluids_FluidMiners.RequiredMechanics	36	1
definition_snapshot.Interlock.ResearchUnlockManager.Mode.WikiDatabase.Entries.WKFluids_FluidTank.<RequiredMechanics>k__BackingField	36	1
definition_snapshot.Interlock.ResearchUnlockManager.Mode.WikiDatabase.Entries.WKFluids_FluidTank.RequiredMechanics	36	1
definition_snapshot.Interlock.ResearchUnlockManager.Mode.WikiDatabase.Entries.WKFluids_Intro.<RequiredMechanics>k__BackingField	36	1
definition_snapshot.Interlock.ResearchUnlockManager.Mode.WikiDatabase.Entries.WKFluids_Intro.RequiredMechanics	36	1
definition_snapshot.Interlock.ResearchUnlockManager.Mode.WikiDatabase.Entries.WKFluids_Mixing.<RequiredMechanics>k__BackingField	36	1
definition_snapshot.Interlock.ResearchUnlockManager.Mode.WikiDatabase.Entries.WKFluids_Mixing.RequiredMechanics	36	1
definition_snapshot.Interlock.ResearchUnlockManager.Mode.WikiDatabase.Entries.WKFluids_Painting.<Entries>k__BackingField	36	1
definition_snapshot.Interlock.ResearchUnlockManager.Mode.WikiDatabase.Entries.WKFluids_Painting.<RequiredMechanics>k__BackingField	36	1
definition_snapshot.Interlock.ResearchUnlockManager.Mode.WikiDatabase.Entries.WKFluids_Painting.Entries	36	1
definition_snapshot.Interlock.ResearchUnlockManager.Mode.WikiDatabase.Entries.WKFluids_Painting.RequiredMechanics	36	1
definition_snapshot.Interlock.ResearchUnlockManager.Mode.WikiDatabase.Entries.WKFluids_Pipes.<Entries>k__BackingField	36	1
definition_snapshot.Interlock.ResearchUnlockManager.Mode.WikiDatabase.Entries.WKFluids_Pipes.<RequiredMechanics>k__BackingField	36	1
definition_snapshot.Interlock.ResearchUnlockManager.Mode.WikiDatabase.Entries.WKFluids_Pipes.Entries	36	1
definition_snapshot.Interlock.ResearchUnlockManager.Mode.WikiDatabase.Entries.WKFluids_Pipes.RequiredMechanics	36	1
definition_snapshot.Interlock.ResearchUnlockManager.Mode.WikiDatabase.Entries.WKFluids_Pump.<Entries>k__BackingField	36	1
definition_snapshot.Interlock.ResearchUnlockManager.Mode.WikiDatabase.Entries.WKFluids_Pump.<RelatedEntries>k__BackingField	36	1
definition_snapshot.Interlock.ResearchUnlockManager.Mode.WikiDatabase.Entries.WKFluids_Pump.<RequiredMechanics>k__BackingField	36	1
definition_snapshot.Interlock.ResearchUnlockManager.Mode.WikiDatabase.Entries.WKFluids_Pump.Entries	36	1
definition_snapshot.Interlock.ResearchUnlockManager.Mode.WikiDatabase.Entries.WKFluids_Pump.RelatedEntries	36	1
definition_snapshot.Interlock.ResearchUnlockManager.Mode.WikiDatabase.Entries.WKFluids_Pump.RequiredMechanics	36	1
definition_snapshot.Interlock.ResearchUnlockManager.Mode.WikiDatabase.Entries.WKFluids_SpacePipes.<RequiredMechanics>k__BackingField	36	1
definition_snapshot.Interlock.ResearchUnlockManager.Mode.WikiDatabase.Entries.WKFluids_SpacePipes.RequiredMechanics	36	1
definition_snapshot.Interlock.ResearchUnlockManager.Mode.WikiDatabase.Entries.WKIslands_Floors.<RequiredMechanics>k__BackingField	36	1
definition_snapshot.Interlock.ResearchUnlockManager.Mode.WikiDatabase.Entries.WKIslands_Floors.RequiredMechanics	36	1
definition_snapshot.Interlock.ResearchUnlockManager.Mode.WikiDatabase.Entries.WKIslands_Foundations.<RequiredMechanics>k__BackingField	36	1
definition_snapshot.Interlock.ResearchUnlockManager.Mode.WikiDatabase.Entries.WKIslands_Foundations.RequiredMechanics	36	1
definition_snapshot.Interlock.ResearchUnlockManager.Mode.WikiDatabase.Entries.WKIslands_ModularBuilds.<RequiredMechanics>k__BackingField	36	1
definition_snapshot.Interlock.ResearchUnlockManager.Mode.WikiDatabase.Entries.WKIslands_ModularBuilds.RequiredMechanics	36	1
definition_snapshot.Interlock.ResearchUnlockManager.Mode.WikiDatabase.Entries.WKIslands_PlatformLimit.<RequiredMechanics>k__BackingField	36	1
definition_snapshot.Interlock.ResearchUnlockManager.Mode.WikiDatabase.Entries.WKIslands_PlatformLimit.RequiredMechanics	36	1
definition_snapshot.Interlock.ResearchUnlockManager.Mode.WikiDatabase.Entries.WKIslands_ShapeMiners.<RequiredMechanics>k__BackingField	36	1
definition_snapshot.Interlock.ResearchUnlockManager.Mode.WikiDatabase.Entries.WKIslands_ShapeMiners.RequiredMechanics	36	1
definition_snapshot.Interlock.ResearchUnlockManager.Mode.WikiDatabase.Entries.WKIslands_SpaceBeltLifts.<RequiredMechanics>k__BackingField	36	1
definition_snapshot.Interlock.ResearchUnlockManager.Mode.WikiDatabase.Entries.WKIslands_SpaceBeltLifts.RequiredMechanics	36	1
definition_snapshot.Interlock.ResearchUnlockManager.Mode.WikiDatabase.Entries.WKIslands_SpaceBelts.<RequiredMechanics>k__BackingField	36	1
definition_snapshot.Interlock.ResearchUnlockManager.Mode.WikiDatabase.Entries.WKIslands_SpaceBelts.RequiredMechanics	36	1
definition_snapshot.Interlock.ResearchUnlockManager.Mode.WikiDatabase.Entries.WKIslands_SpaceMode.<RequiredMechanics>k__BackingField	36	1
definition_snapshot.Interlock.ResearchUnlockManager.Mode.WikiDatabase.Entries.WKIslands_SpaceMode.RequiredMechanics	36	1
definition_snapshot.Interlock.ResearchUnlockManager.Mode.WikiDatabase.Entries.WKIslands_SpacePlatforms.<RequiredMechanics>k__BackingField	36	1
definition_snapshot.Interlock.ResearchUnlockManager.Mode.WikiDatabase.Entries.WKIslands_SpacePlatforms.RequiredMechanics	36	1
definition_snapshot.Interlock.ResearchUnlockManager.Mode.WikiDatabase.Entries.WKMisc_Difficulty.<Entries>k__BackingField	36	1
definition_snapshot.Interlock.ResearchUnlockManager.Mode.WikiDatabase.Entries.WKMisc_Difficulty.Entries	36	1
definition_snapshot.Interlock.ResearchUnlockManager.Mode.WikiDatabase.Entries.WKMisc_Feedback.<Entries>k__BackingField	36	1
definition_snapshot.Interlock.ResearchUnlockManager.Mode.WikiDatabase.Entries.WKMisc_Feedback.Entries	36	1
definition_snapshot.Interlock.ResearchUnlockManager.Mode.WikiDatabase.Entries.WKMisc_MapGeneration.<Entries>k__BackingField	36	1
definition_snapshot.Interlock.ResearchUnlockManager.Mode.WikiDatabase.Entries.WKMisc_MapGeneration.Entries	36	1
definition_snapshot.Interlock.ResearchUnlockManager.Mode.WikiDatabase.Entries.WKPlacement_FilterSelection.<RelatedEntries>k__BackingField	36	1
definition_snapshot.Interlock.ResearchUnlockManager.Mode.WikiDatabase.Entries.WKPlacement_FilterSelection.RelatedEntries	36	1
definition_snapshot.Interlock.ResearchUnlockManager.Mode.WikiDatabase.Entries.WKPlacement_FloorVisibility.<RequiredMechanics>k__BackingField	36	1
definition_snapshot.Interlock.ResearchUnlockManager.Mode.WikiDatabase.Entries.WKPlacement_FloorVisibility.RequiredMechanics	36	1
definition_snapshot.Interlock.ResearchUnlockManager.Mode.WikiDatabase.Entries.WKPlacement_Pipette.<RelatedEntries>k__BackingField	36	1
definition_snapshot.Interlock.ResearchUnlockManager.Mode.WikiDatabase.Entries.WKPlacement_Pipette.RelatedEntries	36	1
definition_snapshot.Interlock.ResearchUnlockManager.Mode.WikiDatabase.Entries.WKPlacement_Placement.<Entries>k__BackingField	36	1
definition_snapshot.Interlock.ResearchUnlockManager.Mode.WikiDatabase.Entries.WKPlacement_Placement.Entries	36	1
definition_snapshot.Interlock.ResearchUnlockManager.Mode.WikiDatabase.Entries.WKPlacement_Rotation.<Entries>k__BackingField	36	1
definition_snapshot.Interlock.ResearchUnlockManager.Mode.WikiDatabase.Entries.WKPlacement_Rotation.Entries	36	1
definition_snapshot.Interlock.ResearchUnlockManager.Mode.WikiDatabase.Entries.WKPlacement_SelectConnected.<RelatedEntries>k__BackingField	36	1
definition_snapshot.Interlock.ResearchUnlockManager.Mode.WikiDatabase.Entries.WKPlacement_SelectConnected.RelatedEntries	36	1
definition_snapshot.Interlock.ResearchUnlockManager.Mode.WikiDatabase.Entries.WKPlacement_UndoRedo.<Entries>k__BackingField	36	1
definition_snapshot.Interlock.ResearchUnlockManager.Mode.WikiDatabase.Entries.WKPlacement_UndoRedo.Entries	36	1
definition_snapshot.Interlock.ResearchUnlockManager.Mode.WikiDatabase.Entries.WKProcessing_BuildingMode.<Entries>k__BackingField	36	1
definition_snapshot.Interlock.ResearchUnlockManager.Mode.WikiDatabase.Entries.WKProcessing_BuildingMode.Entries	36	1
definition_snapshot.Interlock.ResearchUnlockManager.Mode.WikiDatabase.Entries.WKProcessing_Cutter.<RequiredUpgrades>k__BackingField	36	1
definition_snapshot.Interlock.ResearchUnlockManager.Mode.WikiDatabase.Entries.WKProcessing_Cutter.RequiredUpgrades	36	1
definition_snapshot.Interlock.ResearchUnlockManager.Mode.WikiDatabase.Entries.WKProcessing_Extractor.<Entries>k__BackingField	36	1
definition_snapshot.Interlock.ResearchUnlockManager.Mode.WikiDatabase.Entries.WKProcessing_Extractor.Entries	36	1
definition_snapshot.Interlock.ResearchUnlockManager.Mode.WikiDatabase.Entries.WKProcessing_Floors.<RequiredMechanics>k__BackingField	36	1
definition_snapshot.Interlock.ResearchUnlockManager.Mode.WikiDatabase.Entries.WKProcessing_Floors.RequiredMechanics	36	1
definition_snapshot.Interlock.ResearchUnlockManager.Mode.WikiDatabase.Entries.WKProcessing_Intro.<Entries>k__BackingField	36	1
definition_snapshot.Interlock.ResearchUnlockManager.Mode.WikiDatabase.Entries.WKProcessing_Intro.Entries	36	1
definition_snapshot.Interlock.ResearchUnlockManager.Mode.WikiDatabase.Entries.WKProcessing_PinPusher.<RequiredUpgrades>k__BackingField	36	1
definition_snapshot.Interlock.ResearchUnlockManager.Mode.WikiDatabase.Entries.WKProcessing_PinPusher.RequiredUpgrades	36	1
definition_snapshot.Interlock.ResearchUnlockManager.Mode.WikiDatabase.Entries.WKProcessing_Stacker.<RequiredUpgrades>k__BackingField	36	1
definition_snapshot.Interlock.ResearchUnlockManager.Mode.WikiDatabase.Entries.WKProcessing_Stacker.RequiredUpgrades	36	1
definition_snapshot.Interlock.ResearchUnlockManager.Mode.WikiDatabase.Entries.WKProcessing_Swapper.<RelatedEntries>k__BackingField	36	1
definition_snapshot.Interlock.ResearchUnlockManager.Mode.WikiDatabase.Entries.WKProcessing_Swapper.<RequiredUpgrades>k__BackingField	36	1
definition_snapshot.Interlock.ResearchUnlockManager.Mode.WikiDatabase.Entries.WKProcessing_Swapper.RelatedEntries	36	1
definition_snapshot.Interlock.ResearchUnlockManager.Mode.WikiDatabase.Entries.WKProcessing_Swapper.RequiredUpgrades	36	1
definition_snapshot.Interlock.ResearchUnlockManager.Mode.WikiDatabase.Entries.WKShapes_Code.<RelatedEntries>k__BackingField	36	1
definition_snapshot.Interlock.ResearchUnlockManager.Mode.WikiDatabase.Entries.WKShapes_Code.RelatedEntries	36	1
definition_snapshot.Interlock.ResearchUnlockManager.Mode.WikiDatabase.Entries.WKShapes_Crystals.<RequiredUpgrades>k__BackingField	36	1
definition_snapshot.Interlock.ResearchUnlockManager.Mode.WikiDatabase.Entries.WKShapes_Crystals.RequiredUpgrades	36	1
definition_snapshot.Interlock.ResearchUnlockManager.Mode.WikiDatabase.Entries.WKShapes_Pins.<RequiredUpgrades>k__BackingField	36	1
definition_snapshot.Interlock.ResearchUnlockManager.Mode.WikiDatabase.Entries.WKShapes_Pins.RequiredUpgrades	36	1
definition_snapshot.Interlock.ResearchUnlockManager.Mode.WikiDatabase.Entries.WKShapes_ShapeViewer.<RelatedEntries>k__BackingField	36	1
definition_snapshot.Interlock.ResearchUnlockManager.Mode.WikiDatabase.Entries.WKShapes_ShapeViewer.RelatedEntries	36	1
definition_snapshot.Interlock.ResearchUnlockManager.Mode.WikiDatabase.Entries.WKTrains_FluidTransport.<RequiredMechanics>k__BackingField	36	1
definition_snapshot.Interlock.ResearchUnlockManager.Mode.WikiDatabase.Entries.WKTrains_FluidTransport.RequiredMechanics	36	1
definition_snapshot.Interlock.ResearchUnlockManager.Mode.WikiDatabase.Entries.WKTrains_Intro.<RequiredMechanics>k__BackingField	36	1
definition_snapshot.Interlock.ResearchUnlockManager.Mode.WikiDatabase.Entries.WKTrains_Intro.RequiredMechanics	36	1
definition_snapshot.Interlock.ResearchUnlockManager.Mode.WikiDatabase.Entries.WKTrains_Locomotives.<RequiredMechanics>k__BackingField	36	1
definition_snapshot.Interlock.ResearchUnlockManager.Mode.WikiDatabase.Entries.WKTrains_Locomotives.RequiredMechanics	36	1
definition_snapshot.Interlock.ResearchUnlockManager.Mode.WikiDatabase.Entries.WKTrains_Rails.<RequiredMechanics>k__BackingField	36	1
definition_snapshot.Interlock.ResearchUnlockManager.Mode.WikiDatabase.Entries.WKTrains_Rails.RequiredMechanics	36	1
definition_snapshot.Interlock.ResearchUnlockManager.Mode.WikiDatabase.Entries.WKTrains_ShapeTransport.<RequiredMechanics>k__BackingField	36	1
definition_snapshot.Interlock.ResearchUnlockManager.Mode.WikiDatabase.Entries.WKTrains_ShapeTransport.RequiredMechanics	36	1
definition_snapshot.Interlock.ResearchUnlockManager.Mode.WikiDatabase.Entries.WKTrains_SpacerWagons.<RelatedEntries>k__BackingField	36	1
definition_snapshot.Interlock.ResearchUnlockManager.Mode.WikiDatabase.Entries.WKTrains_SpacerWagons.<RequiredMechanics>k__BackingField	36	1
definition_snapshot.Interlock.ResearchUnlockManager.Mode.WikiDatabase.Entries.WKTrains_SpacerWagons.RelatedEntries	36	1
definition_snapshot.Interlock.ResearchUnlockManager.Mode.WikiDatabase.Entries.WKTrains_SpacerWagons.RequiredMechanics	36	1
definition_snapshot.Interlock.ResearchUnlockManager.Mode.WikiDatabase.Entries.WKTrains_SupporterEdition.<RelatedEntries>k__BackingField	36	1
definition_snapshot.Interlock.ResearchUnlockManager.Mode.WikiDatabase.Entries.WKTrains_SupporterEdition.<RequiredMechanics>k__BackingField	36	1
definition_snapshot.Interlock.ResearchUnlockManager.Mode.WikiDatabase.Entries.WKTrains_SupporterEdition.RelatedEntries	36	1
definition_snapshot.Interlock.ResearchUnlockManager.Mode.WikiDatabase.Entries.WKTrains_SupporterEdition.RequiredMechanics	36	1
definition_snapshot.Interlock.ResearchUnlockManager.Mode.WikiDatabase.Entries.WKTrains_TrainRoutes.<RequiredMechanics>k__BackingField	36	1
definition_snapshot.Interlock.ResearchUnlockManager.Mode.WikiDatabase.Entries.WKTrains_TrainRoutes.RequiredMechanics	36	1
definition_snapshot.Interlock.ResearchUnlockManager.Mode.WikiDatabase.Entries.WKTrains_TrainStations.<RequiredMechanics>k__BackingField	36	1
definition_snapshot.Interlock.ResearchUnlockManager.Mode.WikiDatabase.Entries.WKTrains_TrainStations.RequiredMechanics	36	1
definition_snapshot.Interlock.ResearchUnlockManager.Mode.WikiDatabase.Entries.WKTrains_TrainStops.<RequiredMechanics>k__BackingField	36	1
definition_snapshot.Interlock.ResearchUnlockManager.Mode.WikiDatabase.Entries.WKTrains_TrainStops.RequiredMechanics	36	1
definition_snapshot.Interlock.ResearchUnlockManager.Mode.WikiDatabase.Entries.WKTrains_Wagons.<RequiredMechanics>k__BackingField	36	1
definition_snapshot.Interlock.ResearchUnlockManager.Mode.WikiDatabase.Entries.WKTrains_Wagons.RequiredMechanics	36	1
definition_snapshot.Interlock.ResearchUnlockManager.Mode.WikiDatabase.Entries.WKVortexLTD_Anomaly221.<RequiredMechanics>k__BackingField	36	1
definition_snapshot.Interlock.ResearchUnlockManager.Mode.WikiDatabase.Entries.WKVortexLTD_Anomaly221.RequiredMechanics	36	1
definition_snapshot.Interlock.ResearchUnlockManager.Mode.WikiDatabase.Entries.WKVortexLTD_BoardMinutes.<RequiredMechanics>k__BackingField	36	1
definition_snapshot.Interlock.ResearchUnlockManager.Mode.WikiDatabase.Entries.WKVortexLTD_BoardMinutes.RequiredMechanics	36	1
definition_snapshot.Interlock.ResearchUnlockManager.Mode.WikiDatabase.Entries.WKVortexLTD_CompletionNotice.<RequiredMechanics>k__BackingField	36	1
definition_snapshot.Interlock.ResearchUnlockManager.Mode.WikiDatabase.Entries.WKVortexLTD_CompletionNotice.RequiredMechanics	36	1
definition_snapshot.Interlock.ResearchUnlockManager.Mode.WikiDatabase.Entries.WKVortexLTD_CrystalBrief.<RequiredMechanics>k__BackingField	36	1
definition_snapshot.Interlock.ResearchUnlockManager.Mode.WikiDatabase.Entries.WKVortexLTD_CrystalBrief.RequiredMechanics	36	1
definition_snapshot.Interlock.ResearchUnlockManager.Mode.WikiDatabase.Entries.WKVortexLTD_NinthColor.<RequiredMechanics>k__BackingField	36	1
definition_snapshot.Interlock.ResearchUnlockManager.Mode.WikiDatabase.Entries.WKVortexLTD_NinthColor.RequiredMechanics	36	1
definition_snapshot.Interlock.ResearchUnlockManager.Mode.WikiDatabase.Entries.WKVortexLTD_Pigment.<RequiredMechanics>k__BackingField	36	1
definition_snapshot.Interlock.ResearchUnlockManager.Mode.WikiDatabase.Entries.WKVortexLTD_Pigment.RequiredMechanics	36	1
definition_snapshot.Interlock.ResearchUnlockManager.Mode.WikiDatabase.Entries.WKVortexLTD_RailIncident.<RequiredMechanics>k__BackingField	36	1
definition_snapshot.Interlock.ResearchUnlockManager.Mode.WikiDatabase.Entries.WKVortexLTD_RailIncident.RequiredMechanics	36	1
definition_snapshot.Interlock.ResearchUnlockManager.Mode.WikiDatabase.Entries.WKVortexLTD_Singularity.<RequiredMechanics>k__BackingField	36	1
definition_snapshot.Interlock.ResearchUnlockManager.Mode.WikiDatabase.Entries.WKVortexLTD_Singularity.RequiredMechanics	36	1
definition_snapshot.Interlock.ResearchUnlockManager.Mode.WikiDatabase.Entries.WKVortexLTD_Stilts.<RequiredMechanics>k__BackingField	36	1
definition_snapshot.Interlock.ResearchUnlockManager.Mode.WikiDatabase.Entries.WKVortexLTD_Stilts.RequiredMechanics	36	1
definition_snapshot.Interlock.ResearchUnlockManager.Mode.WikiDatabase.Entries.WKVortexLTD_VasquezLog.<RequiredMechanics>k__BackingField	36	1
definition_snapshot.Interlock.ResearchUnlockManager.Mode.WikiDatabase.Entries.WKVortexLTD_VasquezLog.RequiredMechanics	36	1
definition_snapshot.Interlock.ResearchUnlockManager.Mode.WikiDatabase.Entries.WKVortexLTD_VerticalClearance.<RequiredMechanics>k__BackingField	36	1
definition_snapshot.Interlock.ResearchUnlockManager.Mode.WikiDatabase.Entries.WKVortexLTD_VerticalClearance.RequiredMechanics	36	1
definition_snapshot.Interlock.ResearchUnlockManager.Mode.WikiDatabase.Entries.WKWires_BeltFilter.<RequiredMechanics>k__BackingField	36	1
definition_snapshot.Interlock.ResearchUnlockManager.Mode.WikiDatabase.Entries.WKWires_BeltFilter.RequiredMechanics	36	1
definition_snapshot.Interlock.ResearchUnlockManager.Mode.WikiDatabase.Entries.WKWires_BeltReader.<Entries>k__BackingField	36	1
definition_snapshot.Interlock.ResearchUnlockManager.Mode.WikiDatabase.Entries.WKWires_BeltReader.<RequiredMechanics>k__BackingField	36	1
definition_snapshot.Interlock.ResearchUnlockManager.Mode.WikiDatabase.Entries.WKWires_BeltReader.Entries	36	1
definition_snapshot.Interlock.ResearchUnlockManager.Mode.WikiDatabase.Entries.WKWires_BeltReader.RequiredMechanics	36	1
definition_snapshot.Interlock.ResearchUnlockManager.Mode.WikiDatabase.Entries.WKWires_Button.<Entries>k__BackingField	36	1
definition_snapshot.Interlock.ResearchUnlockManager.Mode.WikiDatabase.Entries.WKWires_Button.<RequiredMechanics>k__BackingField	36	1
definition_snapshot.Interlock.ResearchUnlockManager.Mode.WikiDatabase.Entries.WKWires_Button.Entries	36	1
definition_snapshot.Interlock.ResearchUnlockManager.Mode.WikiDatabase.Entries.WKWires_Button.RequiredMechanics	36	1
definition_snapshot.Interlock.ResearchUnlockManager.Mode.WikiDatabase.Entries.WKWires_ConstantSignal.<RelatedEntries>k__BackingField	36	1
definition_snapshot.Interlock.ResearchUnlockManager.Mode.WikiDatabase.Entries.WKWires_ConstantSignal.<RequiredMechanics>k__BackingField	36	1
definition_snapshot.Interlock.ResearchUnlockManager.Mode.WikiDatabase.Entries.WKWires_ConstantSignal.RelatedEntries	36	1
definition_snapshot.Interlock.ResearchUnlockManager.Mode.WikiDatabase.Entries.WKWires_ConstantSignal.RequiredMechanics	36	1
definition_snapshot.Interlock.ResearchUnlockManager.Mode.WikiDatabase.Entries.WKWires_Display.<Entries>k__BackingField	36	1
definition_snapshot.Interlock.ResearchUnlockManager.Mode.WikiDatabase.Entries.WKWires_Display.<RequiredMechanics>k__BackingField	36	1
definition_snapshot.Interlock.ResearchUnlockManager.Mode.WikiDatabase.Entries.WKWires_Display.Entries	36	1
definition_snapshot.Interlock.ResearchUnlockManager.Mode.WikiDatabase.Entries.WKWires_Display.RequiredMechanics	36	1
definition_snapshot.Interlock.ResearchUnlockManager.Mode.WikiDatabase.Entries.WKWires_GlobalTransmission.<RequiredMechanics>k__BackingField	36	1
definition_snapshot.Interlock.ResearchUnlockManager.Mode.WikiDatabase.Entries.WKWires_GlobalTransmission.RequiredMechanics	36	1
definition_snapshot.Interlock.ResearchUnlockManager.Mode.WikiDatabase.Entries.WKWires_LogicGates.<RequiredMechanics>k__BackingField	36	1
definition_snapshot.Interlock.ResearchUnlockManager.Mode.WikiDatabase.Entries.WKWires_LogicGates.RequiredMechanics	36	1
definition_snapshot.Interlock.ResearchUnlockManager.Mode.WikiDatabase.Entries.WKWires_MaM.<RequiredMechanics>k__BackingField	36	1
definition_snapshot.Interlock.ResearchUnlockManager.Mode.WikiDatabase.Entries.WKWires_MaM.RequiredMechanics	36	1
definition_snapshot.Interlock.ResearchUnlockManager.Mode.WikiDatabase.Entries.WKWires_PipeGate.<RequiredMechanics>k__BackingField	36	1
definition_snapshot.Interlock.ResearchUnlockManager.Mode.WikiDatabase.Entries.WKWires_PipeGate.RequiredMechanics	36	1
definition_snapshot.Interlock.ResearchUnlockManager.Mode.WikiDatabase.Entries.WKWires_ShapeAnalyzer.<Entries>k__BackingField	36	1
definition_snapshot.Interlock.ResearchUnlockManager.Mode.WikiDatabase.Entries.WKWires_ShapeAnalyzer.<RequiredMechanics>k__BackingField	36	1
definition_snapshot.Interlock.ResearchUnlockManager.Mode.WikiDatabase.Entries.WKWires_ShapeAnalyzer.Entries	36	1
definition_snapshot.Interlock.ResearchUnlockManager.Mode.WikiDatabase.Entries.WKWires_ShapeAnalyzer.RequiredMechanics	36	1
definition_snapshot.Interlock.ResearchUnlockManager.Mode.WikiDatabase.Entries.WKWires_Truthiness.<Entries>k__BackingField	36	1
definition_snapshot.Interlock.ResearchUnlockManager.Mode.WikiDatabase.Entries.WKWires_Truthiness.<RequiredMechanics>k__BackingField	36	1
definition_snapshot.Interlock.ResearchUnlockManager.Mode.WikiDatabase.Entries.WKWires_Truthiness.Entries	36	1
definition_snapshot.Interlock.ResearchUnlockManager.Mode.WikiDatabase.Entries.WKWires_Truthiness.RequiredMechanics	36	1
definition_snapshot.Interlock.ResearchUnlockManager.Mode.WikiDatabase.Entries.WKWires_VirtualProcessing.<RequiredMechanics>k__BackingField	36	1
definition_snapshot.Interlock.ResearchUnlockManager.Mode.WikiDatabase.Entries.WKWires_VirtualProcessing.RequiredMechanics	36	1
definition_snapshot.Interlock.ResearchUnlockManager.Mode.WikiDatabase.Entries.WKWires_WireCrossings.<RelatedEntries>k__BackingField	36	1
definition_snapshot.Interlock.ResearchUnlockManager.Mode.WikiDatabase.Entries.WKWires_WireCrossings.<RequiredMechanics>k__BackingField	36	1
definition_snapshot.Interlock.ResearchUnlockManager.Mode.WikiDatabase.Entries.WKWires_WireCrossings.RelatedEntries	36	1
definition_snapshot.Interlock.ResearchUnlockManager.Mode.WikiDatabase.Entries.WKWires_WireCrossings.RequiredMechanics	36	1
definition_snapshot.Interlock.ResearchUnlockManager.Mode.WikiDatabase.Entries.WKWires_WireTransmission.<RequiredMechanics>k__BackingField	36	1
definition_snapshot.Interlock.ResearchUnlockManager.Mode.WikiDatabase.Entries.WKWires_WireTransmission.RequiredMechanics	36	1
definition_snapshot.Interlock.ResearchUnlockManager.Mode.WikiDatabase.Entries.WKWires_WiresSignals.<RequiredMechanics>k__BackingField	36	1
definition_snapshot.Interlock.ResearchUnlockManager.Mode.WikiDatabase.Entries.WKWires_WiresSignals.RequiredMechanics	36	1
definition_snapshot.Interlock.ResearchUnlockManager.Mode.WikiDatabase._KnowledgePanelEntries.WKTrains_VortexDelivery.<RequiredMechanics>k__BackingField	36	1
definition_snapshot.Interlock.ResearchUnlockManager.Mode.WikiDatabase._KnowledgePanelEntries.WKTrains_VortexDelivery.RequiredMechanics	36	1
definition_snapshot.Interlock.ResearchUnlockManager.OnPlayerAboutToUnlockResearch.Listeners	36	1
definition_snapshot.Interlock.ResearchUnlockManager.OnResearchManuallyUnlockedByPlayer.Listeners	36	1
definition_snapshot.Interlock.ResearchUnlockManager.RewardManager.BlueprintCurrencyManager.OnBlueprintCurrencyChanged.Listeners	36	1
definition_snapshot.SimulationFactory.Operation.ShapeRegistry.ShapeDefinitionCache.#1.Layers	28	1
definition_snapshot.SimulationFactory.Operation.ShapeRegistry.ShapeDefinitionCache.#10.Layers	28	1
definition_snapshot.SimulationFactory.Operation.ShapeRegistry.ShapeDefinitionCache.#115.Layers	28	1
definition_snapshot.SimulationFactory.Operation.ShapeRegistry.ShapeDefinitionCache.#116.Layers	28	1
definition_snapshot.SimulationFactory.Operation.ShapeRegistry.ShapeDefinitionCache.#117.Layers	28	1
definition_snapshot.SimulationFactory.Operation.ShapeRegistry.ShapeDefinitionCache.#118.Layers	28	1
definition_snapshot.SimulationFactory.Operation.ShapeRegistry.ShapeDefinitionCache.#124.Layers	28	1
definition_snapshot.SimulationFactory.Operation.ShapeRegistry.ShapeDefinitionCache.#125.Layers	28	1
definition_snapshot.SimulationFactory.Operation.ShapeRegistry.ShapeDefinitionCache.#126.Layers	28	1
definition_snapshot.SimulationFactory.Operation.ShapeRegistry.ShapeDefinitionCache.#127.Layers	28	1
definition_snapshot.SimulationFactory.Operation.ShapeRegistry.ShapeDefinitionCache.#13.Layers	28	1
definition_snapshot.SimulationFactory.Operation.ShapeRegistry.ShapeDefinitionCache.#14.Layers	28	1
definition_snapshot.SimulationFactory.Operation.ShapeRegistry.ShapeDefinitionCache.#15.Layers	28	1
definition_snapshot.SimulationFactory.Operation.ShapeRegistry.ShapeDefinitionCache.#16.Layers	28	1
definition_snapshot.SimulationFactory.Operation.ShapeRegistry.ShapeDefinitionCache.#2.Layers	28	1
definition_snapshot.SimulationFactory.Operation.ShapeRegistry.ShapeDefinitionCache.#23.Layers	28	1
definition_snapshot.SimulationFactory.Operation.ShapeRegistry.ShapeDefinitionCache.#24.Layers	28	1
definition_snapshot.SimulationFactory.Operation.ShapeRegistry.ShapeDefinitionCache.#25.Layers	28	1
definition_snapshot.SimulationFactory.Operation.ShapeRegistry.ShapeDefinitionCache.#26.Layers	28	1
definition_snapshot.SimulationFactory.Operation.ShapeRegistry.ShapeDefinitionCache.#27.Layers	28	1
definition_snapshot.SimulationFactory.Operation.ShapeRegistry.ShapeDefinitionCache.#28.Layers	28	1
definition_snapshot.SimulationFactory.Operation.ShapeRegistry.ShapeDefinitionCache.#29.Layers	28	1
definition_snapshot.SimulationFactory.Operation.ShapeRegistry.ShapeDefinitionCache.#30.Layers	28	1
definition_snapshot.SimulationFactory.Operation.ShapeRegistry.ShapeDefinitionCache.#39.Layers	28	1
definition_snapshot.SimulationFactory.Operation.ShapeRegistry.ShapeDefinitionCache.#54.Layers	28	1
definition_snapshot.SimulationFactory.Operation.ShapeRegistry.ShapeDefinitionCache.#55.Layers	28	1
definition_snapshot.SimulationFactory.Operation.ShapeRegistry.ShapeDefinitionCache.#56.Layers	28	1
definition_snapshot.SimulationFactory.Operation.ShapeRegistry.ShapeDefinitionCache.#57.Layers	28	1
definition_snapshot.SimulationFactory.Operation.ShapeRegistry.ShapeDefinitionCache.#58.Layers	28	1
definition_snapshot.SimulationFactory.Operation.ShapeRegistry.ShapeDefinitionCache.#59.Layers	28	1
definition_snapshot.SimulationFactory.Operation.ShapeRegistry.ShapeDefinitionCache.#60.Layers	28	1
definition_snapshot.SimulationFactory.Operation.ShapeRegistry.ShapeDefinitionCache.#61.Layers	28	1
definition_snapshot.SimulationFactory.Operation.ShapeRegistry.ShapeDefinitionCache.#62.Layers	28	1
definition_snapshot.SimulationFactory.Operation.ShapeRegistry.ShapeDefinitionCache.#63.Layers	28	1
definition_snapshot.SimulationFactory.Operation.ShapeRegistry.ShapeDefinitionCache.#64.Layers	28	1
definition_snapshot.SimulationFactory.Operation.ShapeRegistry.ShapeDefinitionCache.#65.Layers	28	1
definition_snapshot.SimulationFactory.Operation.ShapeRegistry.ShapeDefinitionCache.#82.Layers	28	1
definition_snapshot.SimulationFactory.Operation.ShapeRegistry.ShapeDefinitionCache.#83.Layers	28	1
definition_snapshot.SimulationFactory.Operation.ShapeRegistry.ShapeDefinitionCache.#84.Layers	28	1
definition_snapshot.SimulationFactory.Operation.ShapeRegistry.ShapeDefinitionCache.#85.Layers	28	1
definition_snapshot.SimulationFactory.Operation.ShapeRegistry.ShapeDefinitionCache.#9.Layers	28	1
definition_snapshot.SimulationFactory.Operation.ShapeRegistry.ShapeItemCache.#1000.Definition.Layers	28	1
definition_snapshot.SimulationFactory.Operation.ShapeRegistry.ShapeItemCache.#1010.Definition.Layers	28	1
definition_snapshot.SimulationFactory.Operation.ShapeRegistry.ShapeItemCache.#1011.Definition.Layers	28	1
definition_snapshot.SimulationFactory.Operation.ShapeRegistry.ShapeItemCache.#1012.Definition.Layers	28	1
definition_snapshot.SimulationFactory.Operation.ShapeRegistry.ShapeItemCache.#1013.Definition.Layers	28	1
definition_snapshot.SimulationFactory.Operation.ShapeRegistry.ShapeItemCache.#1015.Definition.Layers	28	1
definition_snapshot.SimulationFactory.Operation.ShapeRegistry.ShapeItemCache.#1018.Definition.Layers	28	1
definition_snapshot.SimulationFactory.Operation.ShapeRegistry.ShapeItemCache.#1022.Definition.Layers	28	1
definition_snapshot.SimulationFactory.Operation.ShapeRegistry.ShapeItemCache.#1024.Definition.Layers	28	1
definition_snapshot.SimulationFactory.Operation.ShapeRegistry.ShapeItemCache.#1026.Definition.Layers	28	1
definition_snapshot.SimulationFactory.Operation.ShapeRegistry.ShapeItemCache.#1028.Definition.Layers	28	1
definition_snapshot.SimulationFactory.Operation.ShapeRegistry.ShapeItemCache.#1312.Definition.Layers	28	1
definition_snapshot.SimulationFactory.Operation.ShapeRegistry.ShapeItemCache.#1313.Definition.Layers	28	1
definition_snapshot.SimulationFactory.Operation.ShapeRegistry.ShapeItemCache.#1314.Definition.Layers	28	1
definition_snapshot.SimulationFactory.Operation.ShapeRegistry.ShapeItemCache.#1315.Definition.Layers	28	1
definition_snapshot.SimulationFactory.Operation.ShapeRegistry.ShapeItemCache.#1316.Definition.Layers	28	1
definition_snapshot.SimulationFactory.Operation.ShapeRegistry.ShapeItemCache.#1317.Definition.Layers	28	1
definition_snapshot.SimulationFactory.Operation.ShapeRegistry.ShapeItemCache.#1318.Definition.Layers	28	1
definition_snapshot.SimulationFactory.Operation.ShapeRegistry.ShapeItemCache.#1319.Definition.Layers	28	1
definition_snapshot.SimulationFactory.Operation.ShapeRegistry.ShapeItemCache.#1320.Definition.Layers	28	1
definition_snapshot.SimulationFactory.Operation.ShapeRegistry.ShapeItemCache.#1321.Definition.Layers	28	1
definition_snapshot.SimulationFactory.Operation.ShapeRegistry.ShapeItemCache.#1322.Definition.Layers	28	1
definition_snapshot.SimulationFactory.Operation.ShapeRegistry.ShapeItemCache.#1323.Definition.Layers	28	1
definition_snapshot.SimulationFactory.Operation.ShapeRegistry.ShapeItemCache.#1324.Definition.Layers	28	1
definition_snapshot.SimulationFactory.Operation.ShapeRegistry.ShapeItemCache.#1325.Definition.Layers	28	1
definition_snapshot.SimulationFactory.Operation.ShapeRegistry.ShapeItemCache.#1326.Definition.Layers	28	1
definition_snapshot.SimulationFactory.Operation.ShapeRegistry.ShapeItemCache.#1327.Definition.Layers	28	1
definition_snapshot.SimulationFactory.Operation.ShapeRegistry.ShapeItemCache.#1330.Definition.Layers	28	1
definition_snapshot.SimulationFactory.Operation.ShapeRegistry.ShapeItemCache.#946.Definition.Layers	28	1
definition_snapshot.TrainIslands.Navigation.Rails[].Layout.ChunkInformation	26	1
definition_snapshot.TrainIslands.Navigation.Rails[].Layout.ChunkPositions	26	1
definition_snapshot.ConnectableSimulations[].Junctions	18	1
definition_snapshot.ConnectableSimulations[].OccupiedChunks	18	1
simulation_parameters.ConnectableSimulations[].Junctions	18	1
simulation_parameters.ConnectableSimulations[].OccupiedChunks	18	1
definition_snapshot.SimulationFactory.ShapeIdRegistry.ShapeDefinitionCache.#1.Layers	12	1
definition_snapshot.SimulationFactory.ShapeIdRegistry.ShapeDefinitionCache.#10.Layers	12	1
definition_snapshot.SimulationFactory.ShapeIdRegistry.ShapeDefinitionCache.#115.Layers	12	1
definition_snapshot.SimulationFactory.ShapeIdRegistry.ShapeDefinitionCache.#116.Layers	12	1
definition_snapshot.SimulationFactory.ShapeIdRegistry.ShapeDefinitionCache.#117.Layers	12	1
definition_snapshot.SimulationFactory.ShapeIdRegistry.ShapeDefinitionCache.#118.Layers	12	1
definition_snapshot.SimulationFactory.ShapeIdRegistry.ShapeDefinitionCache.#124.Layers	12	1
definition_snapshot.SimulationFactory.ShapeIdRegistry.ShapeDefinitionCache.#125.Layers	12	1
definition_snapshot.SimulationFactory.ShapeIdRegistry.ShapeDefinitionCache.#126.Layers	12	1
definition_snapshot.SimulationFactory.ShapeIdRegistry.ShapeDefinitionCache.#127.Layers	12	1
definition_snapshot.SimulationFactory.ShapeIdRegistry.ShapeDefinitionCache.#13.Layers	12	1
definition_snapshot.SimulationFactory.ShapeIdRegistry.ShapeDefinitionCache.#14.Layers	12	1
definition_snapshot.SimulationFactory.ShapeIdRegistry.ShapeDefinitionCache.#15.Layers	12	1
definition_snapshot.SimulationFactory.ShapeIdRegistry.ShapeDefinitionCache.#16.Layers	12	1
definition_snapshot.SimulationFactory.ShapeIdRegistry.ShapeDefinitionCache.#2.Layers	12	1
definition_snapshot.SimulationFactory.ShapeIdRegistry.ShapeDefinitionCache.#23.Layers	12	1
definition_snapshot.SimulationFactory.ShapeIdRegistry.ShapeDefinitionCache.#24.Layers	12	1
definition_snapshot.SimulationFactory.ShapeIdRegistry.ShapeDefinitionCache.#25.Layers	12	1
definition_snapshot.SimulationFactory.ShapeIdRegistry.ShapeDefinitionCache.#26.Layers	12	1
definition_snapshot.SimulationFactory.ShapeIdRegistry.ShapeDefinitionCache.#27.Layers	12	1
definition_snapshot.SimulationFactory.ShapeIdRegistry.ShapeDefinitionCache.#28.Layers	12	1
definition_snapshot.SimulationFactory.ShapeIdRegistry.ShapeDefinitionCache.#29.Layers	12	1
definition_snapshot.SimulationFactory.ShapeIdRegistry.ShapeDefinitionCache.#30.Layers	12	1
definition_snapshot.SimulationFactory.ShapeIdRegistry.ShapeDefinitionCache.#39.Layers	12	1
definition_snapshot.SimulationFactory.ShapeIdRegistry.ShapeDefinitionCache.#54.Layers	12	1
definition_snapshot.SimulationFactory.ShapeIdRegistry.ShapeDefinitionCache.#55.Layers	12	1
definition_snapshot.SimulationFactory.ShapeIdRegistry.ShapeDefinitionCache.#56.Layers	12	1
definition_snapshot.SimulationFactory.ShapeIdRegistry.ShapeDefinitionCache.#57.Layers	12	1
definition_snapshot.SimulationFactory.ShapeIdRegistry.ShapeDefinitionCache.#58.Layers	12	1
definition_snapshot.SimulationFactory.ShapeIdRegistry.ShapeDefinitionCache.#59.Layers	12	1
definition_snapshot.SimulationFactory.ShapeIdRegistry.ShapeDefinitionCache.#60.Layers	12	1
definition_snapshot.SimulationFactory.ShapeIdRegistry.ShapeDefinitionCache.#61.Layers	12	1
definition_snapshot.SimulationFactory.ShapeIdRegistry.ShapeDefinitionCache.#62.Layers	12	1
definition_snapshot.SimulationFactory.ShapeIdRegistry.ShapeDefinitionCache.#63.Layers	12	1
definition_snapshot.SimulationFactory.ShapeIdRegistry.ShapeDefinitionCache.#64.Layers	12	1
definition_snapshot.SimulationFactory.ShapeIdRegistry.ShapeDefinitionCache.#65.Layers	12	1
definition_snapshot.SimulationFactory.ShapeIdRegistry.ShapeDefinitionCache.#82.Layers	12	1
definition_snapshot.SimulationFactory.ShapeIdRegistry.ShapeDefinitionCache.#83.Layers	12	1
definition_snapshot.SimulationFactory.ShapeIdRegistry.ShapeDefinitionCache.#84.Layers	12	1
definition_snapshot.SimulationFactory.ShapeIdRegistry.ShapeDefinitionCache.#85.Layers	12	1
definition_snapshot.SimulationFactory.ShapeIdRegistry.ShapeDefinitionCache.#9.Layers	12	1
definition_snapshot.SimulationFactory.ShapeIdRegistry.ShapeItemCache.#1000.Definition.Layers	12	1
definition_snapshot.SimulationFactory.ShapeIdRegistry.ShapeItemCache.#1010.Definition.Layers	12	1
definition_snapshot.SimulationFactory.ShapeIdRegistry.ShapeItemCache.#1011.Definition.Layers	12	1
definition_snapshot.SimulationFactory.ShapeIdRegistry.ShapeItemCache.#1012.Definition.Layers	12	1
definition_snapshot.SimulationFactory.ShapeIdRegistry.ShapeItemCache.#1013.Definition.Layers	12	1
definition_snapshot.SimulationFactory.ShapeIdRegistry.ShapeItemCache.#1015.Definition.Layers	12	1
definition_snapshot.SimulationFactory.ShapeIdRegistry.ShapeItemCache.#1018.Definition.Layers	12	1
definition_snapshot.SimulationFactory.ShapeIdRegistry.ShapeItemCache.#1022.Definition.Layers	12	1
definition_snapshot.SimulationFactory.ShapeIdRegistry.ShapeItemCache.#1024.Definition.Layers	12	1
definition_snapshot.SimulationFactory.ShapeIdRegistry.ShapeItemCache.#1026.Definition.Layers	12	1
definition_snapshot.SimulationFactory.ShapeIdRegistry.ShapeItemCache.#1028.Definition.Layers	12	1
definition_snapshot.SimulationFactory.ShapeIdRegistry.ShapeItemCache.#1312.Definition.Layers	12	1
definition_snapshot.SimulationFactory.ShapeIdRegistry.ShapeItemCache.#1313.Definition.Layers	12	1
definition_snapshot.SimulationFactory.ShapeIdRegistry.ShapeItemCache.#1314.Definition.Layers	12	1
definition_snapshot.SimulationFactory.ShapeIdRegistry.ShapeItemCache.#1315.Definition.Layers	12	1
definition_snapshot.SimulationFactory.ShapeIdRegistry.ShapeItemCache.#1316.Definition.Layers	12	1
definition_snapshot.SimulationFactory.ShapeIdRegistry.ShapeItemCache.#1317.Definition.Layers	12	1
definition_snapshot.SimulationFactory.ShapeIdRegistry.ShapeItemCache.#1318.Definition.Layers	12	1
definition_snapshot.SimulationFactory.ShapeIdRegistry.ShapeItemCache.#1319.Definition.Layers	12	1
definition_snapshot.SimulationFactory.ShapeIdRegistry.ShapeItemCache.#1320.Definition.Layers	12	1
definition_snapshot.SimulationFactory.ShapeIdRegistry.ShapeItemCache.#1321.Definition.Layers	12	1
definition_snapshot.SimulationFactory.ShapeIdRegistry.ShapeItemCache.#1322.Definition.Layers	12	1
definition_snapshot.SimulationFactory.ShapeIdRegistry.ShapeItemCache.#1323.Definition.Layers	12	1
definition_snapshot.SimulationFactory.ShapeIdRegistry.ShapeItemCache.#1324.Definition.Layers	12	1
definition_snapshot.SimulationFactory.ShapeIdRegistry.ShapeItemCache.#1325.Definition.Layers	12	1
definition_snapshot.SimulationFactory.ShapeIdRegistry.ShapeItemCache.#1326.Definition.Layers	12	1
definition_snapshot.SimulationFactory.ShapeIdRegistry.ShapeItemCache.#1327.Definition.Layers	12	1
definition_snapshot.SimulationFactory.ShapeIdRegistry.ShapeItemCache.#1330.Definition.Layers	12	1
definition_snapshot.SimulationFactory.ShapeIdRegistry.ShapeItemCache.#946.Definition.Layers	12	1
simulation_parameters.SimulationFactory.ShapeIdRegistry.ShapeDefinitionCache.#1.Layers	12	1
simulation_parameters.SimulationFactory.ShapeIdRegistry.ShapeDefinitionCache.#10.Layers	12	1
simulation_parameters.SimulationFactory.ShapeIdRegistry.ShapeDefinitionCache.#115.Layers	12	1
simulation_parameters.SimulationFactory.ShapeIdRegistry.ShapeDefinitionCache.#116.Layers	12	1
simulation_parameters.SimulationFactory.ShapeIdRegistry.ShapeDefinitionCache.#117.Layers	12	1
simulation_parameters.SimulationFactory.ShapeIdRegistry.ShapeDefinitionCache.#118.Layers	12	1
simulation_parameters.SimulationFactory.ShapeIdRegistry.ShapeDefinitionCache.#124.Layers	12	1
simulation_parameters.SimulationFactory.ShapeIdRegistry.ShapeDefinitionCache.#125.Layers	12	1
simulation_parameters.SimulationFactory.ShapeIdRegistry.ShapeDefinitionCache.#126.Layers	12	1
simulation_parameters.SimulationFactory.ShapeIdRegistry.ShapeDefinitionCache.#127.Layers	12	1
simulation_parameters.SimulationFactory.ShapeIdRegistry.ShapeDefinitionCache.#13.Layers	12	1
simulation_parameters.SimulationFactory.ShapeIdRegistry.ShapeDefinitionCache.#14.Layers	12	1
simulation_parameters.SimulationFactory.ShapeIdRegistry.ShapeDefinitionCache.#15.Layers	12	1
simulation_parameters.SimulationFactory.ShapeIdRegistry.ShapeDefinitionCache.#16.Layers	12	1
simulation_parameters.SimulationFactory.ShapeIdRegistry.ShapeDefinitionCache.#2.Layers	12	1
simulation_parameters.SimulationFactory.ShapeIdRegistry.ShapeDefinitionCache.#23.Layers	12	1
simulation_parameters.SimulationFactory.ShapeIdRegistry.ShapeDefinitionCache.#24.Layers	12	1
simulation_parameters.SimulationFactory.ShapeIdRegistry.ShapeDefinitionCache.#25.Layers	12	1
simulation_parameters.SimulationFactory.ShapeIdRegistry.ShapeDefinitionCache.#26.Layers	12	1
simulation_parameters.SimulationFactory.ShapeIdRegistry.ShapeDefinitionCache.#27.Layers	12	1
simulation_parameters.SimulationFactory.ShapeIdRegistry.ShapeDefinitionCache.#28.Layers	12	1
simulation_parameters.SimulationFactory.ShapeIdRegistry.ShapeDefinitionCache.#29.Layers	12	1
simulation_parameters.SimulationFactory.ShapeIdRegistry.ShapeDefinitionCache.#30.Layers	12	1
simulation_parameters.SimulationFactory.ShapeIdRegistry.ShapeDefinitionCache.#39.Layers	12	1
simulation_parameters.SimulationFactory.ShapeIdRegistry.ShapeDefinitionCache.#54.Layers	12	1
simulation_parameters.SimulationFactory.ShapeIdRegistry.ShapeDefinitionCache.#55.Layers	12	1
simulation_parameters.SimulationFactory.ShapeIdRegistry.ShapeDefinitionCache.#56.Layers	12	1
simulation_parameters.SimulationFactory.ShapeIdRegistry.ShapeDefinitionCache.#57.Layers	12	1
simulation_parameters.SimulationFactory.ShapeIdRegistry.ShapeDefinitionCache.#58.Layers	12	1
simulation_parameters.SimulationFactory.ShapeIdRegistry.ShapeDefinitionCache.#59.Layers	12	1
simulation_parameters.SimulationFactory.ShapeIdRegistry.ShapeDefinitionCache.#60.Layers	12	1
simulation_parameters.SimulationFactory.ShapeIdRegistry.ShapeDefinitionCache.#61.Layers	12	1
simulation_parameters.SimulationFactory.ShapeIdRegistry.ShapeDefinitionCache.#62.Layers	12	1
simulation_parameters.SimulationFactory.ShapeIdRegistry.ShapeDefinitionCache.#63.Layers	12	1
simulation_parameters.SimulationFactory.ShapeIdRegistry.ShapeDefinitionCache.#64.Layers	12	1
simulation_parameters.SimulationFactory.ShapeIdRegistry.ShapeDefinitionCache.#65.Layers	12	1
simulation_parameters.SimulationFactory.ShapeIdRegistry.ShapeDefinitionCache.#82.Layers	12	1
simulation_parameters.SimulationFactory.ShapeIdRegistry.ShapeDefinitionCache.#83.Layers	12	1
simulation_parameters.SimulationFactory.ShapeIdRegistry.ShapeDefinitionCache.#84.Layers	12	1
simulation_parameters.SimulationFactory.ShapeIdRegistry.ShapeDefinitionCache.#85.Layers	12	1
simulation_parameters.SimulationFactory.ShapeIdRegistry.ShapeDefinitionCache.#9.Layers	12	1
definition_snapshot.SimulationFactory.ShapeRegistry.ShapeDefinitionCache.#1.Layers	10	1
definition_snapshot.SimulationFactory.ShapeRegistry.ShapeDefinitionCache.#10.Layers	10	1
definition_snapshot.SimulationFactory.ShapeRegistry.ShapeDefinitionCache.#115.Layers	10	1
definition_snapshot.SimulationFactory.ShapeRegistry.ShapeDefinitionCache.#116.Layers	10	1
definition_snapshot.SimulationFactory.ShapeRegistry.ShapeDefinitionCache.#117.Layers	10	1
definition_snapshot.SimulationFactory.ShapeRegistry.ShapeDefinitionCache.#118.Layers	10	1
definition_snapshot.SimulationFactory.ShapeRegistry.ShapeDefinitionCache.#124.Layers	10	1
definition_snapshot.SimulationFactory.ShapeRegistry.ShapeDefinitionCache.#125.Layers	10	1
definition_snapshot.SimulationFactory.ShapeRegistry.ShapeDefinitionCache.#126.Layers	10	1
definition_snapshot.SimulationFactory.ShapeRegistry.ShapeDefinitionCache.#127.Layers	10	1
definition_snapshot.SimulationFactory.ShapeRegistry.ShapeDefinitionCache.#13.Layers	10	1
definition_snapshot.SimulationFactory.ShapeRegistry.ShapeDefinitionCache.#14.Layers	10	1
definition_snapshot.SimulationFactory.ShapeRegistry.ShapeDefinitionCache.#15.Layers	10	1
definition_snapshot.SimulationFactory.ShapeRegistry.ShapeDefinitionCache.#16.Layers	10	1
definition_snapshot.SimulationFactory.ShapeRegistry.ShapeDefinitionCache.#2.Layers	10	1
definition_snapshot.SimulationFactory.ShapeRegistry.ShapeDefinitionCache.#23.Layers	10	1
definition_snapshot.SimulationFactory.ShapeRegistry.ShapeDefinitionCache.#24.Layers	10	1
definition_snapshot.SimulationFactory.ShapeRegistry.ShapeDefinitionCache.#25.Layers	10	1
definition_snapshot.SimulationFactory.ShapeRegistry.ShapeDefinitionCache.#26.Layers	10	1
definition_snapshot.SimulationFactory.ShapeRegistry.ShapeDefinitionCache.#27.Layers	10	1
definition_snapshot.SimulationFactory.ShapeRegistry.ShapeDefinitionCache.#28.Layers	10	1
definition_snapshot.SimulationFactory.ShapeRegistry.ShapeDefinitionCache.#29.Layers	10	1
definition_snapshot.SimulationFactory.ShapeRegistry.ShapeDefinitionCache.#30.Layers	10	1
definition_snapshot.SimulationFactory.ShapeRegistry.ShapeDefinitionCache.#39.Layers	10	1
definition_snapshot.SimulationFactory.ShapeRegistry.ShapeDefinitionCache.#54.Layers	10	1
definition_snapshot.SimulationFactory.ShapeRegistry.ShapeDefinitionCache.#55.Layers	10	1
definition_snapshot.SimulationFactory.ShapeRegistry.ShapeDefinitionCache.#56.Layers	10	1
definition_snapshot.SimulationFactory.ShapeRegistry.ShapeDefinitionCache.#57.Layers	10	1
definition_snapshot.SimulationFactory.ShapeRegistry.ShapeDefinitionCache.#58.Layers	10	1
definition_snapshot.SimulationFactory.ShapeRegistry.ShapeDefinitionCache.#59.Layers	10	1
definition_snapshot.SimulationFactory.ShapeRegistry.ShapeDefinitionCache.#60.Layers	10	1
definition_snapshot.SimulationFactory.ShapeRegistry.ShapeDefinitionCache.#61.Layers	10	1
definition_snapshot.SimulationFactory.ShapeRegistry.ShapeDefinitionCache.#62.Layers	10	1
definition_snapshot.SimulationFactory.ShapeRegistry.ShapeDefinitionCache.#63.Layers	10	1
definition_snapshot.SimulationFactory.ShapeRegistry.ShapeDefinitionCache.#64.Layers	10	1
definition_snapshot.SimulationFactory.ShapeRegistry.ShapeDefinitionCache.#65.Layers	10	1
definition_snapshot.SimulationFactory.ShapeRegistry.ShapeDefinitionCache.#82.Layers	10	1
definition_snapshot.SimulationFactory.ShapeRegistry.ShapeDefinitionCache.#83.Layers	10	1
definition_snapshot.SimulationFactory.ShapeRegistry.ShapeDefinitionCache.#84.Layers	10	1
definition_snapshot.SimulationFactory.ShapeRegistry.ShapeDefinitionCache.#85.Layers	10	1
definition_snapshot.SimulationFactory.ShapeRegistry.ShapeDefinitionCache.#9.Layers	10	1
definition_snapshot.SimulationFactory.ShapeRegistry.ShapeItemCache.#1000.Definition.Layers	10	1
definition_snapshot.SimulationFactory.ShapeRegistry.ShapeItemCache.#1010.Definition.Layers	10	1
definition_snapshot.SimulationFactory.ShapeRegistry.ShapeItemCache.#1011.Definition.Layers	10	1
definition_snapshot.SimulationFactory.ShapeRegistry.ShapeItemCache.#1012.Definition.Layers	10	1
definition_snapshot.SimulationFactory.ShapeRegistry.ShapeItemCache.#1013.Definition.Layers	10	1
definition_snapshot.SimulationFactory.ShapeRegistry.ShapeItemCache.#1015.Definition.Layers	10	1
definition_snapshot.SimulationFactory.ShapeRegistry.ShapeItemCache.#1018.Definition.Layers	10	1
definition_snapshot.SimulationFactory.ShapeRegistry.ShapeItemCache.#1022.Definition.Layers	10	1
definition_snapshot.SimulationFactory.ShapeRegistry.ShapeItemCache.#1024.Definition.Layers	10	1
definition_snapshot.SimulationFactory.ShapeRegistry.ShapeItemCache.#1026.Definition.Layers	10	1
definition_snapshot.SimulationFactory.ShapeRegistry.ShapeItemCache.#1028.Definition.Layers	10	1
definition_snapshot.SimulationFactory.ShapeRegistry.ShapeItemCache.#1312.Definition.Layers	10	1
definition_snapshot.SimulationFactory.ShapeRegistry.ShapeItemCache.#1313.Definition.Layers	10	1
definition_snapshot.SimulationFactory.ShapeRegistry.ShapeItemCache.#1314.Definition.Layers	10	1
definition_snapshot.SimulationFactory.ShapeRegistry.ShapeItemCache.#1315.Definition.Layers	10	1
definition_snapshot.SimulationFactory.ShapeRegistry.ShapeItemCache.#1316.Definition.Layers	10	1
definition_snapshot.SimulationFactory.ShapeRegistry.ShapeItemCache.#1317.Definition.Layers	10	1
definition_snapshot.SimulationFactory.ShapeRegistry.ShapeItemCache.#1318.Definition.Layers	10	1
definition_snapshot.SimulationFactory.ShapeRegistry.ShapeItemCache.#1319.Definition.Layers	10	1
definition_snapshot.SimulationFactory.ShapeRegistry.ShapeItemCache.#1320.Definition.Layers	10	1
definition_snapshot.SimulationFactory.ShapeRegistry.ShapeItemCache.#1321.Definition.Layers	10	1
definition_snapshot.SimulationFactory.ShapeRegistry.ShapeItemCache.#1322.Definition.Layers	10	1
definition_snapshot.SimulationFactory.ShapeRegistry.ShapeItemCache.#1323.Definition.Layers	10	1
definition_snapshot.SimulationFactory.ShapeRegistry.ShapeItemCache.#1324.Definition.Layers	10	1
definition_snapshot.SimulationFactory.ShapeRegistry.ShapeItemCache.#1325.Definition.Layers	10	1
definition_snapshot.SimulationFactory.ShapeRegistry.ShapeItemCache.#1326.Definition.Layers	10	1
definition_snapshot.SimulationFactory.ShapeRegistry.ShapeItemCache.#1327.Definition.Layers	10	1
definition_snapshot.SimulationFactory.ShapeRegistry.ShapeItemCache.#1330.Definition.Layers	10	1
definition_snapshot.SimulationFactory.ShapeRegistry.ShapeItemCache.#946.Definition.Layers	10	1
simulation_parameters.SimulationFactory.ShapeRegistry.ShapeDefinitionCache.#1.Layers	10	1
simulation_parameters.SimulationFactory.ShapeRegistry.ShapeDefinitionCache.#10.Layers	10	1
simulation_parameters.SimulationFactory.ShapeRegistry.ShapeDefinitionCache.#115.Layers	10	1
simulation_parameters.SimulationFactory.ShapeRegistry.ShapeDefinitionCache.#116.Layers	10	1
simulation_parameters.SimulationFactory.ShapeRegistry.ShapeDefinitionCache.#117.Layers	10	1
simulation_parameters.SimulationFactory.ShapeRegistry.ShapeDefinitionCache.#118.Layers	10	1
simulation_parameters.SimulationFactory.ShapeRegistry.ShapeDefinitionCache.#124.Layers	10	1
simulation_parameters.SimulationFactory.ShapeRegistry.ShapeDefinitionCache.#125.Layers	10	1
simulation_parameters.SimulationFactory.ShapeRegistry.ShapeDefinitionCache.#126.Layers	10	1
simulation_parameters.SimulationFactory.ShapeRegistry.ShapeDefinitionCache.#127.Layers	10	1
simulation_parameters.SimulationFactory.ShapeRegistry.ShapeDefinitionCache.#13.Layers	10	1
simulation_parameters.SimulationFactory.ShapeRegistry.ShapeDefinitionCache.#14.Layers	10	1
simulation_parameters.SimulationFactory.ShapeRegistry.ShapeDefinitionCache.#15.Layers	10	1
simulation_parameters.SimulationFactory.ShapeRegistry.ShapeDefinitionCache.#16.Layers	10	1
simulation_parameters.SimulationFactory.ShapeRegistry.ShapeDefinitionCache.#2.Layers	10	1
simulation_parameters.SimulationFactory.ShapeRegistry.ShapeDefinitionCache.#23.Layers	10	1
simulation_parameters.SimulationFactory.ShapeRegistry.ShapeDefinitionCache.#24.Layers	10	1
simulation_parameters.SimulationFactory.ShapeRegistry.ShapeDefinitionCache.#25.Layers	10	1
simulation_parameters.SimulationFactory.ShapeRegistry.ShapeDefinitionCache.#26.Layers	10	1
simulation_parameters.SimulationFactory.ShapeRegistry.ShapeDefinitionCache.#27.Layers	10	1
simulation_parameters.SimulationFactory.ShapeRegistry.ShapeDefinitionCache.#28.Layers	10	1
simulation_parameters.SimulationFactory.ShapeRegistry.ShapeDefinitionCache.#29.Layers	10	1
simulation_parameters.SimulationFactory.ShapeRegistry.ShapeDefinitionCache.#30.Layers	10	1
simulation_parameters.SimulationFactory.ShapeRegistry.ShapeDefinitionCache.#39.Layers	10	1
simulation_parameters.SimulationFactory.ShapeRegistry.ShapeDefinitionCache.#54.Layers	10	1
simulation_parameters.SimulationFactory.ShapeRegistry.ShapeDefinitionCache.#55.Layers	10	1
simulation_parameters.SimulationFactory.ShapeRegistry.ShapeDefinitionCache.#56.Layers	10	1
simulation_parameters.SimulationFactory.ShapeRegistry.ShapeDefinitionCache.#57.Layers	10	1
simulation_parameters.SimulationFactory.ShapeRegistry.ShapeDefinitionCache.#58.Layers	10	1
simulation_parameters.SimulationFactory.ShapeRegistry.ShapeDefinitionCache.#59.Layers	10	1
simulation_parameters.SimulationFactory.ShapeRegistry.ShapeDefinitionCache.#60.Layers	10	1
simulation_parameters.SimulationFactory.ShapeRegistry.ShapeDefinitionCache.#61.Layers	10	1
simulation_parameters.SimulationFactory.ShapeRegistry.ShapeDefinitionCache.#62.Layers	10	1
simulation_parameters.SimulationFactory.ShapeRegistry.ShapeDefinitionCache.#63.Layers	10	1
simulation_parameters.SimulationFactory.ShapeRegistry.ShapeDefinitionCache.#64.Layers	10	1
simulation_parameters.SimulationFactory.ShapeRegistry.ShapeDefinitionCache.#65.Layers	10	1
simulation_parameters.SimulationFactory.ShapeRegistry.ShapeDefinitionCache.#82.Layers	10	1
simulation_parameters.SimulationFactory.ShapeRegistry.ShapeDefinitionCache.#83.Layers	10	1
simulation_parameters.SimulationFactory.ShapeRegistry.ShapeDefinitionCache.#84.Layers	10	1
simulation_parameters.SimulationFactory.ShapeRegistry.ShapeDefinitionCache.#85.Layers	10	1
simulation_parameters.SimulationFactory.ShapeRegistry.ShapeDefinitionCache.#9.Layers	10	1
definition_snapshot.Logger.Info.LogAction.Method.Module.Assembly.Modules	8	1
definition_snapshot.Logger.Info.LogAction.Method.Module.Assembly._minimum	8	1
definition_snapshot.Logger.Info.LogAction.Method.Module.CustomAttributes	8	1
definition_snapshot.Logger.Info.LogAction.Method.ReflectedTypeInternal.BaseType.DeclaredConstructors	8	1
definition_snapshot.Logger.Info.LogAction.Method.ReflectedTypeInternal.CustomAttributes	8	1
definition_snapshot.ShapeRegistry.ShapeDefinitionCache.#1.Layers	4	1
definition_snapshot.ShapeRegistry.ShapeDefinitionCache.#10.Layers	4	1
definition_snapshot.ShapeRegistry.ShapeDefinitionCache.#115.Layers	4	1
definition_snapshot.ShapeRegistry.ShapeDefinitionCache.#116.Layers	4	1
definition_snapshot.ShapeRegistry.ShapeDefinitionCache.#117.Layers	4	1
definition_snapshot.ShapeRegistry.ShapeDefinitionCache.#118.Layers	4	1
definition_snapshot.ShapeRegistry.ShapeDefinitionCache.#124.Layers	4	1
definition_snapshot.ShapeRegistry.ShapeDefinitionCache.#125.Layers	4	1
definition_snapshot.ShapeRegistry.ShapeDefinitionCache.#126.Layers	4	1
definition_snapshot.ShapeRegistry.ShapeDefinitionCache.#127.Layers	4	1
definition_snapshot.ShapeRegistry.ShapeDefinitionCache.#13.Layers	4	1
definition_snapshot.ShapeRegistry.ShapeDefinitionCache.#14.Layers	4	1
definition_snapshot.ShapeRegistry.ShapeDefinitionCache.#15.Layers	4	1
definition_snapshot.ShapeRegistry.ShapeDefinitionCache.#16.Layers	4	1
definition_snapshot.ShapeRegistry.ShapeDefinitionCache.#2.Layers	4	1
definition_snapshot.ShapeRegistry.ShapeDefinitionCache.#23.Layers	4	1
definition_snapshot.ShapeRegistry.ShapeDefinitionCache.#24.Layers	4	1
definition_snapshot.ShapeRegistry.ShapeDefinitionCache.#25.Layers	4	1
definition_snapshot.ShapeRegistry.ShapeDefinitionCache.#26.Layers	4	1
definition_snapshot.ShapeRegistry.ShapeDefinitionCache.#27.Layers	4	1
definition_snapshot.ShapeRegistry.ShapeDefinitionCache.#28.Layers	4	1
definition_snapshot.ShapeRegistry.ShapeDefinitionCache.#29.Layers	4	1
definition_snapshot.ShapeRegistry.ShapeDefinitionCache.#30.Layers	4	1
definition_snapshot.ShapeRegistry.ShapeDefinitionCache.#39.Layers	4	1
definition_snapshot.ShapeRegistry.ShapeDefinitionCache.#54.Layers	4	1
definition_snapshot.ShapeRegistry.ShapeDefinitionCache.#55.Layers	4	1
definition_snapshot.ShapeRegistry.ShapeDefinitionCache.#56.Layers	4	1
definition_snapshot.ShapeRegistry.ShapeDefinitionCache.#57.Layers	4	1
definition_snapshot.ShapeRegistry.ShapeDefinitionCache.#58.Layers	4	1
definition_snapshot.ShapeRegistry.ShapeDefinitionCache.#59.Layers	4	1
definition_snapshot.ShapeRegistry.ShapeDefinitionCache.#60.Layers	4	1
definition_snapshot.ShapeRegistry.ShapeDefinitionCache.#61.Layers	4	1
definition_snapshot.ShapeRegistry.ShapeDefinitionCache.#62.Layers	4	1
definition_snapshot.ShapeRegistry.ShapeDefinitionCache.#63.Layers	4	1
definition_snapshot.ShapeRegistry.ShapeDefinitionCache.#64.Layers	4	1
definition_snapshot.ShapeRegistry.ShapeDefinitionCache.#65.Layers	4	1
definition_snapshot.ShapeRegistry.ShapeDefinitionCache.#82.Layers	4	1
definition_snapshot.ShapeRegistry.ShapeDefinitionCache.#83.Layers	4	1
definition_snapshot.ShapeRegistry.ShapeDefinitionCache.#84.Layers	4	1
definition_snapshot.ShapeRegistry.ShapeDefinitionCache.#85.Layers	4	1
definition_snapshot.ShapeRegistry.ShapeDefinitionCache.#9.Layers	4	1
definition_snapshot.ShapeRegistry.ShapeItemCache.#1000.Definition.Layers	4	1
definition_snapshot.ShapeRegistry.ShapeItemCache.#1010.Definition.Layers	4	1
definition_snapshot.ShapeRegistry.ShapeItemCache.#1011.Definition.Layers	4	1
definition_snapshot.ShapeRegistry.ShapeItemCache.#1012.Definition.Layers	4	1
definition_snapshot.ShapeRegistry.ShapeItemCache.#1013.Definition.Layers	4	1
definition_snapshot.ShapeRegistry.ShapeItemCache.#1015.Definition.Layers	4	1
definition_snapshot.ShapeRegistry.ShapeItemCache.#1018.Definition.Layers	4	1
definition_snapshot.ShapeRegistry.ShapeItemCache.#1022.Definition.Layers	4	1
definition_snapshot.ShapeRegistry.ShapeItemCache.#1024.Definition.Layers	4	1
definition_snapshot.ShapeRegistry.ShapeItemCache.#1026.Definition.Layers	4	1
definition_snapshot.ShapeRegistry.ShapeItemCache.#1028.Definition.Layers	4	1
definition_snapshot.ShapeRegistry.ShapeItemCache.#1312.Definition.Layers	4	1
definition_snapshot.ShapeRegistry.ShapeItemCache.#1313.Definition.Layers	4	1
definition_snapshot.ShapeRegistry.ShapeItemCache.#1314.Definition.Layers	4	1
definition_snapshot.ShapeRegistry.ShapeItemCache.#1315.Definition.Layers	4	1
definition_snapshot.ShapeRegistry.ShapeItemCache.#1316.Definition.Layers	4	1
definition_snapshot.ShapeRegistry.ShapeItemCache.#1317.Definition.Layers	4	1
definition_snapshot.ShapeRegistry.ShapeItemCache.#1318.Definition.Layers	4	1
definition_snapshot.ShapeRegistry.ShapeItemCache.#1319.Definition.Layers	4	1
definition_snapshot.ShapeRegistry.ShapeItemCache.#1320.Definition.Layers	4	1
definition_snapshot.ShapeRegistry.ShapeItemCache.#1321.Definition.Layers	4	1
definition_snapshot.ShapeRegistry.ShapeItemCache.#1322.Definition.Layers	4	1
definition_snapshot.ShapeRegistry.ShapeItemCache.#1323.Definition.Layers	4	1
definition_snapshot.ShapeRegistry.ShapeItemCache.#1324.Definition.Layers	4	1
definition_snapshot.ShapeRegistry.ShapeItemCache.#1325.Definition.Layers	4	1
definition_snapshot.ShapeRegistry.ShapeItemCache.#1326.Definition.Layers	4	1
definition_snapshot.ShapeRegistry.ShapeItemCache.#1327.Definition.Layers	4	1
definition_snapshot.ShapeRegistry.ShapeItemCache.#1330.Definition.Layers	4	1
definition_snapshot.ShapeRegistry.ShapeItemCache.#946.Definition.Layers	4	1
definition_snapshot.SimulationFactory.CrystallizeOperation.ShapeRegistry.ShapeDefinitionCache.#1.Layers	4	1
definition_snapshot.SimulationFactory.CrystallizeOperation.ShapeRegistry.ShapeDefinitionCache.#10.Layers	4	1
definition_snapshot.SimulationFactory.CrystallizeOperation.ShapeRegistry.ShapeDefinitionCache.#115.Layers	4	1
definition_snapshot.SimulationFactory.CrystallizeOperation.ShapeRegistry.ShapeDefinitionCache.#116.Layers	4	1
definition_snapshot.SimulationFactory.CrystallizeOperation.ShapeRegistry.ShapeDefinitionCache.#117.Layers	4	1
definition_snapshot.SimulationFactory.CrystallizeOperation.ShapeRegistry.ShapeDefinitionCache.#118.Layers	4	1
definition_snapshot.SimulationFactory.CrystallizeOperation.ShapeRegistry.ShapeDefinitionCache.#124.Layers	4	1
definition_snapshot.SimulationFactory.CrystallizeOperation.ShapeRegistry.ShapeDefinitionCache.#125.Layers	4	1
definition_snapshot.SimulationFactory.CrystallizeOperation.ShapeRegistry.ShapeDefinitionCache.#126.Layers	4	1
definition_snapshot.SimulationFactory.CrystallizeOperation.ShapeRegistry.ShapeDefinitionCache.#127.Layers	4	1
definition_snapshot.SimulationFactory.CrystallizeOperation.ShapeRegistry.ShapeDefinitionCache.#13.Layers	4	1
definition_snapshot.SimulationFactory.CrystallizeOperation.ShapeRegistry.ShapeDefinitionCache.#14.Layers	4	1
definition_snapshot.SimulationFactory.CrystallizeOperation.ShapeRegistry.ShapeDefinitionCache.#15.Layers	4	1
definition_snapshot.SimulationFactory.CrystallizeOperation.ShapeRegistry.ShapeDefinitionCache.#16.Layers	4	1
definition_snapshot.SimulationFactory.CrystallizeOperation.ShapeRegistry.ShapeDefinitionCache.#2.Layers	4	1
definition_snapshot.SimulationFactory.CrystallizeOperation.ShapeRegistry.ShapeDefinitionCache.#23.Layers	4	1
definition_snapshot.SimulationFactory.CrystallizeOperation.ShapeRegistry.ShapeDefinitionCache.#24.Layers	4	1
definition_snapshot.SimulationFactory.CrystallizeOperation.ShapeRegistry.ShapeDefinitionCache.#25.Layers	4	1
definition_snapshot.SimulationFactory.CrystallizeOperation.ShapeRegistry.ShapeDefinitionCache.#26.Layers	4	1
definition_snapshot.SimulationFactory.CrystallizeOperation.ShapeRegistry.ShapeDefinitionCache.#27.Layers	4	1
definition_snapshot.SimulationFactory.CrystallizeOperation.ShapeRegistry.ShapeDefinitionCache.#28.Layers	4	1
definition_snapshot.SimulationFactory.CrystallizeOperation.ShapeRegistry.ShapeDefinitionCache.#29.Layers	4	1
definition_snapshot.SimulationFactory.CrystallizeOperation.ShapeRegistry.ShapeDefinitionCache.#30.Layers	4	1
definition_snapshot.SimulationFactory.CrystallizeOperation.ShapeRegistry.ShapeDefinitionCache.#39.Layers	4	1
definition_snapshot.SimulationFactory.CrystallizeOperation.ShapeRegistry.ShapeDefinitionCache.#54.Layers	4	1
definition_snapshot.SimulationFactory.CrystallizeOperation.ShapeRegistry.ShapeDefinitionCache.#55.Layers	4	1
definition_snapshot.SimulationFactory.CrystallizeOperation.ShapeRegistry.ShapeDefinitionCache.#56.Layers	4	1
definition_snapshot.SimulationFactory.CrystallizeOperation.ShapeRegistry.ShapeDefinitionCache.#57.Layers	4	1
definition_snapshot.SimulationFactory.CrystallizeOperation.ShapeRegistry.ShapeDefinitionCache.#58.Layers	4	1
definition_snapshot.SimulationFactory.CrystallizeOperation.ShapeRegistry.ShapeDefinitionCache.#59.Layers	4	1
definition_snapshot.SimulationFactory.CrystallizeOperation.ShapeRegistry.ShapeDefinitionCache.#60.Layers	4	1
definition_snapshot.SimulationFactory.CrystallizeOperation.ShapeRegistry.ShapeDefinitionCache.#61.Layers	4	1
definition_snapshot.SimulationFactory.CrystallizeOperation.ShapeRegistry.ShapeDefinitionCache.#62.Layers	4	1
definition_snapshot.SimulationFactory.CrystallizeOperation.ShapeRegistry.ShapeDefinitionCache.#63.Layers	4	1
definition_snapshot.SimulationFactory.CrystallizeOperation.ShapeRegistry.ShapeDefinitionCache.#64.Layers	4	1
definition_snapshot.SimulationFactory.CrystallizeOperation.ShapeRegistry.ShapeDefinitionCache.#65.Layers	4	1
definition_snapshot.SimulationFactory.CrystallizeOperation.ShapeRegistry.ShapeDefinitionCache.#82.Layers	4	1
definition_snapshot.SimulationFactory.CrystallizeOperation.ShapeRegistry.ShapeDefinitionCache.#83.Layers	4	1
definition_snapshot.SimulationFactory.CrystallizeOperation.ShapeRegistry.ShapeDefinitionCache.#84.Layers	4	1
definition_snapshot.SimulationFactory.CrystallizeOperation.ShapeRegistry.ShapeDefinitionCache.#85.Layers	4	1
definition_snapshot.SimulationFactory.CrystallizeOperation.ShapeRegistry.ShapeDefinitionCache.#9.Layers	4	1
definition_snapshot.SimulationFactory.CrystallizeOperation.ShapeRegistry.ShapeItemCache.#1000.Definition.Layers	4	1
definition_snapshot.SimulationFactory.CrystallizeOperation.ShapeRegistry.ShapeItemCache.#1010.Definition.Layers	4	1
definition_snapshot.SimulationFactory.CrystallizeOperation.ShapeRegistry.ShapeItemCache.#1011.Definition.Layers	4	1
definition_snapshot.SimulationFactory.CrystallizeOperation.ShapeRegistry.ShapeItemCache.#1012.Definition.Layers	4	1
definition_snapshot.SimulationFactory.CrystallizeOperation.ShapeRegistry.ShapeItemCache.#1013.Definition.Layers	4	1
definition_snapshot.SimulationFactory.CrystallizeOperation.ShapeRegistry.ShapeItemCache.#1015.Definition.Layers	4	1
definition_snapshot.SimulationFactory.CrystallizeOperation.ShapeRegistry.ShapeItemCache.#1018.Definition.Layers	4	1
definition_snapshot.SimulationFactory.CrystallizeOperation.ShapeRegistry.ShapeItemCache.#1022.Definition.Layers	4	1
definition_snapshot.SimulationFactory.CrystallizeOperation.ShapeRegistry.ShapeItemCache.#1024.Definition.Layers	4	1
definition_snapshot.SimulationFactory.CrystallizeOperation.ShapeRegistry.ShapeItemCache.#1026.Definition.Layers	4	1
definition_snapshot.SimulationFactory.CrystallizeOperation.ShapeRegistry.ShapeItemCache.#1028.Definition.Layers	4	1
definition_snapshot.SimulationFactory.CrystallizeOperation.ShapeRegistry.ShapeItemCache.#1312.Definition.Layers	4	1
definition_snapshot.SimulationFactory.CrystallizeOperation.ShapeRegistry.ShapeItemCache.#1313.Definition.Layers	4	1
definition_snapshot.SimulationFactory.CrystallizeOperation.ShapeRegistry.ShapeItemCache.#1314.Definition.Layers	4	1
definition_snapshot.SimulationFactory.CrystallizeOperation.ShapeRegistry.ShapeItemCache.#1315.Definition.Layers	4	1
definition_snapshot.SimulationFactory.CrystallizeOperation.ShapeRegistry.ShapeItemCache.#1316.Definition.Layers	4	1
definition_snapshot.SimulationFactory.CrystallizeOperation.ShapeRegistry.ShapeItemCache.#1317.Definition.Layers	4	1
definition_snapshot.SimulationFactory.CrystallizeOperation.ShapeRegistry.ShapeItemCache.#1318.Definition.Layers	4	1
definition_snapshot.SimulationFactory.CrystallizeOperation.ShapeRegistry.ShapeItemCache.#1319.Definition.Layers	4	1
definition_snapshot.SimulationFactory.CrystallizeOperation.ShapeRegistry.ShapeItemCache.#1320.Definition.Layers	4	1
definition_snapshot.SimulationFactory.CrystallizeOperation.ShapeRegistry.ShapeItemCache.#1321.Definition.Layers	4	1
definition_snapshot.SimulationFactory.CrystallizeOperation.ShapeRegistry.ShapeItemCache.#1322.Definition.Layers	4	1
definition_snapshot.SimulationFactory.CrystallizeOperation.ShapeRegistry.ShapeItemCache.#1323.Definition.Layers	4	1
definition_snapshot.SimulationFactory.CrystallizeOperation.ShapeRegistry.ShapeItemCache.#1324.Definition.Layers	4	1
definition_snapshot.SimulationFactory.CrystallizeOperation.ShapeRegistry.ShapeItemCache.#1325.Definition.Layers	4	1
definition_snapshot.SimulationFactory.CrystallizeOperation.ShapeRegistry.ShapeItemCache.#1326.Definition.Layers	4	1
definition_snapshot.SimulationFactory.CrystallizeOperation.ShapeRegistry.ShapeItemCache.#1327.Definition.Layers	4	1
definition_snapshot.SimulationFactory.CrystallizeOperation.ShapeRegistry.ShapeItemCache.#1330.Definition.Layers	4	1
definition_snapshot.SimulationFactory.CrystallizeOperation.ShapeRegistry.ShapeItemCache.#946.Definition.Layers	4	1
definition_snapshot.SimulationFactory.PaintOperation.ShapeRegistry.ShapeDefinitionCache.#1.Layers	4	1
definition_snapshot.SimulationFactory.PaintOperation.ShapeRegistry.ShapeDefinitionCache.#10.Layers	4	1
definition_snapshot.SimulationFactory.PaintOperation.ShapeRegistry.ShapeDefinitionCache.#115.Layers	4	1
definition_snapshot.SimulationFactory.PaintOperation.ShapeRegistry.ShapeDefinitionCache.#116.Layers	4	1
definition_snapshot.SimulationFactory.PaintOperation.ShapeRegistry.ShapeDefinitionCache.#117.Layers	4	1
definition_snapshot.SimulationFactory.PaintOperation.ShapeRegistry.ShapeDefinitionCache.#118.Layers	4	1
definition_snapshot.SimulationFactory.PaintOperation.ShapeRegistry.ShapeDefinitionCache.#124.Layers	4	1
definition_snapshot.SimulationFactory.PaintOperation.ShapeRegistry.ShapeDefinitionCache.#125.Layers	4	1
definition_snapshot.SimulationFactory.PaintOperation.ShapeRegistry.ShapeDefinitionCache.#126.Layers	4	1
definition_snapshot.SimulationFactory.PaintOperation.ShapeRegistry.ShapeDefinitionCache.#127.Layers	4	1
definition_snapshot.SimulationFactory.PaintOperation.ShapeRegistry.ShapeDefinitionCache.#13.Layers	4	1
definition_snapshot.SimulationFactory.PaintOperation.ShapeRegistry.ShapeDefinitionCache.#14.Layers	4	1
definition_snapshot.SimulationFactory.PaintOperation.ShapeRegistry.ShapeDefinitionCache.#15.Layers	4	1
definition_snapshot.SimulationFactory.PaintOperation.ShapeRegistry.ShapeDefinitionCache.#16.Layers	4	1
definition_snapshot.SimulationFactory.PaintOperation.ShapeRegistry.ShapeDefinitionCache.#2.Layers	4	1
definition_snapshot.SimulationFactory.PaintOperation.ShapeRegistry.ShapeDefinitionCache.#23.Layers	4	1
definition_snapshot.SimulationFactory.PaintOperation.ShapeRegistry.ShapeDefinitionCache.#24.Layers	4	1
definition_snapshot.SimulationFactory.PaintOperation.ShapeRegistry.ShapeDefinitionCache.#25.Layers	4	1
definition_snapshot.SimulationFactory.PaintOperation.ShapeRegistry.ShapeDefinitionCache.#26.Layers	4	1
definition_snapshot.SimulationFactory.PaintOperation.ShapeRegistry.ShapeDefinitionCache.#27.Layers	4	1
definition_snapshot.SimulationFactory.PaintOperation.ShapeRegistry.ShapeDefinitionCache.#28.Layers	4	1
definition_snapshot.SimulationFactory.PaintOperation.ShapeRegistry.ShapeDefinitionCache.#29.Layers	4	1
definition_snapshot.SimulationFactory.PaintOperation.ShapeRegistry.ShapeDefinitionCache.#30.Layers	4	1
definition_snapshot.SimulationFactory.PaintOperation.ShapeRegistry.ShapeDefinitionCache.#39.Layers	4	1
definition_snapshot.SimulationFactory.PaintOperation.ShapeRegistry.ShapeDefinitionCache.#54.Layers	4	1
definition_snapshot.SimulationFactory.PaintOperation.ShapeRegistry.ShapeDefinitionCache.#55.Layers	4	1
definition_snapshot.SimulationFactory.PaintOperation.ShapeRegistry.ShapeDefinitionCache.#56.Layers	4	1
definition_snapshot.SimulationFactory.PaintOperation.ShapeRegistry.ShapeDefinitionCache.#57.Layers	4	1
definition_snapshot.SimulationFactory.PaintOperation.ShapeRegistry.ShapeDefinitionCache.#58.Layers	4	1
definition_snapshot.SimulationFactory.PaintOperation.ShapeRegistry.ShapeDefinitionCache.#59.Layers	4	1
definition_snapshot.SimulationFactory.PaintOperation.ShapeRegistry.ShapeDefinitionCache.#60.Layers	4	1
definition_snapshot.SimulationFactory.PaintOperation.ShapeRegistry.ShapeDefinitionCache.#61.Layers	4	1
definition_snapshot.SimulationFactory.PaintOperation.ShapeRegistry.ShapeDefinitionCache.#62.Layers	4	1
definition_snapshot.SimulationFactory.PaintOperation.ShapeRegistry.ShapeDefinitionCache.#63.Layers	4	1
definition_snapshot.SimulationFactory.PaintOperation.ShapeRegistry.ShapeDefinitionCache.#64.Layers	4	1
definition_snapshot.SimulationFactory.PaintOperation.ShapeRegistry.ShapeDefinitionCache.#65.Layers	4	1
definition_snapshot.SimulationFactory.PaintOperation.ShapeRegistry.ShapeDefinitionCache.#82.Layers	4	1
definition_snapshot.SimulationFactory.PaintOperation.ShapeRegistry.ShapeDefinitionCache.#83.Layers	4	1
definition_snapshot.SimulationFactory.PaintOperation.ShapeRegistry.ShapeDefinitionCache.#84.Layers	4	1
definition_snapshot.SimulationFactory.PaintOperation.ShapeRegistry.ShapeDefinitionCache.#85.Layers	4	1
definition_snapshot.SimulationFactory.PaintOperation.ShapeRegistry.ShapeDefinitionCache.#9.Layers	4	1
definition_snapshot.SimulationFactory.PaintOperation.ShapeRegistry.ShapeItemCache.#1000.Definition.Layers	4	1
definition_snapshot.SimulationFactory.PaintOperation.ShapeRegistry.ShapeItemCache.#1010.Definition.Layers	4	1
definition_snapshot.SimulationFactory.PaintOperation.ShapeRegistry.ShapeItemCache.#1011.Definition.Layers	4	1
definition_snapshot.SimulationFactory.PaintOperation.ShapeRegistry.ShapeItemCache.#1012.Definition.Layers	4	1
definition_snapshot.SimulationFactory.PaintOperation.ShapeRegistry.ShapeItemCache.#1013.Definition.Layers	4	1
definition_snapshot.SimulationFactory.PaintOperation.ShapeRegistry.ShapeItemCache.#1015.Definition.Layers	4	1
definition_snapshot.SimulationFactory.PaintOperation.ShapeRegistry.ShapeItemCache.#1018.Definition.Layers	4	1
definition_snapshot.SimulationFactory.PaintOperation.ShapeRegistry.ShapeItemCache.#1022.Definition.Layers	4	1
definition_snapshot.SimulationFactory.PaintOperation.ShapeRegistry.ShapeItemCache.#1024.Definition.Layers	4	1
definition_snapshot.SimulationFactory.PaintOperation.ShapeRegistry.ShapeItemCache.#1026.Definition.Layers	4	1
definition_snapshot.SimulationFactory.PaintOperation.ShapeRegistry.ShapeItemCache.#1028.Definition.Layers	4	1
definition_snapshot.SimulationFactory.PaintOperation.ShapeRegistry.ShapeItemCache.#1312.Definition.Layers	4	1
definition_snapshot.SimulationFactory.PaintOperation.ShapeRegistry.ShapeItemCache.#1313.Definition.Layers	4	1
definition_snapshot.SimulationFactory.PaintOperation.ShapeRegistry.ShapeItemCache.#1314.Definition.Layers	4	1
definition_snapshot.SimulationFactory.PaintOperation.ShapeRegistry.ShapeItemCache.#1315.Definition.Layers	4	1
definition_snapshot.SimulationFactory.PaintOperation.ShapeRegistry.ShapeItemCache.#1316.Definition.Layers	4	1
definition_snapshot.SimulationFactory.PaintOperation.ShapeRegistry.ShapeItemCache.#1317.Definition.Layers	4	1
definition_snapshot.SimulationFactory.PaintOperation.ShapeRegistry.ShapeItemCache.#1318.Definition.Layers	4	1
definition_snapshot.SimulationFactory.PaintOperation.ShapeRegistry.ShapeItemCache.#1319.Definition.Layers	4	1
definition_snapshot.SimulationFactory.PaintOperation.ShapeRegistry.ShapeItemCache.#1320.Definition.Layers	4	1
definition_snapshot.SimulationFactory.PaintOperation.ShapeRegistry.ShapeItemCache.#1321.Definition.Layers	4	1
definition_snapshot.SimulationFactory.PaintOperation.ShapeRegistry.ShapeItemCache.#1322.Definition.Layers	4	1
definition_snapshot.SimulationFactory.PaintOperation.ShapeRegistry.ShapeItemCache.#1323.Definition.Layers	4	1
definition_snapshot.SimulationFactory.PaintOperation.ShapeRegistry.ShapeItemCache.#1324.Definition.Layers	4	1
definition_snapshot.SimulationFactory.PaintOperation.ShapeRegistry.ShapeItemCache.#1325.Definition.Layers	4	1
definition_snapshot.SimulationFactory.PaintOperation.ShapeRegistry.ShapeItemCache.#1326.Definition.Layers	4	1
definition_snapshot.SimulationFactory.PaintOperation.ShapeRegistry.ShapeItemCache.#1327.Definition.Layers	4	1
definition_snapshot.SimulationFactory.PaintOperation.ShapeRegistry.ShapeItemCache.#1330.Definition.Layers	4	1
definition_snapshot.SimulationFactory.PaintOperation.ShapeRegistry.ShapeItemCache.#946.Definition.Layers	4	1
definition_snapshot.TrainIslands.Navigation.Catcher.IEntityDefinition.CustomData.All[].Modules	4	1
definition_snapshot.TrainIslands.Navigation.Catcher.IEntityDefinition.CustomData.All[].PlacementRequirements	4	1
definition_snapshot.TrainIslands.Navigation.Catcher.IEntityDefinition.CustomData.All[]._PlacementRequirements	4	1
definition_snapshot.TrainIslands.Navigation.Launcher.IEntityDefinition.CustomData.All[].Modules	4	1
definition_snapshot.TrainIslands.Navigation.Launcher.IEntityDefinition.CustomData.All[].PlacementRequirements	4	1
definition_snapshot.TrainIslands.Navigation.Launcher.IEntityDefinition.CustomData.All[]._PlacementRequirements	4	1
definition_snapshot.TrainIslands.Navigation.QuickStation.IEntityDefinition.CustomData.All[].Modules	4	1
definition_snapshot.TrainIslands.Navigation.QuickStation.IEntityDefinition.CustomData.All[].PlacementRequirements	4	1
definition_snapshot.TrainIslands.Navigation.QuickStation.IEntityDefinition.CustomData.All[]._PlacementRequirements	4	1
definition_snapshot.TrainIslands.Navigation.Twister.IEntityDefinition.CustomData.All[].Modules	4	1
definition_snapshot.TrainIslands.Navigation.Twister.IEntityDefinition.CustomData.All[].PlacementRequirements	4	1
definition_snapshot.TrainIslands.Navigation.Twister.IEntityDefinition.CustomData.All[]._PlacementRequirements	4	1
definition_snapshot.TrainIslands.Navigation.WaitStation.IEntityDefinition.CustomData.All[].Modules	4	1
definition_snapshot.TrainIslands.Navigation.WaitStation.IEntityDefinition.CustomData.All[].PlacementRequirements	4	1
definition_snapshot.TrainIslands.Navigation.WaitStation.IEntityDefinition.CustomData.All[]._PlacementRequirements	4	1
definition_snapshot.TrainIslands.Production.FillerCargoFactory.IEntityDefinition.CustomData.All[].Modules	4	1
definition_snapshot.TrainIslands.Production.FillerCargoFactory.IEntityDefinition.CustomData.All[].PlacementRequirements	4	1
definition_snapshot.TrainIslands.Production.FillerCargoFactory.IEntityDefinition.CustomData.All[]._PlacementRequirements	4	1
definition_snapshot.TrainIslands.Production.FluidCargoFactory.IEntityDefinition.CustomData.All[].Modules	4	1
definition_snapshot.TrainIslands.Production.FluidCargoFactory.IEntityDefinition.CustomData.All[].PlacementRequirements	4	1
definition_snapshot.TrainIslands.Production.FluidCargoFactory.IEntityDefinition.CustomData.All[]._PlacementRequirements	4	1
definition_snapshot.TrainIslands.Production.ShapeCargoFactory.IEntityDefinition.CustomData.All[].Modules	4	1
definition_snapshot.TrainIslands.Production.ShapeCargoFactory.IEntityDefinition.CustomData.All[].PlacementRequirements	4	1
definition_snapshot.TrainIslands.Production.ShapeCargoFactory.IEntityDefinition.CustomData.All[]._PlacementRequirements	4	1
definition_snapshot.TrainsSimulation.TrainsProductionSimulator.TrainSpawnerValidator.NavigationSimulator.NavigationCoordinators[].LoopDefinitionIds	4	1
definition_snapshot._HubIslands[].Definition.IEntityDefinition.CustomData.All[].PlacementRequirements	4	1
definition_snapshot._HubIslands[].Definition.IEntityDefinition.CustomData.All[]._PlacementRequirements	4	1
simulation_parameters.ShapeRegistry.ShapeDefinitionCache.#1.Layers	4	1
simulation_parameters.ShapeRegistry.ShapeDefinitionCache.#10.Layers	4	1
simulation_parameters.ShapeRegistry.ShapeDefinitionCache.#115.Layers	4	1
simulation_parameters.ShapeRegistry.ShapeDefinitionCache.#116.Layers	4	1
simulation_parameters.ShapeRegistry.ShapeDefinitionCache.#117.Layers	4	1
simulation_parameters.ShapeRegistry.ShapeDefinitionCache.#118.Layers	4	1
simulation_parameters.ShapeRegistry.ShapeDefinitionCache.#124.Layers	4	1
simulation_parameters.ShapeRegistry.ShapeDefinitionCache.#125.Layers	4	1
simulation_parameters.ShapeRegistry.ShapeDefinitionCache.#126.Layers	4	1
simulation_parameters.ShapeRegistry.ShapeDefinitionCache.#127.Layers	4	1
simulation_parameters.ShapeRegistry.ShapeDefinitionCache.#13.Layers	4	1
simulation_parameters.ShapeRegistry.ShapeDefinitionCache.#14.Layers	4	1
simulation_parameters.ShapeRegistry.ShapeDefinitionCache.#15.Layers	4	1
simulation_parameters.ShapeRegistry.ShapeDefinitionCache.#16.Layers	4	1
simulation_parameters.ShapeRegistry.ShapeDefinitionCache.#2.Layers	4	1
simulation_parameters.ShapeRegistry.ShapeDefinitionCache.#23.Layers	4	1
simulation_parameters.ShapeRegistry.ShapeDefinitionCache.#24.Layers	4	1
simulation_parameters.ShapeRegistry.ShapeDefinitionCache.#25.Layers	4	1
simulation_parameters.ShapeRegistry.ShapeDefinitionCache.#26.Layers	4	1
simulation_parameters.ShapeRegistry.ShapeDefinitionCache.#27.Layers	4	1
simulation_parameters.ShapeRegistry.ShapeDefinitionCache.#28.Layers	4	1
simulation_parameters.ShapeRegistry.ShapeDefinitionCache.#29.Layers	4	1
simulation_parameters.ShapeRegistry.ShapeDefinitionCache.#30.Layers	4	1
simulation_parameters.ShapeRegistry.ShapeDefinitionCache.#39.Layers	4	1
simulation_parameters.ShapeRegistry.ShapeDefinitionCache.#54.Layers	4	1
simulation_parameters.ShapeRegistry.ShapeDefinitionCache.#55.Layers	4	1
simulation_parameters.ShapeRegistry.ShapeDefinitionCache.#56.Layers	4	1
simulation_parameters.ShapeRegistry.ShapeDefinitionCache.#57.Layers	4	1
simulation_parameters.ShapeRegistry.ShapeDefinitionCache.#58.Layers	4	1
simulation_parameters.ShapeRegistry.ShapeDefinitionCache.#59.Layers	4	1
simulation_parameters.ShapeRegistry.ShapeDefinitionCache.#60.Layers	4	1
simulation_parameters.ShapeRegistry.ShapeDefinitionCache.#61.Layers	4	1
simulation_parameters.ShapeRegistry.ShapeDefinitionCache.#62.Layers	4	1
simulation_parameters.ShapeRegistry.ShapeDefinitionCache.#63.Layers	4	1
simulation_parameters.ShapeRegistry.ShapeDefinitionCache.#64.Layers	4	1
simulation_parameters.ShapeRegistry.ShapeDefinitionCache.#65.Layers	4	1
simulation_parameters.ShapeRegistry.ShapeDefinitionCache.#82.Layers	4	1
simulation_parameters.ShapeRegistry.ShapeDefinitionCache.#83.Layers	4	1
simulation_parameters.ShapeRegistry.ShapeDefinitionCache.#84.Layers	4	1
simulation_parameters.ShapeRegistry.ShapeDefinitionCache.#85.Layers	4	1
simulation_parameters.ShapeRegistry.ShapeDefinitionCache.#9.Layers	4	1
simulation_parameters.ShapeRegistry.ShapeItemCache.#1000.Definition.Layers	4	1
simulation_parameters.ShapeRegistry.ShapeItemCache.#1010.Definition.Layers	4	1
simulation_parameters.ShapeRegistry.ShapeItemCache.#1011.Definition.Layers	4	1
simulation_parameters.ShapeRegistry.ShapeItemCache.#1012.Definition.Layers	4	1
simulation_parameters.ShapeRegistry.ShapeItemCache.#1013.Definition.Layers	4	1
simulation_parameters.ShapeRegistry.ShapeItemCache.#1015.Definition.Layers	4	1
simulation_parameters.ShapeRegistry.ShapeItemCache.#1018.Definition.Layers	4	1
simulation_parameters.ShapeRegistry.ShapeItemCache.#1022.Definition.Layers	4	1
simulation_parameters.ShapeRegistry.ShapeItemCache.#1024.Definition.Layers	4	1
simulation_parameters.ShapeRegistry.ShapeItemCache.#1026.Definition.Layers	4	1
simulation_parameters.ShapeRegistry.ShapeItemCache.#1028.Definition.Layers	4	1
simulation_parameters.ShapeRegistry.ShapeItemCache.#1312.Definition.Layers	4	1
simulation_parameters.ShapeRegistry.ShapeItemCache.#1313.Definition.Layers	4	1
simulation_parameters.ShapeRegistry.ShapeItemCache.#1314.Definition.Layers	4	1
simulation_parameters.ShapeRegistry.ShapeItemCache.#1315.Definition.Layers	4	1
simulation_parameters.ShapeRegistry.ShapeItemCache.#1316.Definition.Layers	4	1
simulation_parameters.ShapeRegistry.ShapeItemCache.#1317.Definition.Layers	4	1
simulation_parameters.ShapeRegistry.ShapeItemCache.#1318.Definition.Layers	4	1
simulation_parameters.ShapeRegistry.ShapeItemCache.#1319.Definition.Layers	4	1
simulation_parameters.ShapeRegistry.ShapeItemCache.#1320.Definition.Layers	4	1
simulation_parameters.ShapeRegistry.ShapeItemCache.#1321.Definition.Layers	4	1
simulation_parameters.ShapeRegistry.ShapeItemCache.#1322.Definition.Layers	4	1
simulation_parameters.ShapeRegistry.ShapeItemCache.#1323.Definition.Layers	4	1
simulation_parameters.ShapeRegistry.ShapeItemCache.#1324.Definition.Layers	4	1
simulation_parameters.ShapeRegistry.ShapeItemCache.#1325.Definition.Layers	4	1
simulation_parameters.ShapeRegistry.ShapeItemCache.#1326.Definition.Layers	4	1
simulation_parameters.ShapeRegistry.ShapeItemCache.#1327.Definition.Layers	4	1
simulation_parameters.ShapeRegistry.ShapeItemCache.#1330.Definition.Layers	4	1
simulation_parameters.ShapeRegistry.ShapeItemCache.#946.Definition.Layers	4	1
simulation_parameters.TrainsSimulation.TrainSimulationCoordinators[].LoopDefinitionIds	4	1
definition_snapshot.CargoExchanger.ShapeCargoLoaderUnloader.LoaderFactory.ShapeRegistry.ShapeDefinitionCache.#1.Layers	2	1
definition_snapshot.CargoExchanger.ShapeCargoLoaderUnloader.LoaderFactory.ShapeRegistry.ShapeDefinitionCache.#10.Layers	2	1
definition_snapshot.CargoExchanger.ShapeCargoLoaderUnloader.LoaderFactory.ShapeRegistry.ShapeDefinitionCache.#115.Layers	2	1
definition_snapshot.CargoExchanger.ShapeCargoLoaderUnloader.LoaderFactory.ShapeRegistry.ShapeDefinitionCache.#116.Layers	2	1
definition_snapshot.CargoExchanger.ShapeCargoLoaderUnloader.LoaderFactory.ShapeRegistry.ShapeDefinitionCache.#117.Layers	2	1
definition_snapshot.CargoExchanger.ShapeCargoLoaderUnloader.LoaderFactory.ShapeRegistry.ShapeDefinitionCache.#118.Layers	2	1
definition_snapshot.CargoExchanger.ShapeCargoLoaderUnloader.LoaderFactory.ShapeRegistry.ShapeDefinitionCache.#124.Layers	2	1
definition_snapshot.CargoExchanger.ShapeCargoLoaderUnloader.LoaderFactory.ShapeRegistry.ShapeDefinitionCache.#125.Layers	2	1
definition_snapshot.CargoExchanger.ShapeCargoLoaderUnloader.LoaderFactory.ShapeRegistry.ShapeDefinitionCache.#126.Layers	2	1
definition_snapshot.CargoExchanger.ShapeCargoLoaderUnloader.LoaderFactory.ShapeRegistry.ShapeDefinitionCache.#127.Layers	2	1
definition_snapshot.CargoExchanger.ShapeCargoLoaderUnloader.LoaderFactory.ShapeRegistry.ShapeDefinitionCache.#13.Layers	2	1
definition_snapshot.CargoExchanger.ShapeCargoLoaderUnloader.LoaderFactory.ShapeRegistry.ShapeDefinitionCache.#14.Layers	2	1
definition_snapshot.CargoExchanger.ShapeCargoLoaderUnloader.LoaderFactory.ShapeRegistry.ShapeDefinitionCache.#15.Layers	2	1
definition_snapshot.CargoExchanger.ShapeCargoLoaderUnloader.LoaderFactory.ShapeRegistry.ShapeDefinitionCache.#16.Layers	2	1
definition_snapshot.CargoExchanger.ShapeCargoLoaderUnloader.LoaderFactory.ShapeRegistry.ShapeDefinitionCache.#2.Layers	2	1
definition_snapshot.CargoExchanger.ShapeCargoLoaderUnloader.LoaderFactory.ShapeRegistry.ShapeDefinitionCache.#23.Layers	2	1
definition_snapshot.CargoExchanger.ShapeCargoLoaderUnloader.LoaderFactory.ShapeRegistry.ShapeDefinitionCache.#24.Layers	2	1
definition_snapshot.CargoExchanger.ShapeCargoLoaderUnloader.LoaderFactory.ShapeRegistry.ShapeDefinitionCache.#25.Layers	2	1
definition_snapshot.CargoExchanger.ShapeCargoLoaderUnloader.LoaderFactory.ShapeRegistry.ShapeDefinitionCache.#26.Layers	2	1
definition_snapshot.CargoExchanger.ShapeCargoLoaderUnloader.LoaderFactory.ShapeRegistry.ShapeDefinitionCache.#27.Layers	2	1
definition_snapshot.CargoExchanger.ShapeCargoLoaderUnloader.LoaderFactory.ShapeRegistry.ShapeDefinitionCache.#28.Layers	2	1
definition_snapshot.CargoExchanger.ShapeCargoLoaderUnloader.LoaderFactory.ShapeRegistry.ShapeDefinitionCache.#29.Layers	2	1
definition_snapshot.CargoExchanger.ShapeCargoLoaderUnloader.LoaderFactory.ShapeRegistry.ShapeDefinitionCache.#30.Layers	2	1
definition_snapshot.CargoExchanger.ShapeCargoLoaderUnloader.LoaderFactory.ShapeRegistry.ShapeDefinitionCache.#39.Layers	2	1
definition_snapshot.CargoExchanger.ShapeCargoLoaderUnloader.LoaderFactory.ShapeRegistry.ShapeDefinitionCache.#54.Layers	2	1
definition_snapshot.CargoExchanger.ShapeCargoLoaderUnloader.LoaderFactory.ShapeRegistry.ShapeDefinitionCache.#55.Layers	2	1
definition_snapshot.CargoExchanger.ShapeCargoLoaderUnloader.LoaderFactory.ShapeRegistry.ShapeDefinitionCache.#56.Layers	2	1
definition_snapshot.CargoExchanger.ShapeCargoLoaderUnloader.LoaderFactory.ShapeRegistry.ShapeDefinitionCache.#57.Layers	2	1
definition_snapshot.CargoExchanger.ShapeCargoLoaderUnloader.LoaderFactory.ShapeRegistry.ShapeDefinitionCache.#58.Layers	2	1
definition_snapshot.CargoExchanger.ShapeCargoLoaderUnloader.LoaderFactory.ShapeRegistry.ShapeDefinitionCache.#59.Layers	2	1
definition_snapshot.CargoExchanger.ShapeCargoLoaderUnloader.LoaderFactory.ShapeRegistry.ShapeDefinitionCache.#60.Layers	2	1
definition_snapshot.CargoExchanger.ShapeCargoLoaderUnloader.LoaderFactory.ShapeRegistry.ShapeDefinitionCache.#61.Layers	2	1
definition_snapshot.CargoExchanger.ShapeCargoLoaderUnloader.LoaderFactory.ShapeRegistry.ShapeDefinitionCache.#62.Layers	2	1
definition_snapshot.CargoExchanger.ShapeCargoLoaderUnloader.LoaderFactory.ShapeRegistry.ShapeDefinitionCache.#63.Layers	2	1
definition_snapshot.CargoExchanger.ShapeCargoLoaderUnloader.LoaderFactory.ShapeRegistry.ShapeDefinitionCache.#64.Layers	2	1
definition_snapshot.CargoExchanger.ShapeCargoLoaderUnloader.LoaderFactory.ShapeRegistry.ShapeDefinitionCache.#65.Layers	2	1
definition_snapshot.CargoExchanger.ShapeCargoLoaderUnloader.LoaderFactory.ShapeRegistry.ShapeDefinitionCache.#82.Layers	2	1
definition_snapshot.CargoExchanger.ShapeCargoLoaderUnloader.LoaderFactory.ShapeRegistry.ShapeDefinitionCache.#83.Layers	2	1
definition_snapshot.CargoExchanger.ShapeCargoLoaderUnloader.LoaderFactory.ShapeRegistry.ShapeDefinitionCache.#84.Layers	2	1
definition_snapshot.CargoExchanger.ShapeCargoLoaderUnloader.LoaderFactory.ShapeRegistry.ShapeDefinitionCache.#85.Layers	2	1
definition_snapshot.CargoExchanger.ShapeCargoLoaderUnloader.LoaderFactory.ShapeRegistry.ShapeDefinitionCache.#9.Layers	2	1
definition_snapshot.Config.ResourceItem.Definition.Layers	2	1
definition_snapshot.ConnectableSimulations[].Building.Definition.ConnectorData.<Tiles>k__BackingField	2	1
definition_snapshot.ConnectableSimulations[].Building.Definition.ConnectorData.Tiles	2	1
definition_snapshot.ConnectableSimulations[].Buildings[].Definition.ConnectorData.<Tiles>k__BackingField	2	1
definition_snapshot.ConnectableSimulations[].Buildings[].Definition.ConnectorData.Tiles	2	1
definition_snapshot.ConnectableSimulations[].Simulation.DemandComparison.Method.ReflectedTypeInternal.DeclaredConstructors	2	1
definition_snapshot.ConnectableSimulations[].Simulation.Providers	2	1
definition_snapshot.ConnectableSimulations[].Simulation._PrimaryProviders	2	1
definition_snapshot.IShapeCollectorSystem.OnShapesCollected.Listeners[].Method.ReflectedTypeInternal.BaseType.DeclaredConstructors	2	1
definition_snapshot.ISpecializedBuildingTenantSimulationSystem.SpecializedBuildings	2	1
definition_snapshot.IslandDefinitionIds	2	1
definition_snapshot.OnBeforeSimulationDestroyed.Listeners	2	1
definition_snapshot.OnSimulationCreated.Listeners	2	1
definition_snapshot.OnSimulationCreated.Listeners[].Method.Module.Assembly.Modules	2	1
definition_snapshot.OnSimulationCreated.Listeners[].Method.ReflectedTypeInternal.BaseType.DeclaredConstructors	2	1
definition_snapshot.OnSimulationCreated.Listeners[].Method.ReflectedTypeInternal.DeclaredConstructors	2	1
definition_snapshot.OnSimulationCreated.Listeners[].Target.BunchEditSystems	2	1
definition_snapshot.OnSimulationCreated.Listeners[].Target.ISimulator.OnBeforeSimulationDestroyed.Listeners	2	1
definition_snapshot.OnSimulationCreated.Listeners[].Target.ISimulator.OnSimulationCreated.Listeners	2	1
definition_snapshot.OnSimulationCreated.Listeners[].Target.SimulationGraph.ClusterPool.PooledInstances	2	1
definition_snapshot.OnSimulationCreated.Listeners[].Target.SimulationGraph.ClustersByChunk.GlobalChunkCoordinate(-323, 41, 0)	2	1
definition_snapshot.OnSimulationCreated.Listeners[].Target.SimulationGraph.ClustersByChunk.GlobalChunkCoordinate(-323, 42, 0)	2	1
definition_snapshot.OnSimulationCreated.Listeners[].Target.SimulationGraph.ClustersByChunk.GlobalChunkCoordinate(-324, 41, 0)	2	1
definition_snapshot.OnSimulationCreated.Listeners[].Target.SimulationGraph.ClustersByChunk.GlobalChunkCoordinate(-324, 42, 0)	2	1
definition_snapshot.OnSimulationCreated.Listeners[].Target.SimulationGraph.ClustersByChunk.GlobalChunkCoordinate(-325, 41, 0)	2	1
definition_snapshot.OnSimulationCreated.Listeners[].Target.SimulationGraph.ClustersByChunk.GlobalChunkCoordinate(-325, 42, 0)	2	1
definition_snapshot.OnSimulationCreated.Listeners[].Target.SimulationGraph.ClustersByChunk.GlobalChunkCoordinate(-373, 2, 0)	2	1
definition_snapshot.OnSimulationCreated.Listeners[].Target.SimulationGraph.ClustersByChunk.GlobalChunkCoordinate(-373, 3, 0)	2	1
definition_snapshot.OnSimulationCreated.Listeners[].Target.SimulationGraph.ClustersByChunk.GlobalChunkCoordinate(-376, 7, 0)	2	1
definition_snapshot.OnSimulationCreated.Listeners[].Target.SimulationGraph.ClustersByChunk.GlobalChunkCoordinate(-379, -2, 0)	2	1
definition_snapshot.OnSimulationCreated.Listeners[].Target.SimulationGraph.ClustersByChunk.GlobalChunkCoordinate(-379, -3, 0)	2	1
definition_snapshot.OnSimulationCreated.Listeners[].Target.SimulationGraph.ClustersByChunk.GlobalChunkCoordinate(-379, 0, 0)	2	1
definition_snapshot.OnSimulationCreated.Listeners[].Target.SimulationGraph.ClustersByChunk.GlobalChunkCoordinate(-379, 1, 0)	2	1
definition_snapshot.OnSimulationCreated.Listeners[].Target.SimulationGraph.ClustersByChunk.GlobalChunkCoordinate(-382, -2, 0)	2	1
definition_snapshot.OnSimulationCreated.Listeners[].Target.SimulationGraph.ClustersByChunk.GlobalChunkCoordinate(-382, -3, 0)	2	1
definition_snapshot.OnSimulationCreated.Listeners[].Target.SimulationGraph.ClustersByChunk.GlobalChunkCoordinate(-382, 1, 0)	2	1
definition_snapshot.OnSimulationCreated.Listeners[].Target.SimulationGraph.ClustersByChunk.GlobalChunkCoordinate(-382, 2, 0)	2	1
definition_snapshot.OnSimulationCreated.Listeners[].Target.SimulationGraph.ClustersByChunk.GlobalChunkCoordinate(-382, 4, 0)	2	1
definition_snapshot.OnSimulationCreated.Listeners[].Target.SimulationGraph.ClustersByChunk.GlobalChunkCoordinate(-382, 5, 0)	2	1
definition_snapshot.OnSimulationCreated.Listeners[].Target.SimulationGraph.ClustersByChunk.GlobalChunkCoordinate(-385, 0, 0)	2	1
definition_snapshot.OnSimulationCreated.Listeners[].Target.SimulationGraph.ClustersByChunk.GlobalChunkCoordinate(-385, 1, 0)	2	1
definition_snapshot.OnSimulationCreated.Listeners[].Target.SimulationGraph.ClustersByChunk.GlobalChunkCoordinate(-386, -2, 0)	2	1
definition_snapshot.OnSimulationCreated.Listeners[].Target.SimulationGraph.ClustersByChunk.GlobalChunkCoordinate(-386, -3, 0)	2	1
definition_snapshot.OnSimulationCreated.Listeners[].Target.SimulationGraph.ClustersByChunk.GlobalChunkCoordinate(-386, 10, 0)	2	1
definition_snapshot.OnSimulationCreated.Listeners[].Target.SimulationGraph.ClustersByChunk.GlobalChunkCoordinate(-386, 13, 0)	2	1
definition_snapshot.OnSimulationCreated.Listeners[].Target.SimulationGraph.ClustersByChunk.GlobalChunkCoordinate(-386, 14, 0)	2	1
definition_snapshot.OnSimulationCreated.Listeners[].Target.SimulationGraph.ClustersByChunk.GlobalChunkCoordinate(-386, 3, 0)	2	1
definition_snapshot.OnSimulationCreated.Listeners[].Target.SimulationGraph.ClustersByChunk.GlobalChunkCoordinate(-386, 4, 0)	2	1
definition_snapshot.OnSimulationCreated.Listeners[].Target.SimulationGraph.ClustersByChunk.GlobalChunkCoordinate(-386, 6, 0)	2	1
definition_snapshot.OnSimulationCreated.Listeners[].Target.SimulationGraph.ClustersByChunk.GlobalChunkCoordinate(-386, 7, 0)	2	1
definition_snapshot.OnSimulationCreated.Listeners[].Target.SimulationGraph.ClustersByChunk.GlobalChunkCoordinate(-386, 9, 0)	2	1
definition_snapshot.OnSimulationCreated.Listeners[].Target.SimulationGraph.ClustersByChunk.GlobalChunkCoordinate(-389, -1, 0)	2	1
definition_snapshot.OnSimulationCreated.Listeners[].Target.SimulationGraph.ClustersByChunk.GlobalChunkCoordinate(-389, -2, 0)	2	1
definition_snapshot.OnSimulationCreated.Listeners[].Target.SimulationGraph.ClustersByChunk.GlobalChunkCoordinate(-389, 13, 0)	2	1
definition_snapshot.OnSimulationCreated.Listeners[].Target.SimulationGraph.ClustersByChunk.GlobalChunkCoordinate(-389, 14, 0)	2	1
definition_snapshot.OnSimulationCreated.Listeners[].Target.SimulationGraph.ClustersByChunk.GlobalChunkCoordinate(-389, 3, 0)	2	1
definition_snapshot.OnSimulationCreated.Listeners[].Target.SimulationGraph.ClustersByChunk.GlobalChunkCoordinate(-389, 4, 0)	2	1
definition_snapshot.OnSimulationCreated.Listeners[].Target.SimulationGraph.ClustersByChunk.GlobalChunkCoordinate(-389, 8, 0)	2	1
definition_snapshot.OnSimulationCreated.Listeners[].Target.SimulationGraph.ClustersByChunk.GlobalChunkCoordinate(-389, 9, 0)	2	1
definition_snapshot.OnSimulationCreated.Listeners[].Target.SimulationGraph.ClustersByChunk.GlobalChunkCoordinate(173, 144, 0)	2	1
definition_snapshot.OnSimulationCreated.Listeners[].Target.SimulationGraph.ClustersByChunk.GlobalChunkCoordinate(173, 145, 0)	2	1
definition_snapshot.OnSimulationCreated.Listeners[].Target.SimulationGraph.ClustersByChunk.GlobalChunkCoordinate(173, 146, 0)	2	1
definition_snapshot.OnSimulationCreated.Listeners[].Target.SimulationGraph.ClustersByChunk.GlobalChunkCoordinate(174, 140, 0)	2	1
definition_snapshot.OnSimulationCreated.Listeners[].Target.SimulationGraph.ClustersByChunk.GlobalChunkCoordinate(174, 141, 0)	2	1
definition_snapshot.OnSimulationCreated.Listeners[].Target.SimulationGraph.ClustersByChunk.GlobalChunkCoordinate(174, 142, 0)	2	1
definition_snapshot.OnSimulationCreated.Listeners[].Target.SimulationGraph.ClustersByChunk.GlobalChunkCoordinate(174, 143, 0)	2	1
definition_snapshot.OnSimulationCreated.Listeners[].Target.SimulationGraph.ClustersByChunk.GlobalChunkCoordinate(174, 144, 0)	2	1
definition_snapshot.OnSimulationCreated.Listeners[].Target.SimulationGraph.ClustersByChunk.GlobalChunkCoordinate(174, 145, 0)	2	1
definition_snapshot.OnSimulationCreated.Listeners[].Target.SimulationGraph.ClustersByChunk.GlobalChunkCoordinate(174, 146, 0)	2	1
definition_snapshot.OnSimulationCreated.Listeners[].Target.SimulationGraph.ClustersByChunk.GlobalChunkCoordinate(174, 151, 0)	2	1
definition_snapshot.OnSimulationCreated.Listeners[].Target.SimulationGraph.ClustersByChunk.GlobalChunkCoordinate(175, 140, 0)	2	1
definition_snapshot.OnSimulationCreated.Listeners[].Target.SimulationGraph.ClustersByChunk.GlobalChunkCoordinate(175, 141, 0)	2	1
definition_snapshot.OnSimulationCreated.Listeners[].Target.SimulationGraph.ClustersByChunk.GlobalChunkCoordinate(175, 142, 0)	2	1
definition_snapshot.OnSimulationCreated.Listeners[].Target.SimulationGraph.ClustersByChunk.GlobalChunkCoordinate(175, 143, 0)	2	1
definition_snapshot.OnSimulationCreated.Listeners[].Target.SimulationGraph.ClustersByChunk.GlobalChunkCoordinate(175, 144, 0)	2	1
definition_snapshot.OnSimulationCreated.Listeners[].Target.SimulationGraph.ClustersByChunk.GlobalChunkCoordinate(175, 145, 0)	2	1
definition_snapshot.OnSimulationCreated.Listeners[].Target.SimulationGraph.ClustersByChunk.GlobalChunkCoordinate(175, 146, 0)	2	1
definition_snapshot.OnSimulationCreated.Listeners[].Target.SimulationGraph.ClustersByChunk.GlobalChunkCoordinate(175, 147, 1)	2	1
definition_snapshot.OnSimulationCreated.Listeners[].Target.SimulationGraph.ClustersByChunk.GlobalChunkCoordinate(175, 149, 0)	2	1
definition_snapshot.OnSimulationCreated.Listeners[].Target.SimulationGraph.ClustersByChunk.GlobalChunkCoordinate(175, 150, 0)	2	1
definition_snapshot.OnSimulationCreated.Listeners[].Target.SimulationGraph.ClustersByChunk.GlobalChunkCoordinate(175, 151, 0)	2	1
definition_snapshot.OnSimulationCreated.Listeners[].Target.SimulationGraph.ClustersByChunk.GlobalChunkCoordinate(175, 152, 0)	2	1
definition_snapshot.OnSimulationCreated.Listeners[].Target.SimulationGraph.ClustersByChunk.GlobalChunkCoordinate(175, 153, 0)	2	1
definition_snapshot.OnSimulationCreated.Listeners[].Target.SimulationGraph.ClustersByChunk.GlobalChunkCoordinate(176, 145, 0)	2	1
definition_snapshot.OnSimulationCreated.Listeners[].Target.SimulationGraph.ClustersByChunk.GlobalChunkCoordinate(176, 147, 0)	2	1
definition_snapshot.OnSimulationCreated.Listeners[].Target.SimulationGraph.ClustersByChunk.GlobalChunkCoordinate(176, 147, 1)	2	1
definition_snapshot.OnSimulationCreated.Listeners[].Target.SimulationGraph.ClustersByChunk.GlobalChunkCoordinate(176, 150, 0)	2	1
definition_snapshot.OnSimulationCreated.Listeners[].Target.SimulationGraph.ClustersByChunk.GlobalChunkCoordinate(407, -1, 0)	2	1
definition_snapshot.OnSimulationCreated.Listeners[].Target.SimulationGraph.ClustersByChunk.GlobalChunkCoordinate(407, -2, 0)	2	1
definition_snapshot.OnSimulationCreated.Listeners[].Target.SimulationGraph.ClustersByChunk.GlobalChunkCoordinate(407, -3, 0)	2	1
definition_snapshot.OnSimulationCreated.Listeners[].Target.SimulationGraph.ClustersByChunk.GlobalChunkCoordinate(407, -4, 0)	2	1
definition_snapshot.OnSimulationCreated.Listeners[].Target.SimulationGraph.ClustersByChunk.GlobalChunkCoordinate(407, -5, 0)	2	1
definition_snapshot.OnSimulationCreated.Listeners[].Target.SimulationGraph.ClustersByChunk.GlobalChunkCoordinate(407, -6, 0)	2	1
definition_snapshot.OnSimulationCreated.Listeners[].Target.SimulationGraph.ClustersByChunk.GlobalChunkCoordinate(407, -7, 0)	2	1
definition_snapshot.OnSimulationCreated.Listeners[].Target.SimulationGraph.ClustersByChunk.GlobalChunkCoordinate(407, -8, 0)	2	1
definition_snapshot.OnSimulationCreated.Listeners[].Target.SimulationGraph.ClustersByChunk.GlobalChunkCoordinate(407, 0, 0)	2	1
definition_snapshot.OnSimulationCreated.Listeners[].Target.SimulationGraph.ClustersByChunk.GlobalChunkCoordinate(407, 1, 0)	2	1
definition_snapshot.OnSimulationCreated.Listeners[].Target.SimulationGraph.ClustersByChunk.GlobalChunkCoordinate(407, 3, 0)	2	1
definition_snapshot.OnSimulationCreated.Listeners[].Target.SimulationGraph.ClustersByChunk.GlobalChunkCoordinate(408, -1, 0)	2	1
definition_snapshot.OnSimulationCreated.Listeners[].Target.SimulationGraph.ClustersByChunk.GlobalChunkCoordinate(408, -2, 0)	2	1
definition_snapshot.OnSimulationCreated.Listeners[].Target.SimulationGraph.ClustersByChunk.GlobalChunkCoordinate(408, -3, 0)	2	1
definition_snapshot.OnSimulationCreated.Listeners[].Target.SimulationGraph.ClustersByChunk.GlobalChunkCoordinate(408, -4, 0)	2	1
definition_snapshot.OnSimulationCreated.Listeners[].Target.SimulationGraph.ClustersByChunk.GlobalChunkCoordinate(408, -5, 0)	2	1
definition_snapshot.OnSimulationCreated.Listeners[].Target.SimulationGraph.ClustersByChunk.GlobalChunkCoordinate(408, -6, 0)	2	1
definition_snapshot.OnSimulationCreated.Listeners[].Target.SimulationGraph.ClustersByChunk.GlobalChunkCoordinate(408, -7, 0)	2	1
definition_snapshot.OnSimulationCreated.Listeners[].Target.SimulationGraph.ClustersByChunk.GlobalChunkCoordinate(408, -8, 0)	2	1
definition_snapshot.OnSimulationCreated.Listeners[].Target.SimulationGraph.ClustersByChunk.GlobalChunkCoordinate(408, 0, 0)	2	1
definition_snapshot.OnSimulationCreated.Listeners[].Target.SimulationGraph.ClustersByChunk.GlobalChunkCoordinate(408, 1, 0)	2	1
definition_snapshot.OnSimulationCreated.Listeners[].Target.SimulationGraph.ClustersByChunk.GlobalChunkCoordinate(408, 2, 0)	2	1
definition_snapshot.OnSimulationCreated.Listeners[].Target.SimulationGraph.ClustersByChunk.GlobalChunkCoordinate(408, 3, 0)	2	1
definition_snapshot.OnSimulationCreated.Listeners[].Target.SimulationGraph.ClustersByChunk.GlobalChunkCoordinate(409, -1, 0)	2	1
definition_snapshot.OnSimulationCreated.Listeners[].Target.SimulationGraph.ClustersByChunk.GlobalChunkCoordinate(409, -2, 0)	2	1
definition_snapshot.OnSimulationCreated.Listeners[].Target.SimulationGraph.ClustersByChunk.GlobalChunkCoordinate(409, -3, 0)	2	1
definition_snapshot.OnSimulationCreated.Listeners[].Target.SimulationGraph.ClustersByChunk.GlobalChunkCoordinate(409, -4, 0)	2	1
definition_snapshot.OnSimulationCreated.Listeners[].Target.SimulationGraph.ClustersByChunk.GlobalChunkCoordinate(409, -5, 0)	2	1
definition_snapshot.OnSimulationCreated.Listeners[].Target.SimulationGraph.ClustersByChunk.GlobalChunkCoordinate(409, -6, 0)	2	1
definition_snapshot.OnSimulationCreated.Listeners[].Target.SimulationGraph.ClustersByChunk.GlobalChunkCoordinate(409, -7, 0)	2	1
definition_snapshot.OnSimulationCreated.Listeners[].Target.SimulationGraph.ClustersByChunk.GlobalChunkCoordinate(409, -8, 0)	2	1
definition_snapshot.OnSimulationCreated.Listeners[].Target.SimulationGraph.ClustersByChunk.GlobalChunkCoordinate(409, 0, 0)	2	1
definition_snapshot.OnSimulationCreated.Listeners[].Target.SimulationGraph.ClustersByChunk.GlobalChunkCoordinate(409, 1, 0)	2	1
definition_snapshot.OnSimulationCreated.Listeners[].Target.SimulationGraph.ClustersByChunk.GlobalChunkCoordinate(409, 3, 0)	2	1
definition_snapshot.OnSimulationCreated.Listeners[].Target.SimulationGraph.ClustersByChunk.GlobalChunkCoordinate(410, -3, 0)	2	1
definition_snapshot.OnSimulationCreated.Listeners[].Target.SimulationGraph.ClustersByChunk.GlobalChunkCoordinate(410, -6, 0)	2	1
definition_snapshot.OnSimulationCreated.Listeners[].Target.SimulationGraph.ClustersByChunk.GlobalChunkCoordinate(410, -7, 0)	2	1
definition_snapshot.OnSimulationCreated.Listeners[].Target.SimulationGraph.ClustersByChunk.GlobalChunkCoordinate(411, -1, 0)	2	1
definition_snapshot.OnSimulationCreated.Listeners[].Target.SimulationGraph.ClustersByChunk.GlobalChunkCoordinate(411, -1, 1)	2	1
definition_snapshot.OnSimulationCreated.Listeners[].Target.SimulationGraph.ClustersByChunk.GlobalChunkCoordinate(411, 0, 0)	2	1
definition_snapshot.OnSimulationCreated.Listeners[].Target.SimulationGraph.ClustersByChunk.GlobalChunkCoordinate(411, 0, 1)	2	1
definition_snapshot.OnSimulationCreated.Listeners[].Target.SimulationGraph.ClustersByChunk.GlobalChunkCoordinate(411, 1, 0)	2	1
definition_snapshot.OnSimulationCreated.Listeners[].Target.SimulationGraph.ClustersByChunk.GlobalChunkCoordinate(411, 1, 1)	2	1
definition_snapshot.OnSimulationCreated.Listeners[].Target.SimulationGraph.ClustersByChunk.GlobalChunkCoordinate(411, 2, 0)	2	1
definition_snapshot.OnSimulationCreated.Listeners[].Target.SimulationGraph.ClustersByChunk.GlobalChunkCoordinate(411, 2, 1)	2	1
definition_snapshot.OnSimulationCreated.Listeners[].Target.SimulationGraph.ClustersByChunk.GlobalChunkCoordinate(412, 1, 0)	2	1
definition_snapshot.OnSimulationCreated.Listeners[].Target.SimulationGraph.ClustersByChunk.GlobalChunkCoordinate(412, 1, 1)	2	1
definition_snapshot.OnSimulationCreated.Listeners[].Target.SimulationGraph.ClustersByChunk.GlobalChunkCoordinate(412, 2, 0)	2	1
definition_snapshot.OnSimulationCreated.Listeners[].Target.SimulationGraph.ClustersByChunk.GlobalChunkCoordinate(412, 2, 1)	2	1
definition_snapshot.OnSimulationCreated.Listeners[].Target.SimulationGraph.FreeConnectorsBySocket.MultiDictionary.Game.Core.Map.Simulation.SimulationConnectorSocket	2	1
definition_snapshot.OnSimulationCreated.Listeners[].Target.SpecializedBuildingTenantSystemsByType.BeltDefaultForwardInternalVariant	2	1
definition_snapshot.OnSimulationCreated.Listeners[].Target.SpecializedBuildingTenantSystemsByType.BeltDefaultLeftInternalVariant	2	1
definition_snapshot.OnSimulationCreated.Listeners[].Target.SpecializedBuildingTenantSystemsByType.BeltDefaultLeftInternalVariantMirrored	2	1
definition_snapshot.OnSimulationCreated.Listeners[].Target.SpecializedBuildingTenantSystemsByType.BeltFilterDefaultInternalVariant	2	1
definition_snapshot.OnSimulationCreated.Listeners[].Target.SpecializedBuildingTenantSystemsByType.BeltFilterDefaultInternalVariantMirrored	2	1
definition_snapshot.OnSimulationCreated.Listeners[].Target.SpecializedBuildingTenantSystemsByType.BeltReaderDefaultInternalVariant	2	1
definition_snapshot.OnSimulationCreated.Listeners[].Target.SpecializedBuildingTenantSystemsByType.BeltReaderDefaultInternalVariantMirrored	2	1
definition_snapshot.OnSimulationCreated.Listeners[].Target.SpecializedBuildingTenantSystemsByType.ButtonDefaultInternalVariant	2	1
definition_snapshot.OnSimulationCreated.Listeners[].Target.SpecializedBuildingTenantSystemsByType.ConstantSignalDefaultInternalVariant	2	1
definition_snapshot.OnSimulationCreated.Listeners[].Target.SpecializedBuildingTenantSystemsByType.ControlledSignalReceiverInternalVariant	2	1
definition_snapshot.OnSimulationCreated.Listeners[].Target.SpecializedBuildingTenantSystemsByType.ControlledSignalReceiverInternalVariantMirrored	2	1
definition_snapshot.OnSimulationCreated.Listeners[].Target.SpecializedBuildingTenantSystemsByType.ControlledSignalTransmitterInternalVariant	2	1
definition_snapshot.OnSimulationCreated.Listeners[].Target.SpecializedBuildingTenantSystemsByType.ControlledSignalTransmitterInternalVariantMirrored	2	1
definition_snapshot.OnSimulationCreated.Listeners[].Target.SpecializedBuildingTenantSystemsByType.CrystalGeneratorDefaultInternalVariant	2	1
definition_snapshot.OnSimulationCreated.Listeners[].Target.SpecializedBuildingTenantSystemsByType.CrystalGeneratorDefaultInternalVariantMirrored	2	1
definition_snapshot.OnSimulationCreated.Listeners[].Target.SpecializedBuildingTenantSystemsByType.CutterDefaultInternalVariant	2	1
definition_snapshot.OnSimulationCreated.Listeners[].Target.SpecializedBuildingTenantSystemsByType.CutterDefaultInternalVariantMirrored	2	1
definition_snapshot.OnSimulationCreated.Listeners[].Target.SpecializedBuildingTenantSystemsByType.CutterHalfInternalVariant	2	1
definition_snapshot.OnSimulationCreated.Listeners[].Target.SpecializedBuildingTenantSystemsByType.Display2x2InternalVariant	2	1
definition_snapshot.OnSimulationCreated.Listeners[].Target.SpecializedBuildingTenantSystemsByType.Display2x2InternalVariantMirrored	2	1
definition_snapshot.OnSimulationCreated.Listeners[].Target.SpecializedBuildingTenantSystemsByType.Display3x3InternalVariant	2	1
definition_snapshot.OnSimulationCreated.Listeners[].Target.SpecializedBuildingTenantSystemsByType.Display3x3InternalVariantMirrored	2	1
definition_snapshot.OnSimulationCreated.Listeners[].Target.SpecializedBuildingTenantSystemsByType.DisplayDefaultInternalVariant	2	1
definition_snapshot.OnSimulationCreated.Listeners[].Target.SpecializedBuildingTenantSystemsByType.ExtractorDefaultInternalVariant	2	1
definition_snapshot.OnSimulationCreated.Listeners[].Target.SpecializedBuildingTenantSystemsByType.FluidStorageDefaultInternalVariant	2	1
definition_snapshot.OnSimulationCreated.Listeners[].Target.SpecializedBuildingTenantSystemsByType.FluidStorageDefaultInternalVariantMirrored	2	1
definition_snapshot.OnSimulationCreated.Listeners[].Target.SpecializedBuildingTenantSystemsByType.HalvesSwapperDefaultInternalVariant	2	1
definition_snapshot.OnSimulationCreated.Listeners[].Target.SpecializedBuildingTenantSystemsByType.LabelDefaultInternalVariant	2	1
definition_snapshot.OnSimulationCreated.Listeners[].Target.SpecializedBuildingTenantSystemsByType.Lift1DownBackwardInternalVariant	2	1
definition_snapshot.OnSimulationCreated.Listeners[].Target.SpecializedBuildingTenantSystemsByType.Lift1DownForwardInternalVariant	2	1
definition_snapshot.OnSimulationCreated.Listeners[].Target.SpecializedBuildingTenantSystemsByType.Lift1DownLeftInternalVariant	2	1
definition_snapshot.OnSimulationCreated.Listeners[].Target.SpecializedBuildingTenantSystemsByType.Lift1DownLeftInternalVariantMirrored	2	1
definition_snapshot.OnSimulationCreated.Listeners[].Target.SpecializedBuildingTenantSystemsByType.Lift1UpBackwardInternalVariant	2	1
definition_snapshot.OnSimulationCreated.Listeners[].Target.SpecializedBuildingTenantSystemsByType.Lift1UpForwardInternalVariant	2	1
definition_snapshot.OnSimulationCreated.Listeners[].Target.SpecializedBuildingTenantSystemsByType.Lift1UpLeftInternalVariant	2	1
definition_snapshot.OnSimulationCreated.Listeners[].Target.SpecializedBuildingTenantSystemsByType.Lift1UpLeftInternalVariantMirrored	2	1
definition_snapshot.OnSimulationCreated.Listeners[].Target.SpecializedBuildingTenantSystemsByType.Lift2DownBackwardInternalVariant	2	1
definition_snapshot.OnSimulationCreated.Listeners[].Target.SpecializedBuildingTenantSystemsByType.Lift2DownForwardInternalVariant	2	1
definition_snapshot.OnSimulationCreated.Listeners[].Target.SpecializedBuildingTenantSystemsByType.Lift2DownLeftInternalVariant	2	1
definition_snapshot.OnSimulationCreated.Listeners[].Target.SpecializedBuildingTenantSystemsByType.Lift2DownLeftInternalVariantMirrored	2	1
definition_snapshot.OnSimulationCreated.Listeners[].Target.SpecializedBuildingTenantSystemsByType.Lift2UpBackwardInternalVariant	2	1
definition_snapshot.OnSimulationCreated.Listeners[].Target.SpecializedBuildingTenantSystemsByType.Lift2UpForwardInternalVariant	2	1
definition_snapshot.OnSimulationCreated.Listeners[].Target.SpecializedBuildingTenantSystemsByType.Lift2UpLeftInternalVariant	2	1
definition_snapshot.OnSimulationCreated.Listeners[].Target.SpecializedBuildingTenantSystemsByType.Lift2UpLeftInternalVariantMirrored	2	1
definition_snapshot.OnSimulationCreated.Listeners[].Target.SpecializedBuildingTenantSystemsByType.LogicGateAndInternalVariant	2	1
definition_snapshot.OnSimulationCreated.Listeners[].Target.SpecializedBuildingTenantSystemsByType.LogicGateCompareInternalVariant	2	1
definition_snapshot.OnSimulationCreated.Listeners[].Target.SpecializedBuildingTenantSystemsByType.LogicGateCompareInternalVariantMirrored	2	1
definition_snapshot.OnSimulationCreated.Listeners[].Target.SpecializedBuildingTenantSystemsByType.LogicGateIfInternalVariant	2	1
definition_snapshot.OnSimulationCreated.Listeners[].Target.SpecializedBuildingTenantSystemsByType.LogicGateIfInternalVariantMirrored	2	1
definition_snapshot.OnSimulationCreated.Listeners[].Target.SpecializedBuildingTenantSystemsByType.LogicGateNotInternalVariant	2	1
definition_snapshot.OnSimulationCreated.Listeners[].Target.SpecializedBuildingTenantSystemsByType.LogicGateOrInternalVariant	2	1
definition_snapshot.OnSimulationCreated.Listeners[].Target.SpecializedBuildingTenantSystemsByType.LogicGateXOrInternalVariant	2	1
definition_snapshot.OnSimulationCreated.Listeners[].Target.SpecializedBuildingTenantSystemsByType.Merger2To1LInternalVariant	2	1
definition_snapshot.OnSimulationCreated.Listeners[].Target.SpecializedBuildingTenantSystemsByType.Merger2To1LInternalVariantMirrored	2	1
definition_snapshot.OnSimulationCreated.Listeners[].Target.SpecializedBuildingTenantSystemsByType.Merger3To1InternalVariant	2	1
definition_snapshot.OnSimulationCreated.Listeners[].Target.SpecializedBuildingTenantSystemsByType.MergerTShapeInternalVariant	2	1
definition_snapshot.OnSimulationCreated.Listeners[].Target.SpecializedBuildingTenantSystemsByType.MixerDefaultInternalVariant	2	1
definition_snapshot.OnSimulationCreated.Listeners[].Target.SpecializedBuildingTenantSystemsByType.MixerDefaultInternalVariantMirrored	2	1
definition_snapshot.OnSimulationCreated.Listeners[].Target.SpecializedBuildingTenantSystemsByType.PainterDefaultInternalVariant	2	1
definition_snapshot.OnSimulationCreated.Listeners[].Target.SpecializedBuildingTenantSystemsByType.PainterDefaultInternalVariantMirrored	2	1
definition_snapshot.OnSimulationCreated.Listeners[].Target.SpecializedBuildingTenantSystemsByType.PinPusherDefaultInternalVariant	2	1
definition_snapshot.OnSimulationCreated.Listeners[].Target.SpecializedBuildingTenantSystemsByType.PipeGateDefaultInternalVariant	2	1
definition_snapshot.OnSimulationCreated.Listeners[].Target.SpecializedBuildingTenantSystemsByType.PipeGateDefaultInternalVariantMirrored	2	1
definition_snapshot.OnSimulationCreated.Listeners[].Target.SpecializedBuildingTenantSystemsByType.PumpDefaultInternalVariant	2	1
definition_snapshot.OnSimulationCreated.Listeners[].Target.SpecializedBuildingTenantSystemsByType.RotatorHalfInternalVariant	2	1
definition_snapshot.OnSimulationCreated.Listeners[].Target.SpecializedBuildingTenantSystemsByType.RotatorOneQuadCCWInternalVariant	2	1
definition_snapshot.OnSimulationCreated.Listeners[].Target.SpecializedBuildingTenantSystemsByType.RotatorOneQuadInternalVariant	2	1
definition_snapshot.OnSimulationCreated.Listeners[].Target.SpecializedBuildingTenantSystemsByType.SandboxFluidProducerDefaultInternalVariant	2	1
definition_snapshot.OnSimulationCreated.Listeners[].Target.SpecializedBuildingTenantSystemsByType.SandboxItemProducerDefaultInternalVariant	2	1
definition_snapshot.OnSimulationCreated.Listeners[].Target.SpecializedBuildingTenantSystemsByType.Splitter1To2LInternalVariant	2	1
definition_snapshot.OnSimulationCreated.Listeners[].Target.SpecializedBuildingTenantSystemsByType.Splitter1To2LInternalVariantMirrored	2	1
definition_snapshot.OnSimulationCreated.Listeners[].Target.SpecializedBuildingTenantSystemsByType.Splitter1To3InternalVariant	2	1
definition_snapshot.OnSimulationCreated.Listeners[].Target.SpecializedBuildingTenantSystemsByType.SplitterOverflowLInternalVariant	2	1
definition_snapshot.OnSimulationCreated.Listeners[].Target.SpecializedBuildingTenantSystemsByType.SplitterOverflowLInternalVariantMirrored	2	1
definition_snapshot.OnSimulationCreated.Listeners[].Target.SpecializedBuildingTenantSystemsByType.SplitterTShapeInternalVariant	2	1
definition_snapshot.OnSimulationCreated.Listeners[].Target.SpecializedBuildingTenantSystemsByType.StackerDefaultInternalVariant	2	1
definition_snapshot.OnSimulationCreated.Listeners[].Target.SpecializedBuildingTenantSystemsByType.StackerDefaultInternalVariantMirrored	2	1
definition_snapshot.OnSimulationCreated.Listeners[].Target.SpecializedBuildingTenantSystemsByType.StackerStraightInternalVariant	2	1
definition_snapshot.OnSimulationCreated.Listeners[].Target.SpecializedBuildingTenantSystemsByType.TrashDefaultInternalVariant	2	1
definition_snapshot.OnSimulationCreated.Listeners[].Target.SpecializedBuildingTenantSystemsByType.VirtualAnalyzerDefaultInternalVariant	2	1
definition_snapshot.OnSimulationCreated.Listeners[].Target.SpecializedBuildingTenantSystemsByType.VirtualAnalyzerDefaultInternalVariantMirrored	2	1
definition_snapshot.OnSimulationCreated.Listeners[].Target.SpecializedBuildingTenantSystemsByType.VirtualCrystalGeneratorDefaultInternalVariant	2	1
definition_snapshot.OnSimulationCreated.Listeners[].Target.SpecializedBuildingTenantSystemsByType.VirtualCrystalGeneratorDefaultInternalVariantMirrored	2	1
definition_snapshot.OnSimulationCreated.Listeners[].Target.SpecializedBuildingTenantSystemsByType.VirtualHalfCutterDefaultInternalVariant	2	1
definition_snapshot.OnSimulationCreated.Listeners[].Target.SpecializedBuildingTenantSystemsByType.VirtualHalvesSwapperDefaultInternalVariant	2	1
definition_snapshot.OnSimulationCreated.Listeners[].Target.SpecializedBuildingTenantSystemsByType.VirtualPainterDefaultInternalVariant	2	1
definition_snapshot.OnSimulationCreated.Listeners[].Target.SpecializedBuildingTenantSystemsByType.VirtualPainterDefaultInternalVariantMirrored	2	1
definition_snapshot.OnSimulationCreated.Listeners[].Target.SpecializedBuildingTenantSystemsByType.VirtualPinPusherDefaultInternalVariant	2	1
definition_snapshot.OnSimulationCreated.Listeners[].Target.SpecializedBuildingTenantSystemsByType.VirtualRotatorCCWInternalVariant	2	1
definition_snapshot.OnSimulationCreated.Listeners[].Target.SpecializedBuildingTenantSystemsByType.VirtualRotatorDefaultInternalVariant	2	1
definition_snapshot.OnSimulationCreated.Listeners[].Target.SpecializedBuildingTenantSystemsByType.VirtualStackerDefaultInternalVariant	2	1
definition_snapshot.OnSimulationCreated.Listeners[].Target.SpecializedBuildingTenantSystemsByType.VirtualStackerDefaultInternalVariantMirrored	2	1
definition_snapshot.OnSimulationCreated.Listeners[].Target.SpecializedBuildingTenantSystemsByType.VirtualUnstackerDefaultInternalVariant	2	1
definition_snapshot.OnSimulationCreated.Listeners[].Target.SpecializedBuildingTenantSystemsByType.VirtualUnstackerDefaultInternalVariantMirrored	2	1
definition_snapshot.OnSimulationCreated.Listeners[].Target.SpecializedBuildingTenantSystemsByType.WireGlobalTransmitterReceiverInternalVariant	2	1
definition_snapshot.OnSimulationCreated.Listeners[].Target.SpecializedBuildingTenantSystemsByType.WireTransmitterReceiverInternalVariant	2	1
definition_snapshot.OnSimulationCreated.Listeners[].Target.SpecializedBuildingTenantSystemsByType.WireTransmitterSenderInternalVariant	2	1
definition_snapshot.OnSimulationCreated.Listeners[].Target.SpecializedIslandTenantSystemsByType.Layout_Classic_Regular_Tier0_BlueA	2	1
definition_snapshot.OnSimulationCreated.Listeners[].Target.SpecializedIslandTenantSystemsByType.Layout_Classic_Regular_Tier0_BlueA_Flipped	2	1
definition_snapshot.OnSimulationCreated.Listeners[].Target.SpecializedIslandTenantSystemsByType.Layout_Classic_Regular_Tier0_GreenA	2	1
definition_snapshot.OnSimulationCreated.Listeners[].Target.SpecializedIslandTenantSystemsByType.Layout_Classic_Regular_Tier0_GreenA_Flipped	2	1
definition_snapshot.OnSimulationCreated.Listeners[].Target.SpecializedIslandTenantSystemsByType.Layout_Classic_Regular_Tier0_RedA	2	1
definition_snapshot.OnSimulationCreated.Listeners[].Target.SpecializedIslandTenantSystemsByType.Layout_Classic_Regular_Tier0_RedA_Flipped	2	1
definition_snapshot.OnSimulationCreated.Listeners[].Target.SpecializedIslandTenantSystemsByType.Layout_Classic_Regular_Tier1_CyanA	2	1
definition_snapshot.OnSimulationCreated.Listeners[].Target.SpecializedIslandTenantSystemsByType.Layout_Classic_Regular_Tier1_CyanA_Flipped	2	1
definition_snapshot.OnSimulationCreated.Listeners[].Target.SpecializedIslandTenantSystemsByType.Layout_Classic_Regular_Tier1_MagentaA	2	1
definition_snapshot.OnSimulationCreated.Listeners[].Target.SpecializedIslandTenantSystemsByType.Layout_Classic_Regular_Tier1_MagentaA_Flipped	2	1
definition_snapshot.OnSimulationCreated.Listeners[].Target.SpecializedIslandTenantSystemsByType.Layout_Classic_Regular_Tier1_YellowA	2	1
definition_snapshot.OnSimulationCreated.Listeners[].Target.SpecializedIslandTenantSystemsByType.Layout_Classic_Regular_Tier1_YellowA_Flipped	2	1
definition_snapshot.OnSimulationCreated.Listeners[].Target.SpecializedIslandTenantSystemsByType.Layout_Classic_Regular_Tier2_BlackA	2	1
definition_snapshot.OnSimulationCreated.Listeners[].Target.SpecializedIslandTenantSystemsByType.Layout_Classic_Regular_Tier2_BlackA_Flipped	2	1
definition_snapshot.OnSimulationCreated.Listeners[].Target.SpecializedIslandTenantSystemsByType.Layout_Classic_Regular_Tier2_WhiteA	2	1
definition_snapshot.OnSimulationCreated.Listeners[].Target.SpecializedIslandTenantSystemsByType.Layout_Classic_Regular_Tier2_WhiteA_Flipped	2	1
definition_snapshot.OnSimulationCreated.Listeners[].Target.SpecializedIslandTenantSystemsByType.Layout_Classic_Regular_Tier3_Vortex	2	1
definition_snapshot.OnSimulationCreated.Listeners[].Target.SpecializedIslandTenantSystemsByType.Layout_Classic_Regular_Tier3_Vortex_Flipped	2	1
definition_snapshot.OnSimulationCreated.Listeners[].Target.SpecializedIslandTenantSystemsByType.Layout_ConverterHub	2	1
definition_snapshot.OnSimulationCreated.Listeners[].Target.SpecializedIslandTenantSystemsByType.Layout_DonationStation	2	1
definition_snapshot.OnSimulationCreated.Listeners[].Target.SpecializedIslandTenantSystemsByType.Layout_FluidMiner	2	1
definition_snapshot.OnSimulationCreated.Listeners[].Target.SpecializedIslandTenantSystemsByType.Layout_FluidMinerExtension	2	1
definition_snapshot.OnSimulationCreated.Listeners[].Target.SpecializedIslandTenantSystemsByType.Layout_HUB	2	1
definition_snapshot.OnSimulationCreated.Listeners[].Target.SpecializedIslandTenantSystemsByType.Layout_ResearchStation	2	1
definition_snapshot.OnSimulationCreated.Listeners[].Target.SpecializedIslandTenantSystemsByType.Layout_ResearchStation_Flipped	2	1
definition_snapshot.OnSimulationCreated.Listeners[].Target.SpecializedIslandTenantSystemsByType.Layout_ShapeMiner	2	1
definition_snapshot.OnSimulationCreated.Listeners[].Target.SpecializedIslandTenantSystemsByType.Layout_ShapeMinerExtension	2	1
definition_snapshot.OnSimulationCreated.Listeners[].Target.SpecializedIslandTenantSystemsByType.SpaceBelt_Forward	2	1
definition_snapshot.OnSimulationCreated.Listeners[].Target.SpecializedIslandTenantSystemsByType.SpaceBelt_LeftFwdMerger	2	1
definition_snapshot.OnSimulationCreated.Listeners[].Target.SpecializedIslandTenantSystemsByType.SpaceBelt_LeftFwdSplitter	2	1
definition_snapshot.OnSimulationCreated.Listeners[].Target.SpecializedIslandTenantSystemsByType.SpaceBelt_LeftTurn	2	1
definition_snapshot.OnSimulationCreated.Listeners[].Target.SpecializedIslandTenantSystemsByType.SpaceBelt_Lift1DownBackward	2	1
definition_snapshot.OnSimulationCreated.Listeners[].Target.SpecializedIslandTenantSystemsByType.SpaceBelt_Lift1DownForward	2	1
definition_snapshot.OnSimulationCreated.Listeners[].Target.SpecializedIslandTenantSystemsByType.SpaceBelt_Lift1DownLeft	2	1
definition_snapshot.OnSimulationCreated.Listeners[].Target.SpecializedIslandTenantSystemsByType.SpaceBelt_Lift1DownRight	2	1
definition_snapshot.OnSimulationCreated.Listeners[].Target.SpecializedIslandTenantSystemsByType.SpaceBelt_Lift1UpBackward	2	1
definition_snapshot.OnSimulationCreated.Listeners[].Target.SpecializedIslandTenantSystemsByType.SpaceBelt_Lift1UpForward	2	1
definition_snapshot.OnSimulationCreated.Listeners[].Target.SpecializedIslandTenantSystemsByType.SpaceBelt_Lift1UpLeft	2	1
definition_snapshot.OnSimulationCreated.Listeners[].Target.SpecializedIslandTenantSystemsByType.SpaceBelt_Lift1UpRight	2	1
definition_snapshot.OnSimulationCreated.Listeners[].Target.SpecializedIslandTenantSystemsByType.SpaceBelt_Lift2DownBackward	2	1
definition_snapshot.OnSimulationCreated.Listeners[].Target.SpecializedIslandTenantSystemsByType.SpaceBelt_Lift2DownForward	2	1
definition_snapshot.OnSimulationCreated.Listeners[].Target.SpecializedIslandTenantSystemsByType.SpaceBelt_Lift2DownLeft	2	1
definition_snapshot.OnSimulationCreated.Listeners[].Target.SpecializedIslandTenantSystemsByType.SpaceBelt_Lift2DownRight	2	1
definition_snapshot.OnSimulationCreated.Listeners[].Target.SpecializedIslandTenantSystemsByType.SpaceBelt_Lift2UpBackward	2	1
definition_snapshot.OnSimulationCreated.Listeners[].Target.SpecializedIslandTenantSystemsByType.SpaceBelt_Lift2UpForward	2	1
definition_snapshot.OnSimulationCreated.Listeners[].Target.SpecializedIslandTenantSystemsByType.SpaceBelt_Lift2UpLeft	2	1
definition_snapshot.OnSimulationCreated.Listeners[].Target.SpecializedIslandTenantSystemsByType.SpaceBelt_Lift2UpRight	2	1
definition_snapshot.OnSimulationCreated.Listeners[].Target.SpecializedIslandTenantSystemsByType.SpaceBelt_RightFwdMerger	2	1
definition_snapshot.OnSimulationCreated.Listeners[].Target.SpecializedIslandTenantSystemsByType.SpaceBelt_RightFwdSplitter	2	1
definition_snapshot.OnSimulationCreated.Listeners[].Target.SpecializedIslandTenantSystemsByType.SpaceBelt_RightTurn	2	1
definition_snapshot.OnSimulationCreated.Listeners[].Target.SpecializedIslandTenantSystemsByType.SpaceBelt_TripleMerger	2	1
definition_snapshot.OnSimulationCreated.Listeners[].Target.SpecializedIslandTenantSystemsByType.SpaceBelt_TripleSplitter	2	1
definition_snapshot.OnSimulationCreated.Listeners[].Target.SpecializedIslandTenantSystemsByType.SpaceBelt_YMerger	2	1
definition_snapshot.OnSimulationCreated.Listeners[].Target.SpecializedIslandTenantSystemsByType.SpaceBelt_YSplitter	2	1
definition_snapshot.OnSimulationCreated.Listeners[].Target.SpecializedIslandTenantSystemsByType.SpacePipe_Forward	2	1
definition_snapshot.OnSimulationCreated.Listeners[].Target.SpecializedIslandTenantSystemsByType.SpacePipe_LeftFwdMerger	2	1
definition_snapshot.OnSimulationCreated.Listeners[].Target.SpecializedIslandTenantSystemsByType.SpacePipe_LeftFwdSplitter	2	1
definition_snapshot.OnSimulationCreated.Listeners[].Target.SpecializedIslandTenantSystemsByType.SpacePipe_LeftTurn	2	1
definition_snapshot.OnSimulationCreated.Listeners[].Target.SpecializedIslandTenantSystemsByType.SpacePipe_Lift1DownBackward	2	1
definition_snapshot.OnSimulationCreated.Listeners[].Target.SpecializedIslandTenantSystemsByType.SpacePipe_Lift1DownForward	2	1
definition_snapshot.OnSimulationCreated.Listeners[].Target.SpecializedIslandTenantSystemsByType.SpacePipe_Lift1DownLeft	2	1
definition_snapshot.OnSimulationCreated.Listeners[].Target.SpecializedIslandTenantSystemsByType.SpacePipe_Lift1DownRight	2	1
definition_snapshot.OnSimulationCreated.Listeners[].Target.SpecializedIslandTenantSystemsByType.SpacePipe_Lift1UpBackward	2	1
definition_snapshot.OnSimulationCreated.Listeners[].Target.SpecializedIslandTenantSystemsByType.SpacePipe_Lift1UpForward	2	1
definition_snapshot.OnSimulationCreated.Listeners[].Target.SpecializedIslandTenantSystemsByType.SpacePipe_Lift1UpLeft	2	1
definition_snapshot.OnSimulationCreated.Listeners[].Target.SpecializedIslandTenantSystemsByType.SpacePipe_Lift1UpRight	2	1
definition_snapshot.OnSimulationCreated.Listeners[].Target.SpecializedIslandTenantSystemsByType.SpacePipe_Lift2DownBackward	2	1
definition_snapshot.OnSimulationCreated.Listeners[].Target.SpecializedIslandTenantSystemsByType.SpacePipe_Lift2DownForward	2	1
definition_snapshot.OnSimulationCreated.Listeners[].Target.SpecializedIslandTenantSystemsByType.SpacePipe_Lift2DownLeft	2	1
definition_snapshot.OnSimulationCreated.Listeners[].Target.SpecializedIslandTenantSystemsByType.SpacePipe_Lift2DownRight	2	1
definition_snapshot.OnSimulationCreated.Listeners[].Target.SpecializedIslandTenantSystemsByType.SpacePipe_Lift2UpBackward	2	1
definition_snapshot.OnSimulationCreated.Listeners[].Target.SpecializedIslandTenantSystemsByType.SpacePipe_Lift2UpForward	2	1
definition_snapshot.OnSimulationCreated.Listeners[].Target.SpecializedIslandTenantSystemsByType.SpacePipe_Lift2UpLeft	2	1
definition_snapshot.OnSimulationCreated.Listeners[].Target.SpecializedIslandTenantSystemsByType.SpacePipe_Lift2UpRight	2	1
definition_snapshot.OnSimulationCreated.Listeners[].Target.SpecializedIslandTenantSystemsByType.SpacePipe_RightFwdMerger	2	1
definition_snapshot.OnSimulationCreated.Listeners[].Target.SpecializedIslandTenantSystemsByType.SpacePipe_RightFwdSplitter	2	1
definition_snapshot.OnSimulationCreated.Listeners[].Target.SpecializedIslandTenantSystemsByType.SpacePipe_RightTurn	2	1
definition_snapshot.OnSimulationCreated.Listeners[].Target.SpecializedIslandTenantSystemsByType.SpacePipe_TripleMerger	2	1
definition_snapshot.OnSimulationCreated.Listeners[].Target.SpecializedIslandTenantSystemsByType.SpacePipe_TripleSplitter	2	1
definition_snapshot.OnSimulationCreated.Listeners[].Target.SpecializedIslandTenantSystemsByType.SpacePipe_YMerger	2	1
definition_snapshot.OnSimulationCreated.Listeners[].Target.SpecializedIslandTenantSystemsByType.SpacePipe_YSplitter	2	1
definition_snapshot.OnSimulationCreated.Listeners[].Target.Systems[].IslandDefinitionIds	2	1
definition_snapshot.OnSimulationCreated.Listeners[].Target.Systems[].SpecializedBuildings	2	1
definition_snapshot.OnSimulationCreated.Listeners[].Target.TileBasedSystems[].ISpecializedBuildingTenantSimulationSystem.SpecializedBuildings	2	1
definition_snapshot.OnSimulationCreated.Listeners[].Target.TileBasedSystems[].ISpecializedIslandTenantSimulationSystem.SpecializedIslands	2	1
definition_snapshot.OnSimulationCreated.Listeners[].Target.TileBasedSystems[]._HubIslands	2	1
definition_snapshot.SimulationFactory.Operation.CutOperation.ShapeRegistry.ShapeDefinitionCache.#1.Layers	2	1
definition_snapshot.SimulationFactory.Operation.CutOperation.ShapeRegistry.ShapeDefinitionCache.#10.Layers	2	1
definition_snapshot.SimulationFactory.Operation.CutOperation.ShapeRegistry.ShapeDefinitionCache.#115.Layers	2	1
definition_snapshot.SimulationFactory.Operation.CutOperation.ShapeRegistry.ShapeDefinitionCache.#116.Layers	2	1
definition_snapshot.SimulationFactory.Operation.CutOperation.ShapeRegistry.ShapeDefinitionCache.#117.Layers	2	1
definition_snapshot.SimulationFactory.Operation.CutOperation.ShapeRegistry.ShapeDefinitionCache.#118.Layers	2	1
definition_snapshot.SimulationFactory.Operation.CutOperation.ShapeRegistry.ShapeDefinitionCache.#124.Layers	2	1
definition_snapshot.SimulationFactory.Operation.CutOperation.ShapeRegistry.ShapeDefinitionCache.#125.Layers	2	1
definition_snapshot.SimulationFactory.Operation.CutOperation.ShapeRegistry.ShapeDefinitionCache.#126.Layers	2	1
definition_snapshot.SimulationFactory.Operation.CutOperation.ShapeRegistry.ShapeDefinitionCache.#127.Layers	2	1
definition_snapshot.SimulationFactory.Operation.CutOperation.ShapeRegistry.ShapeDefinitionCache.#13.Layers	2	1
definition_snapshot.SimulationFactory.Operation.CutOperation.ShapeRegistry.ShapeDefinitionCache.#14.Layers	2	1
definition_snapshot.SimulationFactory.Operation.CutOperation.ShapeRegistry.ShapeDefinitionCache.#15.Layers	2	1
definition_snapshot.SimulationFactory.Operation.CutOperation.ShapeRegistry.ShapeDefinitionCache.#16.Layers	2	1
definition_snapshot.SimulationFactory.Operation.CutOperation.ShapeRegistry.ShapeDefinitionCache.#2.Layers	2	1
definition_snapshot.SimulationFactory.Operation.CutOperation.ShapeRegistry.ShapeDefinitionCache.#23.Layers	2	1
definition_snapshot.SimulationFactory.Operation.CutOperation.ShapeRegistry.ShapeDefinitionCache.#24.Layers	2	1
definition_snapshot.SimulationFactory.Operation.CutOperation.ShapeRegistry.ShapeDefinitionCache.#25.Layers	2	1
definition_snapshot.SimulationFactory.Operation.CutOperation.ShapeRegistry.ShapeDefinitionCache.#26.Layers	2	1
definition_snapshot.SimulationFactory.Operation.CutOperation.ShapeRegistry.ShapeDefinitionCache.#27.Layers	2	1
definition_snapshot.SimulationFactory.Operation.CutOperation.ShapeRegistry.ShapeDefinitionCache.#28.Layers	2	1
definition_snapshot.SimulationFactory.Operation.CutOperation.ShapeRegistry.ShapeDefinitionCache.#29.Layers	2	1
definition_snapshot.SimulationFactory.Operation.CutOperation.ShapeRegistry.ShapeDefinitionCache.#30.Layers	2	1
definition_snapshot.SimulationFactory.Operation.CutOperation.ShapeRegistry.ShapeDefinitionCache.#39.Layers	2	1
definition_snapshot.SimulationFactory.Operation.CutOperation.ShapeRegistry.ShapeDefinitionCache.#54.Layers	2	1
definition_snapshot.SimulationFactory.Operation.CutOperation.ShapeRegistry.ShapeDefinitionCache.#55.Layers	2	1
definition_snapshot.SimulationFactory.Operation.CutOperation.ShapeRegistry.ShapeDefinitionCache.#56.Layers	2	1
definition_snapshot.SimulationFactory.Operation.CutOperation.ShapeRegistry.ShapeDefinitionCache.#57.Layers	2	1
definition_snapshot.SimulationFactory.Operation.CutOperation.ShapeRegistry.ShapeDefinitionCache.#58.Layers	2	1
definition_snapshot.SimulationFactory.Operation.CutOperation.ShapeRegistry.ShapeDefinitionCache.#59.Layers	2	1
definition_snapshot.SimulationFactory.Operation.CutOperation.ShapeRegistry.ShapeDefinitionCache.#60.Layers	2	1
definition_snapshot.SimulationFactory.Operation.CutOperation.ShapeRegistry.ShapeDefinitionCache.#61.Layers	2	1
definition_snapshot.SimulationFactory.Operation.CutOperation.ShapeRegistry.ShapeDefinitionCache.#62.Layers	2	1
definition_snapshot.SimulationFactory.Operation.CutOperation.ShapeRegistry.ShapeDefinitionCache.#63.Layers	2	1
definition_snapshot.SimulationFactory.Operation.CutOperation.ShapeRegistry.ShapeDefinitionCache.#64.Layers	2	1
definition_snapshot.SimulationFactory.Operation.CutOperation.ShapeRegistry.ShapeDefinitionCache.#65.Layers	2	1
definition_snapshot.SimulationFactory.Operation.CutOperation.ShapeRegistry.ShapeDefinitionCache.#82.Layers	2	1
definition_snapshot.SimulationFactory.Operation.CutOperation.ShapeRegistry.ShapeDefinitionCache.#83.Layers	2	1
definition_snapshot.SimulationFactory.Operation.CutOperation.ShapeRegistry.ShapeDefinitionCache.#84.Layers	2	1
definition_snapshot.SimulationFactory.Operation.CutOperation.ShapeRegistry.ShapeDefinitionCache.#85.Layers	2	1
definition_snapshot.SimulationFactory.Operation.CutOperation.ShapeRegistry.ShapeDefinitionCache.#9.Layers	2	1
definition_snapshot.SpecializedBuildings	2	1
definition_snapshot.TrainIslands.Navigation.Catcher.IEntityDefinition.CustomData.All[].<Tiles>k__BackingField	2	1
definition_snapshot.TrainIslands.Navigation.Catcher.IEntityDefinition.CustomData.All[].Colliders	2	1
definition_snapshot.TrainIslands.Navigation.Catcher.IEntityDefinition.CustomData.All[].DrawingContext	2	1
definition_snapshot.TrainIslands.Navigation.Catcher.IEntityDefinition.CustomData.All[].MeshMaterials	2	1
definition_snapshot.TrainIslands.Navigation.Catcher.IEntityDefinition.CustomData.All[].Tiles	2	1
definition_snapshot.TrainIslands.Navigation.Catcher.Layout.ChunkInformation	2	1
definition_snapshot.TrainIslands.Navigation.Catcher.Layout.ChunkPositions	2	1
definition_snapshot.TrainIslands.Navigation.Launcher.IEntityDefinition.CustomData.All[].<Tiles>k__BackingField	2	1
definition_snapshot.TrainIslands.Navigation.Launcher.IEntityDefinition.CustomData.All[].Colliders	2	1
definition_snapshot.TrainIslands.Navigation.Launcher.IEntityDefinition.CustomData.All[].DrawingContext	2	1
definition_snapshot.TrainIslands.Navigation.Launcher.IEntityDefinition.CustomData.All[].MeshMaterials	2	1
definition_snapshot.TrainIslands.Navigation.Launcher.IEntityDefinition.CustomData.All[].Tiles	2	1
definition_snapshot.TrainIslands.Navigation.Launcher.Layout.ChunkInformation	2	1
definition_snapshot.TrainIslands.Navigation.Launcher.Layout.ChunkPositions	2	1
definition_snapshot.TrainIslands.Navigation.QuickStation.IEntityDefinition.CustomData.All[].<Tiles>k__BackingField	2	1
definition_snapshot.TrainIslands.Navigation.QuickStation.IEntityDefinition.CustomData.All[].Colliders	2	1
definition_snapshot.TrainIslands.Navigation.QuickStation.IEntityDefinition.CustomData.All[].DrawingContext	2	1
definition_snapshot.TrainIslands.Navigation.QuickStation.IEntityDefinition.CustomData.All[].IslandIoMap.IRailIslandInputConnector	2	1
definition_snapshot.TrainIslands.Navigation.QuickStation.IEntityDefinition.CustomData.All[].IslandIoMap.IRailIslandOutputConnector	2	1
definition_snapshot.TrainIslands.Navigation.QuickStation.IEntityDefinition.CustomData.All[].MeshMaterials	2	1
definition_snapshot.TrainIslands.Navigation.QuickStation.IEntityDefinition.CustomData.All[].Tiles	2	1
definition_snapshot.TrainIslands.Navigation.QuickStation.Layout.ChunkInformation	2	1
definition_snapshot.TrainIslands.Navigation.QuickStation.Layout.ChunkPositions	2	1
definition_snapshot.TrainIslands.Navigation.Twister.IEntityDefinition.CustomData.All[].Colliders	2	1
definition_snapshot.TrainIslands.Navigation.Twister.IEntityDefinition.CustomData.All[].IslandIoMap.IRailIslandInputConnector	2	1
definition_snapshot.TrainIslands.Navigation.Twister.IEntityDefinition.CustomData.All[].IslandIoMap.IRailIslandOutputConnector	2	1
definition_snapshot.TrainIslands.Navigation.Twister.IEntityDefinition.CustomData.All[].IslandIoMap.RailIslandInputConnector	2	1
definition_snapshot.TrainIslands.Navigation.Twister.IEntityDefinition.CustomData.All[].IslandIoMap.RailIslandOutputConnector	2	1
definition_snapshot.TrainIslands.Navigation.Twister.IEntityDefinition.CustomData.All[].MeshMaterials	2	1
definition_snapshot.TrainIslands.Navigation.WaitStation.IEntityDefinition.CustomData.All[].<Tiles>k__BackingField	2	1
definition_snapshot.TrainIslands.Navigation.WaitStation.IEntityDefinition.CustomData.All[].Colliders	2	1
definition_snapshot.TrainIslands.Navigation.WaitStation.IEntityDefinition.CustomData.All[].DrawingContext	2	1
definition_snapshot.TrainIslands.Navigation.WaitStation.IEntityDefinition.CustomData.All[].IslandIoMap.IRailIslandInputConnector	2	1
definition_snapshot.TrainIslands.Navigation.WaitStation.IEntityDefinition.CustomData.All[].IslandIoMap.IRailIslandOutputConnector	2	1
definition_snapshot.TrainIslands.Navigation.WaitStation.IEntityDefinition.CustomData.All[].MeshMaterials	2	1
definition_snapshot.TrainIslands.Navigation.WaitStation.IEntityDefinition.CustomData.All[].Tiles	2	1
definition_snapshot.TrainIslands.Navigation.WaitStation.Layout.ChunkInformation	2	1
definition_snapshot.TrainIslands.Navigation.WaitStation.Layout.ChunkPositions	2	1
definition_snapshot.TrainIslands.Production.FillerCargoFactory.IEntityDefinition.CustomData.All[].<Tiles>k__BackingField	2	1
definition_snapshot.TrainIslands.Production.FillerCargoFactory.IEntityDefinition.CustomData.All[].Colliders	2	1
definition_snapshot.TrainIslands.Production.FillerCargoFactory.IEntityDefinition.CustomData.All[].DrawingContext	2	1
definition_snapshot.TrainIslands.Production.FillerCargoFactory.IEntityDefinition.CustomData.All[].MeshMaterials	2	1
definition_snapshot.TrainIslands.Production.FillerCargoFactory.IEntityDefinition.CustomData.All[].Tiles	2	1
definition_snapshot.TrainIslands.Production.FillerCargoFactory.Layout.ChunkInformation	2	1
definition_snapshot.TrainIslands.Production.FillerCargoFactory.Layout.ChunkPositions	2	1
definition_snapshot.TrainIslands.Production.FluidCargoFactory.IEntityDefinition.CustomData.All[].<Tiles>k__BackingField	2	1
definition_snapshot.TrainIslands.Production.FluidCargoFactory.IEntityDefinition.CustomData.All[].Colliders	2	1
definition_snapshot.TrainIslands.Production.FluidCargoFactory.IEntityDefinition.CustomData.All[].DrawingContext	2	1
definition_snapshot.TrainIslands.Production.FluidCargoFactory.IEntityDefinition.CustomData.All[].MeshMaterials	2	1
definition_snapshot.TrainIslands.Production.FluidCargoFactory.IEntityDefinition.CustomData.All[].Tiles	2	1
definition_snapshot.TrainIslands.Production.FluidCargoFactory.Layout.ChunkInformation	2	1
definition_snapshot.TrainIslands.Production.FluidCargoFactory.Layout.ChunkPositions	2	1
definition_snapshot.TrainIslands.Production.ShapeCargoFactory.IEntityDefinition.CustomData.All[].<Tiles>k__BackingField	2	1
definition_snapshot.TrainIslands.Production.ShapeCargoFactory.IEntityDefinition.CustomData.All[].Colliders	2	1
definition_snapshot.TrainIslands.Production.ShapeCargoFactory.IEntityDefinition.CustomData.All[].DrawingContext	2	1
definition_snapshot.TrainIslands.Production.ShapeCargoFactory.IEntityDefinition.CustomData.All[].MeshMaterials	2	1
definition_snapshot.TrainIslands.Production.ShapeCargoFactory.IEntityDefinition.CustomData.All[].Tiles	2	1
definition_snapshot.TrainIslands.Production.ShapeCargoFactory.Layout.ChunkInformation	2	1
definition_snapshot.TrainIslands.Production.ShapeCargoFactory.Layout.ChunkPositions	2	1
definition_snapshot.TrainsSimulation.EventProcessors	2	1
definition_snapshot.TrainsSimulation.EventProcessors[].OnTrainContainerDelivered.Listeners	2	1
definition_snapshot.TrainsSimulation.NavigationPredictor.InputsByRoutedOutput.Activator.Method.ReflectedTypeInternal.DeclaredFields	2	1
definition_snapshot.TrainsSimulation.NavigationPredictor.InputsByRoutedOutput.Activator.Method.ReflectedTypeInternal.GenericTypeArguments	2	1
definition_snapshot.TrainsSimulation.NavigationPredictor.RoutesByInput.Activator.Method.Module.CustomAttributes	2	1
definition_snapshot.TrainsSimulation.NavigationPredictor.RoutesByInput.Activator.Method.ReflectedTypeInternal.DeclaredFields	2	1
definition_snapshot.TrainsSimulation.NavigationPredictor.RoutesByInput.Activator.Method.ReflectedTypeInternal.GenericTypeArguments	2	1
definition_snapshot.TrainsSimulation.TrainWagonMap	2	1
definition_snapshot.TrainsSimulation.TrainsIds	2	1
definition_snapshot.TrainsSimulation.TrainsProductionSimulator.ProducerTrainsMap	2	1
definition_snapshot.TrainsSimulation.TrainsProductionSimulator.TrainCargoFactoryMap	2	1
definition_snapshot.TrainsSimulation.TrainsProductionSimulator.TrainProducerData	2	1
definition_snapshot.TrainsSimulation.TrainsProductionSimulator.TrainsParentProducerLookup	2	1
definition_snapshot.TrainsSimulation.WagonTypeMap	2	1
definition_snapshot._HubIslands	2	1
definition_snapshot._HubIslands[].Definition.IEntityDefinition.CustomData.All[].Colliders	2	1
definition_snapshot._HubIslands[].Definition.Layout.ChunkInformationByPosition.(-1, 0, 0).NotchDirections_L	2	1
definition_snapshot._HubIslands[].Definition.Layout.ChunkInformationByPosition.(-1, 0, 0).Notches	2	1
definition_snapshot._HubIslands[].Definition.Layout.ChunkInformationByPosition.(0, -1, 0).NotchDirections_L	2	1
definition_snapshot._HubIslands[].Definition.Layout.ChunkInformationByPosition.(0, -1, 0).Notches	2	1
definition_snapshot._HubIslands[].Definition.Layout.ChunkInformationByPosition.(0, 1, 0).NotchDirections_L	2	1
definition_snapshot._HubIslands[].Definition.Layout.ChunkInformationByPosition.(0, 1, 0).Notches	2	1
definition_snapshot._HubIslands[].Definition.Layout.ChunkInformationByPosition.(1, 0, 0).NotchDirections_L	2	1
definition_snapshot._HubIslands[].Definition.Layout.ChunkInformationByPosition.(1, 0, 0).Notches	2	1
simulation_parameters.ConnectableSimulations[].Simulation.Providers	2	1
simulation_parameters.ConnectableSimulations[].Simulation._PrimaryProviders	2	1
simulation_parameters.ISpecializedBuildingTenantSimulationSystem.SpecializedBuildings	2	1
simulation_parameters.OnBeforeSimulationDestroyed.Listeners	2	1
simulation_parameters.OnSimulationCreated.Listeners	2	1
simulation_parameters.OnSimulationCreated.Listeners[].Target.BunchEditSystems	2	1
simulation_parameters.OnSimulationCreated.Listeners[].Target.SpecializedBuildingTenantSystemsByType.BeltDefaultForwardInternalVariant	2	1
simulation_parameters.OnSimulationCreated.Listeners[].Target.SpecializedBuildingTenantSystemsByType.BeltDefaultLeftInternalVariant	2	1
simulation_parameters.OnSimulationCreated.Listeners[].Target.SpecializedBuildingTenantSystemsByType.BeltDefaultLeftInternalVariantMirrored	2	1
simulation_parameters.OnSimulationCreated.Listeners[].Target.SpecializedBuildingTenantSystemsByType.BeltFilterDefaultInternalVariant	2	1
simulation_parameters.OnSimulationCreated.Listeners[].Target.SpecializedBuildingTenantSystemsByType.BeltFilterDefaultInternalVariantMirrored	2	1
simulation_parameters.OnSimulationCreated.Listeners[].Target.SpecializedBuildingTenantSystemsByType.BeltReaderDefaultInternalVariant	2	1
simulation_parameters.OnSimulationCreated.Listeners[].Target.SpecializedBuildingTenantSystemsByType.BeltReaderDefaultInternalVariantMirrored	2	1
simulation_parameters.OnSimulationCreated.Listeners[].Target.SpecializedBuildingTenantSystemsByType.ButtonDefaultInternalVariant	2	1
simulation_parameters.OnSimulationCreated.Listeners[].Target.SpecializedBuildingTenantSystemsByType.ConstantSignalDefaultInternalVariant	2	1
simulation_parameters.OnSimulationCreated.Listeners[].Target.SpecializedBuildingTenantSystemsByType.ControlledSignalReceiverInternalVariant	2	1
simulation_parameters.OnSimulationCreated.Listeners[].Target.SpecializedBuildingTenantSystemsByType.ControlledSignalReceiverInternalVariantMirrored	2	1
simulation_parameters.OnSimulationCreated.Listeners[].Target.SpecializedBuildingTenantSystemsByType.ControlledSignalTransmitterInternalVariant	2	1
simulation_parameters.OnSimulationCreated.Listeners[].Target.SpecializedBuildingTenantSystemsByType.ControlledSignalTransmitterInternalVariantMirrored	2	1
simulation_parameters.OnSimulationCreated.Listeners[].Target.SpecializedBuildingTenantSystemsByType.CrystalGeneratorDefaultInternalVariant	2	1
simulation_parameters.OnSimulationCreated.Listeners[].Target.SpecializedBuildingTenantSystemsByType.CrystalGeneratorDefaultInternalVariantMirrored	2	1
simulation_parameters.OnSimulationCreated.Listeners[].Target.SpecializedBuildingTenantSystemsByType.CutterDefaultInternalVariant	2	1
simulation_parameters.OnSimulationCreated.Listeners[].Target.SpecializedBuildingTenantSystemsByType.CutterDefaultInternalVariantMirrored	2	1
simulation_parameters.OnSimulationCreated.Listeners[].Target.SpecializedBuildingTenantSystemsByType.CutterHalfInternalVariant	2	1
simulation_parameters.OnSimulationCreated.Listeners[].Target.SpecializedBuildingTenantSystemsByType.Display2x2InternalVariant	2	1
simulation_parameters.OnSimulationCreated.Listeners[].Target.SpecializedBuildingTenantSystemsByType.Display2x2InternalVariantMirrored	2	1
simulation_parameters.OnSimulationCreated.Listeners[].Target.SpecializedBuildingTenantSystemsByType.Display3x3InternalVariant	2	1
simulation_parameters.OnSimulationCreated.Listeners[].Target.SpecializedBuildingTenantSystemsByType.Display3x3InternalVariantMirrored	2	1
simulation_parameters.OnSimulationCreated.Listeners[].Target.SpecializedBuildingTenantSystemsByType.DisplayDefaultInternalVariant	2	1
simulation_parameters.OnSimulationCreated.Listeners[].Target.SpecializedBuildingTenantSystemsByType.ExtractorDefaultInternalVariant	2	1
simulation_parameters.OnSimulationCreated.Listeners[].Target.SpecializedBuildingTenantSystemsByType.FluidStorageDefaultInternalVariant	2	1
simulation_parameters.OnSimulationCreated.Listeners[].Target.SpecializedBuildingTenantSystemsByType.FluidStorageDefaultInternalVariantMirrored	2	1
simulation_parameters.OnSimulationCreated.Listeners[].Target.SpecializedBuildingTenantSystemsByType.HalvesSwapperDefaultInternalVariant	2	1
simulation_parameters.OnSimulationCreated.Listeners[].Target.SpecializedBuildingTenantSystemsByType.LabelDefaultInternalVariant	2	1
simulation_parameters.OnSimulationCreated.Listeners[].Target.SpecializedBuildingTenantSystemsByType.Lift1DownBackwardInternalVariant	2	1
simulation_parameters.OnSimulationCreated.Listeners[].Target.SpecializedBuildingTenantSystemsByType.Lift1DownForwardInternalVariant	2	1
simulation_parameters.OnSimulationCreated.Listeners[].Target.SpecializedBuildingTenantSystemsByType.Lift1DownLeftInternalVariant	2	1
simulation_parameters.OnSimulationCreated.Listeners[].Target.SpecializedBuildingTenantSystemsByType.Lift1DownLeftInternalVariantMirrored	2	1
simulation_parameters.OnSimulationCreated.Listeners[].Target.SpecializedBuildingTenantSystemsByType.Lift1UpBackwardInternalVariant	2	1
simulation_parameters.OnSimulationCreated.Listeners[].Target.SpecializedBuildingTenantSystemsByType.Lift1UpForwardInternalVariant	2	1
simulation_parameters.OnSimulationCreated.Listeners[].Target.SpecializedBuildingTenantSystemsByType.Lift1UpLeftInternalVariant	2	1
simulation_parameters.OnSimulationCreated.Listeners[].Target.SpecializedBuildingTenantSystemsByType.Lift1UpLeftInternalVariantMirrored	2	1
simulation_parameters.OnSimulationCreated.Listeners[].Target.SpecializedBuildingTenantSystemsByType.Lift2DownBackwardInternalVariant	2	1
simulation_parameters.OnSimulationCreated.Listeners[].Target.SpecializedBuildingTenantSystemsByType.Lift2DownForwardInternalVariant	2	1
simulation_parameters.OnSimulationCreated.Listeners[].Target.SpecializedBuildingTenantSystemsByType.Lift2DownLeftInternalVariant	2	1
simulation_parameters.OnSimulationCreated.Listeners[].Target.SpecializedBuildingTenantSystemsByType.Lift2DownLeftInternalVariantMirrored	2	1
simulation_parameters.OnSimulationCreated.Listeners[].Target.SpecializedBuildingTenantSystemsByType.Lift2UpBackwardInternalVariant	2	1
simulation_parameters.OnSimulationCreated.Listeners[].Target.SpecializedBuildingTenantSystemsByType.Lift2UpForwardInternalVariant	2	1
simulation_parameters.OnSimulationCreated.Listeners[].Target.SpecializedBuildingTenantSystemsByType.Lift2UpLeftInternalVariant	2	1
simulation_parameters.OnSimulationCreated.Listeners[].Target.SpecializedBuildingTenantSystemsByType.Lift2UpLeftInternalVariantMirrored	2	1
simulation_parameters.OnSimulationCreated.Listeners[].Target.SpecializedBuildingTenantSystemsByType.LogicGateAndInternalVariant	2	1
simulation_parameters.OnSimulationCreated.Listeners[].Target.SpecializedBuildingTenantSystemsByType.LogicGateCompareInternalVariant	2	1
simulation_parameters.OnSimulationCreated.Listeners[].Target.SpecializedBuildingTenantSystemsByType.LogicGateCompareInternalVariantMirrored	2	1
simulation_parameters.OnSimulationCreated.Listeners[].Target.SpecializedBuildingTenantSystemsByType.LogicGateIfInternalVariant	2	1
simulation_parameters.OnSimulationCreated.Listeners[].Target.SpecializedBuildingTenantSystemsByType.LogicGateIfInternalVariantMirrored	2	1
simulation_parameters.OnSimulationCreated.Listeners[].Target.SpecializedBuildingTenantSystemsByType.LogicGateNotInternalVariant	2	1
simulation_parameters.OnSimulationCreated.Listeners[].Target.SpecializedBuildingTenantSystemsByType.LogicGateOrInternalVariant	2	1
simulation_parameters.OnSimulationCreated.Listeners[].Target.SpecializedBuildingTenantSystemsByType.LogicGateXOrInternalVariant	2	1
simulation_parameters.OnSimulationCreated.Listeners[].Target.SpecializedBuildingTenantSystemsByType.Merger2To1LInternalVariant	2	1
simulation_parameters.OnSimulationCreated.Listeners[].Target.SpecializedBuildingTenantSystemsByType.Merger2To1LInternalVariantMirrored	2	1
simulation_parameters.OnSimulationCreated.Listeners[].Target.SpecializedBuildingTenantSystemsByType.Merger3To1InternalVariant	2	1
simulation_parameters.OnSimulationCreated.Listeners[].Target.SpecializedBuildingTenantSystemsByType.MergerTShapeInternalVariant	2	1
simulation_parameters.OnSimulationCreated.Listeners[].Target.SpecializedBuildingTenantSystemsByType.MixerDefaultInternalVariant	2	1
simulation_parameters.OnSimulationCreated.Listeners[].Target.SpecializedBuildingTenantSystemsByType.MixerDefaultInternalVariantMirrored	2	1
simulation_parameters.OnSimulationCreated.Listeners[].Target.SpecializedBuildingTenantSystemsByType.PainterDefaultInternalVariant	2	1
simulation_parameters.OnSimulationCreated.Listeners[].Target.SpecializedBuildingTenantSystemsByType.PainterDefaultInternalVariantMirrored	2	1
simulation_parameters.OnSimulationCreated.Listeners[].Target.SpecializedBuildingTenantSystemsByType.PinPusherDefaultInternalVariant	2	1
simulation_parameters.OnSimulationCreated.Listeners[].Target.SpecializedBuildingTenantSystemsByType.PipeGateDefaultInternalVariant	2	1
simulation_parameters.OnSimulationCreated.Listeners[].Target.SpecializedBuildingTenantSystemsByType.PipeGateDefaultInternalVariantMirrored	2	1
simulation_parameters.OnSimulationCreated.Listeners[].Target.SpecializedBuildingTenantSystemsByType.PumpDefaultInternalVariant	2	1
simulation_parameters.OnSimulationCreated.Listeners[].Target.SpecializedBuildingTenantSystemsByType.RotatorHalfInternalVariant	2	1
simulation_parameters.OnSimulationCreated.Listeners[].Target.SpecializedBuildingTenantSystemsByType.RotatorOneQuadCCWInternalVariant	2	1
simulation_parameters.OnSimulationCreated.Listeners[].Target.SpecializedBuildingTenantSystemsByType.RotatorOneQuadInternalVariant	2	1
simulation_parameters.OnSimulationCreated.Listeners[].Target.SpecializedBuildingTenantSystemsByType.SandboxFluidProducerDefaultInternalVariant	2	1
simulation_parameters.OnSimulationCreated.Listeners[].Target.SpecializedBuildingTenantSystemsByType.SandboxItemProducerDefaultInternalVariant	2	1
simulation_parameters.OnSimulationCreated.Listeners[].Target.SpecializedBuildingTenantSystemsByType.Splitter1To2LInternalVariant	2	1
simulation_parameters.OnSimulationCreated.Listeners[].Target.SpecializedBuildingTenantSystemsByType.Splitter1To2LInternalVariantMirrored	2	1
simulation_parameters.OnSimulationCreated.Listeners[].Target.SpecializedBuildingTenantSystemsByType.Splitter1To3InternalVariant	2	1
simulation_parameters.OnSimulationCreated.Listeners[].Target.SpecializedBuildingTenantSystemsByType.SplitterOverflowLInternalVariant	2	1
simulation_parameters.OnSimulationCreated.Listeners[].Target.SpecializedBuildingTenantSystemsByType.SplitterOverflowLInternalVariantMirrored	2	1
simulation_parameters.OnSimulationCreated.Listeners[].Target.SpecializedBuildingTenantSystemsByType.SplitterTShapeInternalVariant	2	1
simulation_parameters.OnSimulationCreated.Listeners[].Target.SpecializedBuildingTenantSystemsByType.StackerDefaultInternalVariant	2	1
simulation_parameters.OnSimulationCreated.Listeners[].Target.SpecializedBuildingTenantSystemsByType.StackerDefaultInternalVariantMirrored	2	1
simulation_parameters.OnSimulationCreated.Listeners[].Target.SpecializedBuildingTenantSystemsByType.StackerStraightInternalVariant	2	1
simulation_parameters.OnSimulationCreated.Listeners[].Target.SpecializedBuildingTenantSystemsByType.TrashDefaultInternalVariant	2	1
simulation_parameters.OnSimulationCreated.Listeners[].Target.SpecializedBuildingTenantSystemsByType.VirtualAnalyzerDefaultInternalVariant	2	1
simulation_parameters.OnSimulationCreated.Listeners[].Target.SpecializedBuildingTenantSystemsByType.VirtualAnalyzerDefaultInternalVariantMirrored	2	1
simulation_parameters.OnSimulationCreated.Listeners[].Target.SpecializedBuildingTenantSystemsByType.VirtualCrystalGeneratorDefaultInternalVariant	2	1
simulation_parameters.OnSimulationCreated.Listeners[].Target.SpecializedBuildingTenantSystemsByType.VirtualCrystalGeneratorDefaultInternalVariantMirrored	2	1
simulation_parameters.OnSimulationCreated.Listeners[].Target.SpecializedBuildingTenantSystemsByType.VirtualHalfCutterDefaultInternalVariant	2	1
simulation_parameters.OnSimulationCreated.Listeners[].Target.SpecializedBuildingTenantSystemsByType.VirtualHalvesSwapperDefaultInternalVariant	2	1
simulation_parameters.OnSimulationCreated.Listeners[].Target.SpecializedBuildingTenantSystemsByType.VirtualPainterDefaultInternalVariant	2	1
simulation_parameters.OnSimulationCreated.Listeners[].Target.SpecializedBuildingTenantSystemsByType.VirtualPainterDefaultInternalVariantMirrored	2	1
simulation_parameters.OnSimulationCreated.Listeners[].Target.SpecializedBuildingTenantSystemsByType.VirtualPinPusherDefaultInternalVariant	2	1
simulation_parameters.OnSimulationCreated.Listeners[].Target.SpecializedBuildingTenantSystemsByType.VirtualRotatorCCWInternalVariant	2	1
simulation_parameters.OnSimulationCreated.Listeners[].Target.SpecializedBuildingTenantSystemsByType.VirtualRotatorDefaultInternalVariant	2	1
simulation_parameters.OnSimulationCreated.Listeners[].Target.SpecializedBuildingTenantSystemsByType.VirtualStackerDefaultInternalVariant	2	1
simulation_parameters.OnSimulationCreated.Listeners[].Target.SpecializedBuildingTenantSystemsByType.VirtualStackerDefaultInternalVariantMirrored	2	1
simulation_parameters.OnSimulationCreated.Listeners[].Target.SpecializedBuildingTenantSystemsByType.VirtualUnstackerDefaultInternalVariant	2	1
simulation_parameters.OnSimulationCreated.Listeners[].Target.SpecializedBuildingTenantSystemsByType.VirtualUnstackerDefaultInternalVariantMirrored	2	1
simulation_parameters.OnSimulationCreated.Listeners[].Target.SpecializedBuildingTenantSystemsByType.WireGlobalTransmitterReceiverInternalVariant	2	1
simulation_parameters.OnSimulationCreated.Listeners[].Target.SpecializedBuildingTenantSystemsByType.WireTransmitterReceiverInternalVariant	2	1
simulation_parameters.OnSimulationCreated.Listeners[].Target.SpecializedBuildingTenantSystemsByType.WireTransmitterSenderInternalVariant	2	1
simulation_parameters.OnSimulationCreated.Listeners[].Target.SpecializedIslandTenantSystemsByType.Layout_Classic_Regular_Tier0_BlueA	2	1
simulation_parameters.OnSimulationCreated.Listeners[].Target.SpecializedIslandTenantSystemsByType.Layout_Classic_Regular_Tier0_BlueA_Flipped	2	1
simulation_parameters.OnSimulationCreated.Listeners[].Target.SpecializedIslandTenantSystemsByType.Layout_Classic_Regular_Tier0_GreenA	2	1
simulation_parameters.OnSimulationCreated.Listeners[].Target.SpecializedIslandTenantSystemsByType.Layout_Classic_Regular_Tier0_GreenA_Flipped	2	1
simulation_parameters.OnSimulationCreated.Listeners[].Target.SpecializedIslandTenantSystemsByType.Layout_Classic_Regular_Tier0_RedA	2	1
simulation_parameters.OnSimulationCreated.Listeners[].Target.SpecializedIslandTenantSystemsByType.Layout_Classic_Regular_Tier0_RedA_Flipped	2	1
simulation_parameters.OnSimulationCreated.Listeners[].Target.SpecializedIslandTenantSystemsByType.Layout_Classic_Regular_Tier1_CyanA	2	1
simulation_parameters.OnSimulationCreated.Listeners[].Target.SpecializedIslandTenantSystemsByType.Layout_Classic_Regular_Tier1_CyanA_Flipped	2	1
simulation_parameters.OnSimulationCreated.Listeners[].Target.SpecializedIslandTenantSystemsByType.Layout_Classic_Regular_Tier1_MagentaA	2	1
simulation_parameters.OnSimulationCreated.Listeners[].Target.SpecializedIslandTenantSystemsByType.Layout_Classic_Regular_Tier1_MagentaA_Flipped	2	1
simulation_parameters.OnSimulationCreated.Listeners[].Target.SpecializedIslandTenantSystemsByType.Layout_Classic_Regular_Tier1_YellowA	2	1
simulation_parameters.OnSimulationCreated.Listeners[].Target.SpecializedIslandTenantSystemsByType.Layout_Classic_Regular_Tier1_YellowA_Flipped	2	1
simulation_parameters.OnSimulationCreated.Listeners[].Target.SpecializedIslandTenantSystemsByType.Layout_Classic_Regular_Tier2_BlackA	2	1
simulation_parameters.OnSimulationCreated.Listeners[].Target.SpecializedIslandTenantSystemsByType.Layout_Classic_Regular_Tier2_BlackA_Flipped	2	1
simulation_parameters.OnSimulationCreated.Listeners[].Target.SpecializedIslandTenantSystemsByType.Layout_Classic_Regular_Tier2_WhiteA	2	1
simulation_parameters.OnSimulationCreated.Listeners[].Target.SpecializedIslandTenantSystemsByType.Layout_Classic_Regular_Tier2_WhiteA_Flipped	2	1
simulation_parameters.OnSimulationCreated.Listeners[].Target.SpecializedIslandTenantSystemsByType.Layout_Classic_Regular_Tier3_Vortex	2	1
simulation_parameters.OnSimulationCreated.Listeners[].Target.SpecializedIslandTenantSystemsByType.Layout_Classic_Regular_Tier3_Vortex_Flipped	2	1
simulation_parameters.OnSimulationCreated.Listeners[].Target.SpecializedIslandTenantSystemsByType.Layout_ConverterHub	2	1
simulation_parameters.OnSimulationCreated.Listeners[].Target.SpecializedIslandTenantSystemsByType.Layout_DonationStation	2	1
simulation_parameters.OnSimulationCreated.Listeners[].Target.SpecializedIslandTenantSystemsByType.Layout_FluidMiner	2	1
simulation_parameters.OnSimulationCreated.Listeners[].Target.SpecializedIslandTenantSystemsByType.Layout_FluidMinerExtension	2	1
simulation_parameters.OnSimulationCreated.Listeners[].Target.SpecializedIslandTenantSystemsByType.Layout_HUB	2	1
simulation_parameters.OnSimulationCreated.Listeners[].Target.SpecializedIslandTenantSystemsByType.Layout_ResearchStation	2	1
simulation_parameters.OnSimulationCreated.Listeners[].Target.SpecializedIslandTenantSystemsByType.Layout_ResearchStation_Flipped	2	1
simulation_parameters.OnSimulationCreated.Listeners[].Target.SpecializedIslandTenantSystemsByType.Layout_ShapeMiner	2	1
simulation_parameters.OnSimulationCreated.Listeners[].Target.SpecializedIslandTenantSystemsByType.Layout_ShapeMinerExtension	2	1
simulation_parameters.OnSimulationCreated.Listeners[].Target.SpecializedIslandTenantSystemsByType.SpaceBelt_Forward	2	1
simulation_parameters.OnSimulationCreated.Listeners[].Target.SpecializedIslandTenantSystemsByType.SpaceBelt_LeftFwdMerger	2	1
simulation_parameters.OnSimulationCreated.Listeners[].Target.SpecializedIslandTenantSystemsByType.SpaceBelt_LeftFwdSplitter	2	1
simulation_parameters.OnSimulationCreated.Listeners[].Target.SpecializedIslandTenantSystemsByType.SpaceBelt_LeftTurn	2	1
simulation_parameters.OnSimulationCreated.Listeners[].Target.SpecializedIslandTenantSystemsByType.SpaceBelt_Lift1DownBackward	2	1
simulation_parameters.OnSimulationCreated.Listeners[].Target.SpecializedIslandTenantSystemsByType.SpaceBelt_Lift1DownForward	2	1
simulation_parameters.OnSimulationCreated.Listeners[].Target.SpecializedIslandTenantSystemsByType.SpaceBelt_Lift1DownLeft	2	1
simulation_parameters.OnSimulationCreated.Listeners[].Target.SpecializedIslandTenantSystemsByType.SpaceBelt_Lift1DownRight	2	1
simulation_parameters.OnSimulationCreated.Listeners[].Target.SpecializedIslandTenantSystemsByType.SpaceBelt_Lift1UpBackward	2	1
simulation_parameters.OnSimulationCreated.Listeners[].Target.SpecializedIslandTenantSystemsByType.SpaceBelt_Lift1UpForward	2	1
simulation_parameters.OnSimulationCreated.Listeners[].Target.SpecializedIslandTenantSystemsByType.SpaceBelt_Lift1UpLeft	2	1
simulation_parameters.OnSimulationCreated.Listeners[].Target.SpecializedIslandTenantSystemsByType.SpaceBelt_Lift1UpRight	2	1
simulation_parameters.OnSimulationCreated.Listeners[].Target.SpecializedIslandTenantSystemsByType.SpaceBelt_Lift2DownBackward	2	1
simulation_parameters.OnSimulationCreated.Listeners[].Target.SpecializedIslandTenantSystemsByType.SpaceBelt_Lift2DownForward	2	1
simulation_parameters.OnSimulationCreated.Listeners[].Target.SpecializedIslandTenantSystemsByType.SpaceBelt_Lift2DownLeft	2	1
simulation_parameters.OnSimulationCreated.Listeners[].Target.SpecializedIslandTenantSystemsByType.SpaceBelt_Lift2DownRight	2	1
simulation_parameters.OnSimulationCreated.Listeners[].Target.SpecializedIslandTenantSystemsByType.SpaceBelt_Lift2UpBackward	2	1
simulation_parameters.OnSimulationCreated.Listeners[].Target.SpecializedIslandTenantSystemsByType.SpaceBelt_Lift2UpForward	2	1
simulation_parameters.OnSimulationCreated.Listeners[].Target.SpecializedIslandTenantSystemsByType.SpaceBelt_Lift2UpLeft	2	1
simulation_parameters.OnSimulationCreated.Listeners[].Target.SpecializedIslandTenantSystemsByType.SpaceBelt_Lift2UpRight	2	1
simulation_parameters.OnSimulationCreated.Listeners[].Target.SpecializedIslandTenantSystemsByType.SpaceBelt_RightFwdMerger	2	1
simulation_parameters.OnSimulationCreated.Listeners[].Target.SpecializedIslandTenantSystemsByType.SpaceBelt_RightFwdSplitter	2	1
simulation_parameters.OnSimulationCreated.Listeners[].Target.SpecializedIslandTenantSystemsByType.SpaceBelt_RightTurn	2	1
simulation_parameters.OnSimulationCreated.Listeners[].Target.SpecializedIslandTenantSystemsByType.SpaceBelt_TripleMerger	2	1
simulation_parameters.OnSimulationCreated.Listeners[].Target.SpecializedIslandTenantSystemsByType.SpaceBelt_TripleSplitter	2	1
simulation_parameters.OnSimulationCreated.Listeners[].Target.SpecializedIslandTenantSystemsByType.SpaceBelt_YMerger	2	1
simulation_parameters.OnSimulationCreated.Listeners[].Target.SpecializedIslandTenantSystemsByType.SpaceBelt_YSplitter	2	1
simulation_parameters.OnSimulationCreated.Listeners[].Target.SpecializedIslandTenantSystemsByType.SpacePipe_Forward	2	1
simulation_parameters.OnSimulationCreated.Listeners[].Target.SpecializedIslandTenantSystemsByType.SpacePipe_LeftFwdMerger	2	1
simulation_parameters.OnSimulationCreated.Listeners[].Target.SpecializedIslandTenantSystemsByType.SpacePipe_LeftFwdSplitter	2	1
simulation_parameters.OnSimulationCreated.Listeners[].Target.SpecializedIslandTenantSystemsByType.SpacePipe_LeftTurn	2	1
simulation_parameters.OnSimulationCreated.Listeners[].Target.SpecializedIslandTenantSystemsByType.SpacePipe_Lift1DownBackward	2	1
simulation_parameters.OnSimulationCreated.Listeners[].Target.SpecializedIslandTenantSystemsByType.SpacePipe_Lift1DownForward	2	1
simulation_parameters.OnSimulationCreated.Listeners[].Target.SpecializedIslandTenantSystemsByType.SpacePipe_Lift1DownLeft	2	1
simulation_parameters.OnSimulationCreated.Listeners[].Target.SpecializedIslandTenantSystemsByType.SpacePipe_Lift1DownRight	2	1
simulation_parameters.OnSimulationCreated.Listeners[].Target.SpecializedIslandTenantSystemsByType.SpacePipe_Lift1UpBackward	2	1
simulation_parameters.OnSimulationCreated.Listeners[].Target.SpecializedIslandTenantSystemsByType.SpacePipe_Lift1UpForward	2	1
simulation_parameters.OnSimulationCreated.Listeners[].Target.SpecializedIslandTenantSystemsByType.SpacePipe_Lift1UpLeft	2	1
simulation_parameters.OnSimulationCreated.Listeners[].Target.SpecializedIslandTenantSystemsByType.SpacePipe_Lift1UpRight	2	1
simulation_parameters.OnSimulationCreated.Listeners[].Target.SpecializedIslandTenantSystemsByType.SpacePipe_Lift2DownBackward	2	1
simulation_parameters.OnSimulationCreated.Listeners[].Target.SpecializedIslandTenantSystemsByType.SpacePipe_Lift2DownForward	2	1
simulation_parameters.OnSimulationCreated.Listeners[].Target.SpecializedIslandTenantSystemsByType.SpacePipe_Lift2DownLeft	2	1
simulation_parameters.OnSimulationCreated.Listeners[].Target.SpecializedIslandTenantSystemsByType.SpacePipe_Lift2DownRight	2	1
simulation_parameters.OnSimulationCreated.Listeners[].Target.SpecializedIslandTenantSystemsByType.SpacePipe_Lift2UpBackward	2	1
simulation_parameters.OnSimulationCreated.Listeners[].Target.SpecializedIslandTenantSystemsByType.SpacePipe_Lift2UpForward	2	1
simulation_parameters.OnSimulationCreated.Listeners[].Target.SpecializedIslandTenantSystemsByType.SpacePipe_Lift2UpLeft	2	1
simulation_parameters.OnSimulationCreated.Listeners[].Target.SpecializedIslandTenantSystemsByType.SpacePipe_Lift2UpRight	2	1
simulation_parameters.OnSimulationCreated.Listeners[].Target.SpecializedIslandTenantSystemsByType.SpacePipe_RightFwdMerger	2	1
simulation_parameters.OnSimulationCreated.Listeners[].Target.SpecializedIslandTenantSystemsByType.SpacePipe_RightFwdSplitter	2	1
simulation_parameters.OnSimulationCreated.Listeners[].Target.SpecializedIslandTenantSystemsByType.SpacePipe_RightTurn	2	1
simulation_parameters.OnSimulationCreated.Listeners[].Target.SpecializedIslandTenantSystemsByType.SpacePipe_TripleMerger	2	1
simulation_parameters.OnSimulationCreated.Listeners[].Target.SpecializedIslandTenantSystemsByType.SpacePipe_TripleSplitter	2	1
simulation_parameters.OnSimulationCreated.Listeners[].Target.SpecializedIslandTenantSystemsByType.SpacePipe_YMerger	2	1
simulation_parameters.OnSimulationCreated.Listeners[].Target.SpecializedIslandTenantSystemsByType.SpacePipe_YSplitter	2	1
simulation_parameters.TrainsSimulation.EventProcessors	2	1
simulation_parameters.TrainsSimulation.EventProcessors[].OnTrainContainerDelivered.Listeners	2	1
simulation_parameters.TrainsSimulation.TrainWagonMap	2	1
simulation_parameters.TrainsSimulation.TrainsIds	2	1
simulation_parameters.TrainsSimulation.TrainsProductionSimulator.ProducerTrainsMap	2	1
simulation_parameters.TrainsSimulation.TrainsProductionSimulator.TrainCargoFactoryMap	2	1
simulation_parameters.TrainsSimulation.TrainsProductionSimulator.TrainProducerData	2	1
simulation_parameters.TrainsSimulation.TrainsProductionSimulator.TrainsParentProducerLookup	2	1
simulation_parameters.TrainsSimulation.WagonTypeMap	2	1
definition_snapshot.Interlock.ResearchUnlockManager.UnlockProgressManager.Progression.SideQuests[].<RequiredMechanics>k__BackingField	4608	0
definition_snapshot.Interlock.ResearchUnlockManager.UnlockProgressManager.Progression.SideQuestGroups[].<RequiredMechanics>k__BackingField	1476	0
definition_snapshot.ISimulationSystem.OnSimulationCreated.Listeners[].Target.Systems[].Simulations	1014	0
definition_snapshot.ISimulationSystem.OnSimulationCreated.Listeners[].Target.Systems[].ISimulationSystem.ConnectableSimulations	968	0
definition_snapshot.ISimulationSystem.OnSimulationCreated.Listeners[].Target.Systems[].ReceivedShapes	966	0
definition_snapshot.ISimulationSystem.OnSimulationCreated.Listeners[].Target.Systems[].ProducedRockets	828	0
definition_snapshot.Interlock.ResearchUnlockManager.Mode.PlayerLevelConfig.GoalLines[].<RequiredMechanics>k__BackingField	504	0
definition_snapshot.Interlock.ResearchUnlockManager.UnlockProgressManager.Progression.Levels[].<RequiredMechanics>k__BackingField	468	0
definition_snapshot.ConnectableSimulations[].Simulation.NextBundle[].Items	384	0
definition_snapshot.Interlock.ResearchUnlockManager.Mode.ResearchConfig.BlueprintCurrencyShapes[].<RequiredMechanics>k__BackingField	180	0
definition_snapshot.ISimulationSystem.OnSimulationCreated.Listeners[].Target.SimulationGraph.ConnectorPool.PooledInstances[]	144	0
definition_snapshot.ISimulationSystem.OnBeforeSimulationDestroyed.Listeners[].Method.CustomAttributes	48	0
definition_snapshot.ISimulationSystem.OnBeforeSimulationDestroyed.Listeners[].Method.ReturnParameter.CustomAttributes	48	0
definition_snapshot.ISimulationSystem.OnBeforeSimulationDestroyed.Listeners[].Method.ReturnTypeCustomAttributes.CustomAttributes	48	0
definition_snapshot.ISimulationSystem.OnSimulationCreated.Listeners[].Method.CustomAttributes	48	0
definition_snapshot.ISimulationSystem.OnSimulationCreated.Listeners[].Method.Module.CustomAttributes	48	0
definition_snapshot.ISimulationSystem.OnSimulationCreated.Listeners[].Method.ReflectedTypeInternal.CustomAttributes	48	0
definition_snapshot.ISimulationSystem.OnSimulationCreated.Listeners[].Method.ReflectedTypeInternal.DeclaredEvents	48	0
definition_snapshot.ISimulationSystem.OnSimulationCreated.Listeners[].Method.ReflectedTypeInternal.GenericTypeArguments	48	0
definition_snapshot.ISimulationSystem.OnSimulationCreated.Listeners[].Method.ReflectedTypeInternal.GenericTypeParameters	48	0
definition_snapshot.ISimulationSystem.OnSimulationCreated.Listeners[].Method.ReturnParameter.CustomAttributes	48	0
definition_snapshot.ISimulationSystem.OnSimulationCreated.Listeners[].Method.ReturnTypeCustomAttributes.CustomAttributes	48	0
definition_snapshot.ISimulationSystem.OnSimulationCreated.Listeners[].Target.GenericBuildingTenantSystems	48	0
definition_snapshot.ISimulationSystem.OnSimulationCreated.Listeners[].Target.Layout.BunchEditHandles	48	0
definition_snapshot.ISimulationSystem.OnSimulationCreated.Listeners[].Target.SimulationGraph.BunchEditHandles	48	0
definition_snapshot.ISimulationSystem.OnSimulationCreated.Listeners[].Target.SimulationGraph.ClustersToUpdate	48	0
definition_snapshot.ISimulationSystem.OnSimulationCreated.Listeners[].Target.SimulationGraph.ClustersToUpdateSoon	48	0
definition_snapshot.ISimulationSystem.OnSimulationCreated.Listeners[].Target.SimulationGraph.NodePool.PooledInstances	48	0
definition_snapshot.ISimulationSystem.OnSimulationCreated.Listeners[].Target.SimulationGraph.SimulationsCreatedDuringBunchEditMode	48	0
definition_snapshot.ISimulationSystem.OnSimulationCreated.Listeners[].Target.SimulationsCreatedDuringBunchEditMode	48	0
simulation_parameters.ISimulationSystem.OnBeforeSimulationDestroyed.Listeners[].Method.CustomAttributes	48	0
simulation_parameters.ISimulationSystem.OnSimulationCreated.Listeners[].Method.CustomAttributes	48	0
simulation_parameters.ISimulationSystem.OnSimulationCreated.Listeners[].Target.GenericBuildingTenantSystems	48	0
simulation_parameters.ISimulationSystem.OnSimulationCreated.Listeners[].Target.SimulationsCreatedDuringBunchEditMode	48	0
definition_snapshot.ISimulationSystem.ConnectableSimulations	46	0
definition_snapshot.ISimulationSystem.OnSimulationCreated.Listeners[].Method.ReflectedTypeInternal.BaseType.DeclaredEvents	46	0
definition_snapshot.ISimulationSystem.OnSimulationCreated.Listeners[].Method.ReflectedTypeInternal.BaseType.DeclaredFields	46	0
definition_snapshot.ISimulationSystem.OnSimulationCreated.Listeners[].Method.ReflectedTypeInternal.BaseType.DeclaredNestedTypes	46	0
definition_snapshot.ISimulationSystem.OnSimulationCreated.Listeners[].Method.ReflectedTypeInternal.BaseType.DeclaredProperties	46	0
definition_snapshot.ISimulationSystem.OnSimulationCreated.Listeners[].Method.ReflectedTypeInternal.BaseType.GenericTypeArguments	46	0
definition_snapshot.ISimulationSystem.OnSimulationCreated.Listeners[].Method.ReflectedTypeInternal.BaseType.GenericTypeParameters	46	0
definition_snapshot.ISimulationSystem.OnSimulationCreated.Listeners[].Method.ReflectedTypeInternal.BaseType.ImplementedInterfaces	46	0
definition_snapshot.ISimulationSystem.OnSimulationCreated.Listeners[].Method.ReturnParameter.ParameterType.CustomAttributes	46	0
definition_snapshot.ISimulationSystem.OnSimulationCreated.Listeners[].Method.ReturnParameter.ParameterType.DeclaredConstructors	46	0
definition_snapshot.ISimulationSystem.OnSimulationCreated.Listeners[].Method.ReturnParameter.ParameterType.DeclaredEvents	46	0
definition_snapshot.ISimulationSystem.OnSimulationCreated.Listeners[].Method.ReturnParameter.ParameterType.DeclaredFields	46	0
definition_snapshot.ISimulationSystem.OnSimulationCreated.Listeners[].Method.ReturnParameter.ParameterType.DeclaredMembers	46	0
definition_snapshot.ISimulationSystem.OnSimulationCreated.Listeners[].Method.ReturnParameter.ParameterType.DeclaredMethods	46	0
definition_snapshot.ISimulationSystem.OnSimulationCreated.Listeners[].Method.ReturnParameter.ParameterType.DeclaredNestedTypes	46	0
definition_snapshot.ISimulationSystem.OnSimulationCreated.Listeners[].Method.ReturnParameter.ParameterType.DeclaredProperties	46	0
definition_snapshot.ISimulationSystem.OnSimulationCreated.Listeners[].Method.ReturnParameter.ParameterType.GenericTypeArguments	46	0
definition_snapshot.ISimulationSystem.OnSimulationCreated.Listeners[].Method.ReturnParameter.ParameterType.GenericTypeParameters	46	0
definition_snapshot.ISimulationSystem.OnSimulationCreated.Listeners[].Method.ReturnParameter.ParameterType.ImplementedInterfaces	46	0
definition_snapshot.ISimulationSystem.OnSimulationCreated.Listeners[].Target.ChunkBasedSystems[].ISimulationSystem.ConnectableSimulations	46	0
definition_snapshot.ISimulationSystem.OnSimulationCreated.Listeners[].Target.TileBasedSystems[].ISimulationSystem.ConnectableSimulations	46	0
definition_snapshot.ISimulationSystem.OnSimulationCreated.Listeners[].Target.TileBasedSystems[].ReceivedShapes	46	0
simulation_parameters.ISimulationSystem.ConnectableSimulations	46	0
definition_snapshot.Simulations	44	0
simulation_parameters.Simulations	44	0
definition_snapshot.OnSimulationCreated.Listeners[].Target.Systems[].ReceivedShapes	42	0
definition_snapshot.OnSimulationCreated.Listeners[].Target.Systems[].Simulations	42	0
definition_snapshot.OnSimulationCreated.Listeners[].Target.Systems[].ISimulationSystem.ConnectableSimulations	40	0
definition_snapshot.IRocketProducerSystem.OnRocketProduced.Listeners[].Target.LocalizedSimulationType.CustomAttributes	36	0
definition_snapshot.IRocketProducerSystem.OnRocketProduced.Listeners[].Target.LocalizedSimulationType.DeclaredEvents	36	0
definition_snapshot.IRocketProducerSystem.OnRocketProduced.Listeners[].Target.LocalizedSimulationType.GenericTypeArguments	36	0
definition_snapshot.IRocketProducerSystem.OnRocketProduced.Listeners[].Target.LocalizedSimulationType.GenericTypeParameters	36	0
definition_snapshot.IRocketProducerSystem.OnRocketProduced.Listeners[].Target.LocalizedSimulationType.Module.CustomAttributes	36	0
definition_snapshot.IRocketProducerSystem.OnRocketProduced.Listeners[].Target.SimulationType.BaseType.CustomAttributes	36	0
definition_snapshot.IRocketProducerSystem.OnRocketProduced.Listeners[].Target.SimulationType.BaseType.DeclaredEvents	36	0
definition_snapshot.IRocketProducerSystem.OnRocketProduced.Listeners[].Target.SimulationType.BaseType.DeclaredMethods	36	0
definition_snapshot.IRocketProducerSystem.OnRocketProduced.Listeners[].Target.SimulationType.BaseType.DeclaredNestedTypes	36	0
definition_snapshot.IRocketProducerSystem.OnRocketProduced.Listeners[].Target.SimulationType.BaseType.DeclaredProperties	36	0
definition_snapshot.IRocketProducerSystem.OnRocketProduced.Listeners[].Target.SimulationType.BaseType.GenericTypeParameters	36	0
definition_snapshot.IRocketProducerSystem.OnRocketProduced.Listeners[].Target.SimulationType.CustomAttributes	36	0
definition_snapshot.IRocketProducerSystem.OnRocketProduced.Listeners[].Target.SimulationType.DeclaredEvents	36	0
definition_snapshot.IRocketProducerSystem.OnRocketProduced.Listeners[].Target.SimulationType.GenericTypeArguments	36	0
definition_snapshot.IRocketProducerSystem.OnRocketProduced.Listeners[].Target.SimulationType.GenericTypeParameters	36	0
definition_snapshot.IRocketProducerSystem.OnRocketProduced.Listeners[].Target.SimulationType.Module.CustomAttributes	36	0
definition_snapshot.Interlock.LockedEntry.<RequiredMechanics>k__BackingField	36	0
definition_snapshot.Interlock.LockedEntry.<RequiredUpgrades>k__BackingField	36	0
definition_snapshot.Interlock.ResearchUnlockManager.Mode.Tutorial.<Groups>k__BackingField	36	0
definition_snapshot.Interlock.ResearchUnlockManager.Mode.Tutorial.SkillAcademyGroup.<MainSteps>k__BackingField	36	0
definition_snapshot.Interlock.ResearchUnlockManager.Mode.WikiDatabase.Entries.WKBelts_Checkpoints.<RequiredMechanics>k__BackingField	36	0
definition_snapshot.Interlock.ResearchUnlockManager.Mode.WikiDatabase.Entries.WKBelts_Checkpoints.<RequiredUpgrades>k__BackingField	36	0
definition_snapshot.Interlock.ResearchUnlockManager.Mode.WikiDatabase.Entries.WKBelts_IdealRatios.<RequiredMechanics>k__BackingField	36	0
definition_snapshot.Interlock.ResearchUnlockManager.Mode.WikiDatabase.Entries.WKBelts_IdealRatios.<RequiredUpgrades>k__BackingField	36	0
definition_snapshot.Interlock.ResearchUnlockManager.Mode.WikiDatabase.Entries.WKBelts_Intro.<RequiredMechanics>k__BackingField	36	0
definition_snapshot.Interlock.ResearchUnlockManager.Mode.WikiDatabase.Entries.WKBelts_Intro.<RequiredUpgrades>k__BackingField	36	0
definition_snapshot.Interlock.ResearchUnlockManager.Mode.WikiDatabase.Entries.WKBelts_Lifts.<RequiredUpgrades>k__BackingField	36	0
definition_snapshot.Interlock.ResearchUnlockManager.Mode.WikiDatabase.Entries.WKBelts_Merging.<RequiredMechanics>k__BackingField	36	0
definition_snapshot.Interlock.ResearchUnlockManager.Mode.WikiDatabase.Entries.WKBelts_Merging.<RequiredUpgrades>k__BackingField	36	0
definition_snapshot.Interlock.ResearchUnlockManager.Mode.WikiDatabase.Entries.WKBelts_OverflowSplitter.<RequiredMechanics>k__BackingField	36	0
definition_snapshot.Interlock.ResearchUnlockManager.Mode.WikiDatabase.Entries.WKBelts_Placement.<RequiredMechanics>k__BackingField	36	0
definition_snapshot.Interlock.ResearchUnlockManager.Mode.WikiDatabase.Entries.WKBelts_Placement.<RequiredUpgrades>k__BackingField	36	0
definition_snapshot.Interlock.ResearchUnlockManager.Mode.WikiDatabase.Entries.WKBelts_Splitting.<RequiredMechanics>k__BackingField	36	0
definition_snapshot.Interlock.ResearchUnlockManager.Mode.WikiDatabase.Entries.WKBelts_Splitting.<RequiredUpgrades>k__BackingField	36	0
definition_snapshot.Interlock.ResearchUnlockManager.Mode.WikiDatabase.Entries.WKBlueprints_Cost.<RequiredUpgrades>k__BackingField	36	0
definition_snapshot.Interlock.ResearchUnlockManager.Mode.WikiDatabase.Entries.WKBlueprints_Flipping.<RequiredUpgrades>k__BackingField	36	0
definition_snapshot.Interlock.ResearchUnlockManager.Mode.WikiDatabase.Entries.WKBlueprints_Folders.<RequiredUpgrades>k__BackingField	36	0
definition_snapshot.Interlock.ResearchUnlockManager.Mode.WikiDatabase.Entries.WKBlueprints_Icons.<RequiredUpgrades>k__BackingField	36	0
definition_snapshot.Interlock.ResearchUnlockManager.Mode.WikiDatabase.Entries.WKBlueprints_Intro.<RequiredUpgrades>k__BackingField	36	0
definition_snapshot.Interlock.ResearchUnlockManager.Mode.WikiDatabase.Entries.WKBlueprints_Library.<RequiredUpgrades>k__BackingField	36	0
definition_snapshot.Interlock.ResearchUnlockManager.Mode.WikiDatabase.Entries.WKBlueprints_PasteLast.<RequiredUpgrades>k__BackingField	36	0
definition_snapshot.Interlock.ResearchUnlockManager.Mode.WikiDatabase.Entries.WKBlueprints_Sharing.<RequiredUpgrades>k__BackingField	36	0
definition_snapshot.Interlock.ResearchUnlockManager.Mode.WikiDatabase.Entries.WKBlueprints_Toolbar.<RequiredUpgrades>k__BackingField	36	0
definition_snapshot.Interlock.ResearchUnlockManager.Mode.WikiDatabase.Entries.WKCameraNavigation_CameraSnapping.<RequiredMechanics>k__BackingField	36	0
definition_snapshot.Interlock.ResearchUnlockManager.Mode.WikiDatabase.Entries.WKCameraNavigation_CameraSnapping.<RequiredUpgrades>k__BackingField	36	0
definition_snapshot.Interlock.ResearchUnlockManager.Mode.WikiDatabase.Entries.WKCameraNavigation_JumpToHub.<RequiredMechanics>k__BackingField	36	0
definition_snapshot.Interlock.ResearchUnlockManager.Mode.WikiDatabase.Entries.WKCameraNavigation_JumpToHub.<RequiredUpgrades>k__BackingField	36	0
definition_snapshot.Interlock.ResearchUnlockManager.Mode.WikiDatabase.Entries.WKCameraNavigation_MapMarkers.<RequiredUpgrades>k__BackingField	36	0
definition_snapshot.Interlock.ResearchUnlockManager.Mode.WikiDatabase.Entries.WKCameraNavigation_Movement.<RequiredMechanics>k__BackingField	36	0
definition_snapshot.Interlock.ResearchUnlockManager.Mode.WikiDatabase.Entries.WKCameraNavigation_Movement.<RequiredUpgrades>k__BackingField	36	0
definition_snapshot.Interlock.ResearchUnlockManager.Mode.WikiDatabase.Entries.WKCameraNavigation_Rotation.<RequiredMechanics>k__BackingField	36	0
definition_snapshot.Interlock.ResearchUnlockManager.Mode.WikiDatabase.Entries.WKCameraNavigation_Rotation.<RequiredUpgrades>k__BackingField	36	0
definition_snapshot.Interlock.ResearchUnlockManager.Mode.WikiDatabase.Entries.WKCameraNavigation_SwitchingFloors.<RequiredUpgrades>k__BackingField	36	0
definition_snapshot.Interlock.ResearchUnlockManager.Mode.WikiDatabase.Entries.WKCameraNavigation_Visualizations.<RequiredMechanics>k__BackingField	36	0
definition_snapshot.Interlock.ResearchUnlockManager.Mode.WikiDatabase.Entries.WKCameraNavigation_Visualizations.<RequiredUpgrades>k__BackingField	36	0
definition_snapshot.Interlock.ResearchUnlockManager.Mode.WikiDatabase.Entries.WKCameraNavigation_Zoom.<RequiredMechanics>k__BackingField	36	0
definition_snapshot.Interlock.ResearchUnlockManager.Mode.WikiDatabase.Entries.WKCameraNavigation_Zoom.<RequiredUpgrades>k__BackingField	36	0
definition_snapshot.Interlock.ResearchUnlockManager.Mode.WikiDatabase.Entries.WKClassicHardWelcome.<RelatedEntries>k__BackingField	36	0
definition_snapshot.Interlock.ResearchUnlockManager.Mode.WikiDatabase.Entries.WKClassicHardWelcome.<RequiredMechanics>k__BackingField	36	0
definition_snapshot.Interlock.ResearchUnlockManager.Mode.WikiDatabase.Entries.WKClassicHardWelcome.<RequiredUpgrades>k__BackingField	36	0
definition_snapshot.Interlock.ResearchUnlockManager.Mode.WikiDatabase.Entries.WKClassicInsaneWelcome.<RelatedEntries>k__BackingField	36	0
definition_snapshot.Interlock.ResearchUnlockManager.Mode.WikiDatabase.Entries.WKClassicInsaneWelcome.<RequiredMechanics>k__BackingField	36	0
definition_snapshot.Interlock.ResearchUnlockManager.Mode.WikiDatabase.Entries.WKClassicInsaneWelcome.<RequiredUpgrades>k__BackingField	36	0
definition_snapshot.Interlock.ResearchUnlockManager.Mode.WikiDatabase.Entries.WKClassicRegularWelcome.<RelatedEntries>k__BackingField	36	0
definition_snapshot.Interlock.ResearchUnlockManager.Mode.WikiDatabase.Entries.WKClassicRegularWelcome.<RequiredMechanics>k__BackingField	36	0
definition_snapshot.Interlock.ResearchUnlockManager.Mode.WikiDatabase.Entries.WKClassicRegularWelcome.<RequiredUpgrades>k__BackingField	36	0
definition_snapshot.Interlock.ResearchUnlockManager.Mode.WikiDatabase.Entries.WKFluids_ColorBlindness.<RequiredUpgrades>k__BackingField	36	0
definition_snapshot.Interlock.ResearchUnlockManager.Mode.WikiDatabase.Entries.WKFluids_ColorMode.<RequiredUpgrades>k__BackingField	36	0
definition_snapshot.Interlock.ResearchUnlockManager.Mode.WikiDatabase.Entries.WKFluids_CrystalGenerator.<RequiredUpgrades>k__BackingField	36	0
definition_snapshot.Interlock.ResearchUnlockManager.Mode.WikiDatabase.Entries.WKFluids_FluidLaunchers.<RequiredUpgrades>k__BackingField	36	0
definition_snapshot.Interlock.ResearchUnlockManager.Mode.WikiDatabase.Entries.WKFluids_FluidMiners.<RequiredUpgrades>k__BackingField	36	0
definition_snapshot.Interlock.ResearchUnlockManager.Mode.WikiDatabase.Entries.WKFluids_FluidTank.<RequiredUpgrades>k__BackingField	36	0
definition_snapshot.Interlock.ResearchUnlockManager.Mode.WikiDatabase.Entries.WKFluids_Intro.<RequiredUpgrades>k__BackingField	36	0
definition_snapshot.Interlock.ResearchUnlockManager.Mode.WikiDatabase.Entries.WKFluids_Mixing.<RequiredUpgrades>k__BackingField	36	0
definition_snapshot.Interlock.ResearchUnlockManager.Mode.WikiDatabase.Entries.WKFluids_Painting.<RequiredUpgrades>k__BackingField	36	0
definition_snapshot.Interlock.ResearchUnlockManager.Mode.WikiDatabase.Entries.WKFluids_Pipes.<RequiredUpgrades>k__BackingField	36	0
definition_snapshot.Interlock.ResearchUnlockManager.Mode.WikiDatabase.Entries.WKFluids_Pump.<RequiredUpgrades>k__BackingField	36	0
definition_snapshot.Interlock.ResearchUnlockManager.Mode.WikiDatabase.Entries.WKFluids_SpacePipes.<RequiredUpgrades>k__BackingField	36	0
definition_snapshot.Interlock.ResearchUnlockManager.Mode.WikiDatabase.Entries.WKIslands_Floors.<RequiredUpgrades>k__BackingField	36	0
definition_snapshot.Interlock.ResearchUnlockManager.Mode.WikiDatabase.Entries.WKIslands_Foundations.<RequiredUpgrades>k__BackingField	36	0
definition_snapshot.Interlock.ResearchUnlockManager.Mode.WikiDatabase.Entries.WKIslands_ModularBuilds.<RequiredUpgrades>k__BackingField	36	0
definition_snapshot.Interlock.ResearchUnlockManager.Mode.WikiDatabase.Entries.WKIslands_PlatformLimit.<RequiredUpgrades>k__BackingField	36	0
definition_snapshot.Interlock.ResearchUnlockManager.Mode.WikiDatabase.Entries.WKIslands_ShapeMiners.<RequiredUpgrades>k__BackingField	36	0
definition_snapshot.Interlock.ResearchUnlockManager.Mode.WikiDatabase.Entries.WKIslands_SpaceBeltLifts.<RequiredUpgrades>k__BackingField	36	0
definition_snapshot.Interlock.ResearchUnlockManager.Mode.WikiDatabase.Entries.WKIslands_SpaceBelts.<RequiredUpgrades>k__BackingField	36	0
definition_snapshot.Interlock.ResearchUnlockManager.Mode.WikiDatabase.Entries.WKIslands_SpaceMode.<RequiredUpgrades>k__BackingField	36	0
definition_snapshot.Interlock.ResearchUnlockManager.Mode.WikiDatabase.Entries.WKIslands_SpacePlatforms.<RequiredUpgrades>k__BackingField	36	0
definition_snapshot.Interlock.ResearchUnlockManager.Mode.WikiDatabase.Entries.WKMisc_Challenges.<RequiredMechanics>k__BackingField	36	0
definition_snapshot.Interlock.ResearchUnlockManager.Mode.WikiDatabase.Entries.WKMisc_Challenges.<RequiredUpgrades>k__BackingField	36	0
definition_snapshot.Interlock.ResearchUnlockManager.Mode.WikiDatabase.Entries.WKMisc_ConsoleCommands.<RelatedEntries>k__BackingField	36	0
definition_snapshot.Interlock.ResearchUnlockManager.Mode.WikiDatabase.Entries.WKMisc_ConsoleCommands.<RequiredMechanics>k__BackingField	36	0
definition_snapshot.Interlock.ResearchUnlockManager.Mode.WikiDatabase.Entries.WKMisc_ConsoleCommands.<RequiredUpgrades>k__BackingField	36	0
definition_snapshot.Interlock.ResearchUnlockManager.Mode.WikiDatabase.Entries.WKMisc_Difficulty.<RequiredMechanics>k__BackingField	36	0
definition_snapshot.Interlock.ResearchUnlockManager.Mode.WikiDatabase.Entries.WKMisc_Difficulty.<RequiredUpgrades>k__BackingField	36	0
definition_snapshot.Interlock.ResearchUnlockManager.Mode.WikiDatabase.Entries.WKMisc_Feedback.<RelatedEntries>k__BackingField	36	0
definition_snapshot.Interlock.ResearchUnlockManager.Mode.WikiDatabase.Entries.WKMisc_Feedback.<RequiredMechanics>k__BackingField	36	0
definition_snapshot.Interlock.ResearchUnlockManager.Mode.WikiDatabase.Entries.WKMisc_Feedback.<RequiredUpgrades>k__BackingField	36	0
definition_snapshot.Interlock.ResearchUnlockManager.Mode.WikiDatabase.Entries.WKMisc_GameModes.<RequiredMechanics>k__BackingField	36	0
definition_snapshot.Interlock.ResearchUnlockManager.Mode.WikiDatabase.Entries.WKMisc_GameModes.<RequiredUpgrades>k__BackingField	36	0
definition_snapshot.Interlock.ResearchUnlockManager.Mode.WikiDatabase.Entries.WKMisc_MapGeneration.<RequiredMechanics>k__BackingField	36	0
definition_snapshot.Interlock.ResearchUnlockManager.Mode.WikiDatabase.Entries.WKMisc_MapGeneration.<RequiredUpgrades>k__BackingField	36	0
definition_snapshot.Interlock.ResearchUnlockManager.Mode.WikiDatabase.Entries.WKPlacement_AreaDeletion.<RequiredMechanics>k__BackingField	36	0
definition_snapshot.Interlock.ResearchUnlockManager.Mode.WikiDatabase.Entries.WKPlacement_AreaDeletion.<RequiredUpgrades>k__BackingField	36	0
definition_snapshot.Interlock.ResearchUnlockManager.Mode.WikiDatabase.Entries.WKPlacement_AreaSelection.<RequiredMechanics>k__BackingField	36	0
definition_snapshot.Interlock.ResearchUnlockManager.Mode.WikiDatabase.Entries.WKPlacement_AreaSelection.<RequiredUpgrades>k__BackingField	36	0
definition_snapshot.Interlock.ResearchUnlockManager.Mode.WikiDatabase.Entries.WKPlacement_ClearContents.<RequiredMechanics>k__BackingField	36	0
definition_snapshot.Interlock.ResearchUnlockManager.Mode.WikiDatabase.Entries.WKPlacement_ClearContents.<RequiredUpgrades>k__BackingField	36	0
definition_snapshot.Interlock.ResearchUnlockManager.Mode.WikiDatabase.Entries.WKPlacement_Deletion.<RequiredMechanics>k__BackingField	36	0
definition_snapshot.Interlock.ResearchUnlockManager.Mode.WikiDatabase.Entries.WKPlacement_Deletion.<RequiredUpgrades>k__BackingField	36	0
definition_snapshot.Interlock.ResearchUnlockManager.Mode.WikiDatabase.Entries.WKPlacement_FilterSelection.<RequiredMechanics>k__BackingField	36	0
definition_snapshot.Interlock.ResearchUnlockManager.Mode.WikiDatabase.Entries.WKPlacement_FilterSelection.<RequiredUpgrades>k__BackingField	36	0
definition_snapshot.Interlock.ResearchUnlockManager.Mode.WikiDatabase.Entries.WKPlacement_FloorVisibility.<RequiredUpgrades>k__BackingField	36	0
definition_snapshot.Interlock.ResearchUnlockManager.Mode.WikiDatabase.Entries.WKPlacement_Mirroring.<RequiredMechanics>k__BackingField	36	0
definition_snapshot.Interlock.ResearchUnlockManager.Mode.WikiDatabase.Entries.WKPlacement_Mirroring.<RequiredUpgrades>k__BackingField	36	0
definition_snapshot.Interlock.ResearchUnlockManager.Mode.WikiDatabase.Entries.WKPlacement_Pipette.<RequiredMechanics>k__BackingField	36	0
definition_snapshot.Interlock.ResearchUnlockManager.Mode.WikiDatabase.Entries.WKPlacement_Pipette.<RequiredUpgrades>k__BackingField	36	0
definition_snapshot.Interlock.ResearchUnlockManager.Mode.WikiDatabase.Entries.WKPlacement_Placement.<RequiredMechanics>k__BackingField	36	0
definition_snapshot.Interlock.ResearchUnlockManager.Mode.WikiDatabase.Entries.WKPlacement_Placement.<RequiredUpgrades>k__BackingField	36	0
definition_snapshot.Interlock.ResearchUnlockManager.Mode.WikiDatabase.Entries.WKPlacement_Rotation.<RequiredMechanics>k__BackingField	36	0
definition_snapshot.Interlock.ResearchUnlockManager.Mode.WikiDatabase.Entries.WKPlacement_Rotation.<RequiredUpgrades>k__BackingField	36	0
definition_snapshot.Interlock.ResearchUnlockManager.Mode.WikiDatabase.Entries.WKPlacement_SelectConnected.<RequiredMechanics>k__BackingField	36	0
definition_snapshot.Interlock.ResearchUnlockManager.Mode.WikiDatabase.Entries.WKPlacement_SelectConnected.<RequiredUpgrades>k__BackingField	36	0
definition_snapshot.Interlock.ResearchUnlockManager.Mode.WikiDatabase.Entries.WKPlacement_SwitchingVariants.<RequiredMechanics>k__BackingField	36	0
definition_snapshot.Interlock.ResearchUnlockManager.Mode.WikiDatabase.Entries.WKPlacement_SwitchingVariants.<RequiredUpgrades>k__BackingField	36	0
definition_snapshot.Interlock.ResearchUnlockManager.Mode.WikiDatabase.Entries.WKPlacement_Toolbar.<RequiredMechanics>k__BackingField	36	0
definition_snapshot.Interlock.ResearchUnlockManager.Mode.WikiDatabase.Entries.WKPlacement_Toolbar.<RequiredUpgrades>k__BackingField	36	0
definition_snapshot.Interlock.ResearchUnlockManager.Mode.WikiDatabase.Entries.WKPlacement_UndoRedo.<RequiredMechanics>k__BackingField	36	0
definition_snapshot.Interlock.ResearchUnlockManager.Mode.WikiDatabase.Entries.WKPlacement_UndoRedo.<RequiredUpgrades>k__BackingField	36	0
definition_snapshot.Interlock.ResearchUnlockManager.Mode.WikiDatabase.Entries.WKProcessing_BuildingMode.<RequiredMechanics>k__BackingField	36	0
definition_snapshot.Interlock.ResearchUnlockManager.Mode.WikiDatabase.Entries.WKProcessing_BuildingMode.<RequiredUpgrades>k__BackingField	36	0
definition_snapshot.Interlock.ResearchUnlockManager.Mode.WikiDatabase.Entries.WKProcessing_Cutter.<RequiredMechanics>k__BackingField	36	0
definition_snapshot.Interlock.ResearchUnlockManager.Mode.WikiDatabase.Entries.WKProcessing_Extractor.<RequiredMechanics>k__BackingField	36	0
definition_snapshot.Interlock.ResearchUnlockManager.Mode.WikiDatabase.Entries.WKProcessing_Extractor.<RequiredUpgrades>k__BackingField	36	0
definition_snapshot.Interlock.ResearchUnlockManager.Mode.WikiDatabase.Entries.WKProcessing_Floors.<RequiredUpgrades>k__BackingField	36	0
definition_snapshot.Interlock.ResearchUnlockManager.Mode.WikiDatabase.Entries.WKProcessing_HalfDestroyer.<RequiredMechanics>k__BackingField	36	0
definition_snapshot.Interlock.ResearchUnlockManager.Mode.WikiDatabase.Entries.WKProcessing_HalfDestroyer.<RequiredUpgrades>k__BackingField	36	0
definition_snapshot.Interlock.ResearchUnlockManager.Mode.WikiDatabase.Entries.WKProcessing_Intro.<RequiredMechanics>k__BackingField	36	0
definition_snapshot.Interlock.ResearchUnlockManager.Mode.WikiDatabase.Entries.WKProcessing_Intro.<RequiredUpgrades>k__BackingField	36	0
definition_snapshot.Interlock.ResearchUnlockManager.Mode.WikiDatabase.Entries.WKProcessing_PinPusher.<RequiredMechanics>k__BackingField	36	0
definition_snapshot.Interlock.ResearchUnlockManager.Mode.WikiDatabase.Entries.WKProcessing_Rotator.<RequiredMechanics>k__BackingField	36	0
definition_snapshot.Interlock.ResearchUnlockManager.Mode.WikiDatabase.Entries.WKProcessing_Rotator.<RequiredUpgrades>k__BackingField	36	0
definition_snapshot.Interlock.ResearchUnlockManager.Mode.WikiDatabase.Entries.WKProcessing_Stacker.<RequiredMechanics>k__BackingField	36	0
definition_snapshot.Interlock.ResearchUnlockManager.Mode.WikiDatabase.Entries.WKProcessing_Swapper.<RequiredMechanics>k__BackingField	36	0
definition_snapshot.Interlock.ResearchUnlockManager.Mode.WikiDatabase.Entries.WKShapes_Code.<RequiredMechanics>k__BackingField	36	0
definition_snapshot.Interlock.ResearchUnlockManager.Mode.WikiDatabase.Entries.WKShapes_Code.<RequiredUpgrades>k__BackingField	36	0
definition_snapshot.Interlock.ResearchUnlockManager.Mode.WikiDatabase.Entries.WKShapes_CreatingDiagonals.<RequiredMechanics>k__BackingField	36	0
definition_snapshot.Interlock.ResearchUnlockManager.Mode.WikiDatabase.Entries.WKShapes_CreatingDiagonals.<RequiredUpgrades>k__BackingField	36	0
definition_snapshot.Interlock.ResearchUnlockManager.Mode.WikiDatabase.Entries.WKShapes_CreatingQuarters.<RequiredMechanics>k__BackingField	36	0
definition_snapshot.Interlock.ResearchUnlockManager.Mode.WikiDatabase.Entries.WKShapes_CreatingQuarters.<RequiredUpgrades>k__BackingField	36	0
definition_snapshot.Interlock.ResearchUnlockManager.Mode.WikiDatabase.Entries.WKShapes_Crystals.<RequiredMechanics>k__BackingField	36	0
definition_snapshot.Interlock.ResearchUnlockManager.Mode.WikiDatabase.Entries.WKShapes_Overhangs.<RequiredMechanics>k__BackingField	36	0
definition_snapshot.Interlock.ResearchUnlockManager.Mode.WikiDatabase.Entries.WKShapes_Overhangs.<RequiredUpgrades>k__BackingField	36	0
definition_snapshot.Interlock.ResearchUnlockManager.Mode.WikiDatabase.Entries.WKShapes_Pins.<RequiredMechanics>k__BackingField	36	0
definition_snapshot.Interlock.ResearchUnlockManager.Mode.WikiDatabase.Entries.WKShapes_Predictions.<RequiredMechanics>k__BackingField	36	0
definition_snapshot.Interlock.ResearchUnlockManager.Mode.WikiDatabase.Entries.WKShapes_Predictions.<RequiredUpgrades>k__BackingField	36	0
definition_snapshot.Interlock.ResearchUnlockManager.Mode.WikiDatabase.Entries.WKShapes_ShapeLayerLimit.<RequiredMechanics>k__BackingField	36	0
definition_snapshot.Interlock.ResearchUnlockManager.Mode.WikiDatabase.Entries.WKShapes_ShapeLayerLimit.<RequiredUpgrades>k__BackingField	36	0
definition_snapshot.Interlock.ResearchUnlockManager.Mode.WikiDatabase.Entries.WKShapes_ShapeViewer.<RequiredMechanics>k__BackingField	36	0
definition_snapshot.Interlock.ResearchUnlockManager.Mode.WikiDatabase.Entries.WKShapes_ShapeViewer.<RequiredUpgrades>k__BackingField	36	0
definition_snapshot.Interlock.ResearchUnlockManager.Mode.WikiDatabase.Entries.WKShapes_Shapes.<RequiredMechanics>k__BackingField	36	0
definition_snapshot.Interlock.ResearchUnlockManager.Mode.WikiDatabase.Entries.WKShapes_Shapes.<RequiredUpgrades>k__BackingField	36	0
definition_snapshot.Interlock.ResearchUnlockManager.Mode.WikiDatabase.Entries.WKTrains_FluidTransport.<RequiredUpgrades>k__BackingField	36	0
definition_snapshot.Interlock.ResearchUnlockManager.Mode.WikiDatabase.Entries.WKTrains_Intro.<RequiredUpgrades>k__BackingField	36	0
definition_snapshot.Interlock.ResearchUnlockManager.Mode.WikiDatabase.Entries.WKTrains_Locomotives.<RequiredUpgrades>k__BackingField	36	0
definition_snapshot.Interlock.ResearchUnlockManager.Mode.WikiDatabase.Entries.WKTrains_Rails.<RequiredUpgrades>k__BackingField	36	0
definition_snapshot.Interlock.ResearchUnlockManager.Mode.WikiDatabase.Entries.WKTrains_ShapeTransport.<RequiredUpgrades>k__BackingField	36	0
definition_snapshot.Interlock.ResearchUnlockManager.Mode.WikiDatabase.Entries.WKTrains_SpacerWagons.<RequiredUpgrades>k__BackingField	36	0
definition_snapshot.Interlock.ResearchUnlockManager.Mode.WikiDatabase.Entries.WKTrains_SupporterEdition.<RequiredUpgrades>k__BackingField	36	0
definition_snapshot.Interlock.ResearchUnlockManager.Mode.WikiDatabase.Entries.WKTrains_TrainRoutes.<RequiredUpgrades>k__BackingField	36	0
definition_snapshot.Interlock.ResearchUnlockManager.Mode.WikiDatabase.Entries.WKTrains_TrainStations.<RequiredUpgrades>k__BackingField	36	0
definition_snapshot.Interlock.ResearchUnlockManager.Mode.WikiDatabase.Entries.WKTrains_TrainStops.<RequiredUpgrades>k__BackingField	36	0
definition_snapshot.Interlock.ResearchUnlockManager.Mode.WikiDatabase.Entries.WKTrains_Wagons.<RequiredUpgrades>k__BackingField	36	0
definition_snapshot.Interlock.ResearchUnlockManager.Mode.WikiDatabase.Entries.WKTutorialWelcome.<RelatedEntries>k__BackingField	36	0
definition_snapshot.Interlock.ResearchUnlockManager.Mode.WikiDatabase.Entries.WKTutorialWelcome.<RequiredMechanics>k__BackingField	36	0
definition_snapshot.Interlock.ResearchUnlockManager.Mode.WikiDatabase.Entries.WKTutorialWelcome.<RequiredUpgrades>k__BackingField	36	0
definition_snapshot.Interlock.ResearchUnlockManager.Mode.WikiDatabase.Entries.WKVortexLTD_Anomaly221.<RelatedEntries>k__BackingField	36	0
definition_snapshot.Interlock.ResearchUnlockManager.Mode.WikiDatabase.Entries.WKVortexLTD_Anomaly221.<RequiredUpgrades>k__BackingField	36	0
definition_snapshot.Interlock.ResearchUnlockManager.Mode.WikiDatabase.Entries.WKVortexLTD_BoardMinutes.<RelatedEntries>k__BackingField	36	0
definition_snapshot.Interlock.ResearchUnlockManager.Mode.WikiDatabase.Entries.WKVortexLTD_BoardMinutes.<RequiredUpgrades>k__BackingField	36	0
definition_snapshot.Interlock.ResearchUnlockManager.Mode.WikiDatabase.Entries.WKVortexLTD_CompletionNotice.<RelatedEntries>k__BackingField	36	0
definition_snapshot.Interlock.ResearchUnlockManager.Mode.WikiDatabase.Entries.WKVortexLTD_CompletionNotice.<RequiredUpgrades>k__BackingField	36	0
definition_snapshot.Interlock.ResearchUnlockManager.Mode.WikiDatabase.Entries.WKVortexLTD_CrystalBrief.<RelatedEntries>k__BackingField	36	0
definition_snapshot.Interlock.ResearchUnlockManager.Mode.WikiDatabase.Entries.WKVortexLTD_CrystalBrief.<RequiredUpgrades>k__BackingField	36	0
definition_snapshot.Interlock.ResearchUnlockManager.Mode.WikiDatabase.Entries.WKVortexLTD_Handbook.<RelatedEntries>k__BackingField	36	0
definition_snapshot.Interlock.ResearchUnlockManager.Mode.WikiDatabase.Entries.WKVortexLTD_Handbook.<RequiredMechanics>k__BackingField	36	0
definition_snapshot.Interlock.ResearchUnlockManager.Mode.WikiDatabase.Entries.WKVortexLTD_Handbook.<RequiredUpgrades>k__BackingField	36	0
definition_snapshot.Interlock.ResearchUnlockManager.Mode.WikiDatabase.Entries.WKVortexLTD_NinthColor.<RelatedEntries>k__BackingField	36	0
definition_snapshot.Interlock.ResearchUnlockManager.Mode.WikiDatabase.Entries.WKVortexLTD_NinthColor.<RequiredUpgrades>k__BackingField	36	0
definition_snapshot.Interlock.ResearchUnlockManager.Mode.WikiDatabase.Entries.WKVortexLTD_Pigment.<RelatedEntries>k__BackingField	36	0
definition_snapshot.Interlock.ResearchUnlockManager.Mode.WikiDatabase.Entries.WKVortexLTD_Pigment.<RequiredUpgrades>k__BackingField	36	0
definition_snapshot.Interlock.ResearchUnlockManager.Mode.WikiDatabase.Entries.WKVortexLTD_RailIncident.<RelatedEntries>k__BackingField	36	0
definition_snapshot.Interlock.ResearchUnlockManager.Mode.WikiDatabase.Entries.WKVortexLTD_RailIncident.<RequiredUpgrades>k__BackingField	36	0
definition_snapshot.Interlock.ResearchUnlockManager.Mode.WikiDatabase.Entries.WKVortexLTD_Singularity.<RelatedEntries>k__BackingField	36	0
definition_snapshot.Interlock.ResearchUnlockManager.Mode.WikiDatabase.Entries.WKVortexLTD_Singularity.<RequiredUpgrades>k__BackingField	36	0
definition_snapshot.Interlock.ResearchUnlockManager.Mode.WikiDatabase.Entries.WKVortexLTD_Stilts.<RelatedEntries>k__BackingField	36	0
definition_snapshot.Interlock.ResearchUnlockManager.Mode.WikiDatabase.Entries.WKVortexLTD_Stilts.<RequiredUpgrades>k__BackingField	36	0
definition_snapshot.Interlock.ResearchUnlockManager.Mode.WikiDatabase.Entries.WKVortexLTD_VasquezLog.<RelatedEntries>k__BackingField	36	0
definition_snapshot.Interlock.ResearchUnlockManager.Mode.WikiDatabase.Entries.WKVortexLTD_VasquezLog.<RequiredUpgrades>k__BackingField	36	0
definition_snapshot.Interlock.ResearchUnlockManager.Mode.WikiDatabase.Entries.WKVortexLTD_VerticalClearance.<RelatedEntries>k__BackingField	36	0
definition_snapshot.Interlock.ResearchUnlockManager.Mode.WikiDatabase.Entries.WKVortexLTD_VerticalClearance.<RequiredUpgrades>k__BackingField	36	0
definition_snapshot.Interlock.ResearchUnlockManager.Mode.WikiDatabase.Entries.WKWires_BeltFilter.<RequiredUpgrades>k__BackingField	36	0
definition_snapshot.Interlock.ResearchUnlockManager.Mode.WikiDatabase.Entries.WKWires_BeltReader.<RequiredUpgrades>k__BackingField	36	0
definition_snapshot.Interlock.ResearchUnlockManager.Mode.WikiDatabase.Entries.WKWires_Button.<RequiredUpgrades>k__BackingField	36	0
definition_snapshot.Interlock.ResearchUnlockManager.Mode.WikiDatabase.Entries.WKWires_ConstantSignal.<RequiredUpgrades>k__BackingField	36	0
definition_snapshot.Interlock.ResearchUnlockManager.Mode.WikiDatabase.Entries.WKWires_Display.<RequiredUpgrades>k__BackingField	36	0
definition_snapshot.Interlock.ResearchUnlockManager.Mode.WikiDatabase.Entries.WKWires_GlobalTransmission.<RequiredUpgrades>k__BackingField	36	0
definition_snapshot.Interlock.ResearchUnlockManager.Mode.WikiDatabase.Entries.WKWires_LogicGates.<RequiredUpgrades>k__BackingField	36	0
definition_snapshot.Interlock.ResearchUnlockManager.Mode.WikiDatabase.Entries.WKWires_MaM.<RequiredUpgrades>k__BackingField	36	0
definition_snapshot.Interlock.ResearchUnlockManager.Mode.WikiDatabase.Entries.WKWires_PipeGate.<RequiredUpgrades>k__BackingField	36	0
definition_snapshot.Interlock.ResearchUnlockManager.Mode.WikiDatabase.Entries.WKWires_ShapeAnalyzer.<RequiredUpgrades>k__BackingField	36	0
definition_snapshot.Interlock.ResearchUnlockManager.Mode.WikiDatabase.Entries.WKWires_Truthiness.<RequiredUpgrades>k__BackingField	36	0
definition_snapshot.Interlock.ResearchUnlockManager.Mode.WikiDatabase.Entries.WKWires_VirtualProcessing.<RequiredUpgrades>k__BackingField	36	0
definition_snapshot.Interlock.ResearchUnlockManager.Mode.WikiDatabase.Entries.WKWires_WireCrossings.<RequiredUpgrades>k__BackingField	36	0
definition_snapshot.Interlock.ResearchUnlockManager.Mode.WikiDatabase.Entries.WKWires_WireTransmission.<RequiredUpgrades>k__BackingField	36	0
definition_snapshot.Interlock.ResearchUnlockManager.Mode.WikiDatabase.Entries.WKWires_WiresSignals.<RequiredUpgrades>k__BackingField	36	0
definition_snapshot.Interlock.ResearchUnlockManager.Mode.WikiDatabase._KnowledgePanelEntries.WKClassicVortex_ShapeRotation.<RequiredMechanics>k__BackingField	36	0
definition_snapshot.Interlock.ResearchUnlockManager.Mode.WikiDatabase._KnowledgePanelEntries.WKClassicVortex_ShapeRotation.<RequiredUpgrades>k__BackingField	36	0
definition_snapshot.Interlock.ResearchUnlockManager.Mode.WikiDatabase._KnowledgePanelEntries.WKClassicVortex_Vortex.<RequiredMechanics>k__BackingField	36	0
definition_snapshot.Interlock.ResearchUnlockManager.Mode.WikiDatabase._KnowledgePanelEntries.WKClassicVortex_Vortex.<RequiredUpgrades>k__BackingField	36	0
definition_snapshot.Interlock.ResearchUnlockManager.Mode.WikiDatabase._KnowledgePanelEntries.WKResearch_Milestones.<RequiredMechanics>k__BackingField	36	0
definition_snapshot.Interlock.ResearchUnlockManager.Mode.WikiDatabase._KnowledgePanelEntries.WKResearch_Milestones.<RequiredUpgrades>k__BackingField	36	0
definition_snapshot.Interlock.ResearchUnlockManager.Mode.WikiDatabase._KnowledgePanelEntries.WKTrains_VortexDelivery.<RequiredUpgrades>k__BackingField	36	0
definition_snapshot.OnSimulationCreated.Listeners[].Target.Systems[].ProducedRockets	36	0
definition_snapshot.OnSimulationCreated.Listeners[].Target.SimulationGraph.ConnectorPool.PooledInstances[]	6	0
definition_snapshot.CargoExchanger.FluidCargoLoaderUnloader.Simulations	2	0
definition_snapshot.CargoExchanger.ShapeCargoLoaderUnloader.Simulations	2	0
definition_snapshot.CargoExchanger.Simulations	2	0
definition_snapshot.ConnectableSimulations[].Building.Definition.ConnectorData.LegacyBuildingIOMap.BuildingFluidInput	2	0
definition_snapshot.ConnectableSimulations[].Building.Definition.ConnectorData.LegacyBuildingIOMap.BuildingFluidJunction	2	0
definition_snapshot.ConnectableSimulations[].Building.Definition.ConnectorData.LegacyBuildingIOMap.BuildingFluidOutput	2	0
definition_snapshot.ConnectableSimulations[].Building.Definition.ConnectorData.LegacyBuildingIOMap.BuildingItemOutput	2	0
definition_snapshot.ConnectableSimulations[].Building.Definition.ConnectorData.LegacyBuildingIOMap.BuildingSignalIO	2	0
definition_snapshot.ConnectableSimulations[].Building.Definition.ConnectorData.LegacyBuildingIOMap.BuildingSignalJunction	2	0
definition_snapshot.ConnectableSimulations[].Buildings[].Definition.ConnectorData.LegacyBuildingIOMap.BuildingItemInput	2	0
definition_snapshot.ConnectableSimulations[].Buildings[].Definition.ConnectorData.LegacyBuildingIOMap.BuildingItemOutput	2	0
definition_snapshot.ConnectableSimulations[].Buildings[].Definition.ConnectorData.LegacyBuildingIOMap.BuildingSignalIO	2	0
definition_snapshot.ConnectableSimulations[].Buildings[].Definition.ConnectorData.LegacyBuildingIOMap.BuildingSignalJunction	2	0
definition_snapshot.ConnectableSimulations[].Simulation.DemandComparison.Method.CustomAttributes	2	0
definition_snapshot.ConnectableSimulations[].Simulation.DemandComparison.Method.Module.CustomAttributes	2	0
definition_snapshot.ConnectableSimulations[].Simulation.DemandComparison.Method.ReflectedTypeInternal.CustomAttributes	2	0
definition_snapshot.ConnectableSimulations[].Simulation.DemandComparison.Method.ReflectedTypeInternal.DeclaredEvents	2	0
definition_snapshot.ConnectableSimulations[].Simulation.DemandComparison.Method.ReflectedTypeInternal.GenericTypeArguments	2	0
definition_snapshot.ConnectableSimulations[].Simulation.DemandComparison.Method.ReflectedTypeInternal.GenericTypeParameters	2	0
definition_snapshot.ConnectableSimulations[].Simulation.DemandComparison.Method.ReturnParameter.CustomAttributes	2	0
definition_snapshot.ConnectableSimulations[].Simulation.DemandComparison.Method.ReturnType.DeclaredConstructors	2	0
definition_snapshot.ConnectableSimulations[].Simulation.DemandComparison.Method.ReturnType.DeclaredEvents	2	0
definition_snapshot.ConnectableSimulations[].Simulation.DemandComparison.Method.ReturnType.DeclaredNestedTypes	2	0
definition_snapshot.ConnectableSimulations[].Simulation.DemandComparison.Method.ReturnType.DeclaredProperties	2	0
definition_snapshot.ConnectableSimulations[].Simulation.DemandComparison.Method.ReturnType.GenericTypeArguments	2	0
definition_snapshot.ConnectableSimulations[].Simulation.DemandComparison.Method.ReturnType.GenericTypeParameters	2	0
definition_snapshot.ConnectableSimulations[].Simulation.DemandComparison.Method.ReturnTypeCustomAttributes.CustomAttributes	2	0
definition_snapshot.ConnectableSimulations[].Simulation.Receivers	2	0
definition_snapshot.ConnectableSimulations[].Simulation.SupplyComparison.Method.CustomAttributes	2	0
definition_snapshot.ConnectableSimulations[].Simulation.SupplyComparison.Method.ReturnParameter.CustomAttributes	2	0
definition_snapshot.ConnectableSimulations[].Simulation.SupplyComparison.Method.ReturnTypeCustomAttributes.CustomAttributes	2	0
definition_snapshot.ConnectableSimulations[].Simulation._PrimaryReceivers	2	0
definition_snapshot.ConnectableSimulations[].Simulation._SecondaryProviders	2	0
definition_snapshot.ConnectableSimulations[].Simulation._SecondaryReceivers	2	0
definition_snapshot.OnBeforeSimulationDestroyed.Listeners[].Method.CustomAttributes	2	0
definition_snapshot.OnBeforeSimulationDestroyed.Listeners[].Method.ReturnParameter.CustomAttributes	2	0
definition_snapshot.OnBeforeSimulationDestroyed.Listeners[].Method.ReturnTypeCustomAttributes.CustomAttributes	2	0
definition_snapshot.OnSimulationCreated.Listeners[].Method.CustomAttributes	2	0
definition_snapshot.OnSimulationCreated.Listeners[].Method.Module.CustomAttributes	2	0
definition_snapshot.OnSimulationCreated.Listeners[].Method.ReflectedTypeInternal.BaseType.DeclaredEvents	2	0
definition_snapshot.OnSimulationCreated.Listeners[].Method.ReflectedTypeInternal.BaseType.DeclaredFields	2	0
definition_snapshot.OnSimulationCreated.Listeners[].Method.ReflectedTypeInternal.BaseType.DeclaredNestedTypes	2	0
definition_snapshot.OnSimulationCreated.Listeners[].Method.ReflectedTypeInternal.BaseType.DeclaredProperties	2	0
definition_snapshot.OnSimulationCreated.Listeners[].Method.ReflectedTypeInternal.BaseType.GenericTypeArguments	2	0
definition_snapshot.OnSimulationCreated.Listeners[].Method.ReflectedTypeInternal.BaseType.GenericTypeParameters	2	0
definition_snapshot.OnSimulationCreated.Listeners[].Method.ReflectedTypeInternal.BaseType.ImplementedInterfaces	2	0
definition_snapshot.OnSimulationCreated.Listeners[].Method.ReflectedTypeInternal.CustomAttributes	2	0
definition_snapshot.OnSimulationCreated.Listeners[].Method.ReflectedTypeInternal.DeclaredEvents	2	0
definition_snapshot.OnSimulationCreated.Listeners[].Method.ReflectedTypeInternal.GenericTypeArguments	2	0
definition_snapshot.OnSimulationCreated.Listeners[].Method.ReflectedTypeInternal.GenericTypeParameters	2	0
definition_snapshot.OnSimulationCreated.Listeners[].Method.ReturnParameter.CustomAttributes	2	0
definition_snapshot.OnSimulationCreated.Listeners[].Method.ReturnParameter.ParameterType.CustomAttributes	2	0
definition_snapshot.OnSimulationCreated.Listeners[].Method.ReturnParameter.ParameterType.DeclaredConstructors	2	0
definition_snapshot.OnSimulationCreated.Listeners[].Method.ReturnParameter.ParameterType.DeclaredEvents	2	0
definition_snapshot.OnSimulationCreated.Listeners[].Method.ReturnParameter.ParameterType.DeclaredFields	2	0
definition_snapshot.OnSimulationCreated.Listeners[].Method.ReturnParameter.ParameterType.DeclaredMembers	2	0
definition_snapshot.OnSimulationCreated.Listeners[].Method.ReturnParameter.ParameterType.DeclaredMethods	2	0
definition_snapshot.OnSimulationCreated.Listeners[].Method.ReturnParameter.ParameterType.DeclaredNestedTypes	2	0
definition_snapshot.OnSimulationCreated.Listeners[].Method.ReturnParameter.ParameterType.DeclaredProperties	2	0
definition_snapshot.OnSimulationCreated.Listeners[].Method.ReturnParameter.ParameterType.GenericTypeArguments	2	0
definition_snapshot.OnSimulationCreated.Listeners[].Method.ReturnParameter.ParameterType.GenericTypeParameters	2	0
definition_snapshot.OnSimulationCreated.Listeners[].Method.ReturnParameter.ParameterType.ImplementedInterfaces	2	0
definition_snapshot.OnSimulationCreated.Listeners[].Method.ReturnTypeCustomAttributes.CustomAttributes	2	0
definition_snapshot.OnSimulationCreated.Listeners[].Target.ChunkBasedSystems[].ISimulationSystem.ConnectableSimulations	2	0
definition_snapshot.OnSimulationCreated.Listeners[].Target.GenericBuildingTenantSystems	2	0
definition_snapshot.OnSimulationCreated.Listeners[].Target.Layout.BunchEditHandles	2	0
definition_snapshot.OnSimulationCreated.Listeners[].Target.SimulationGraph.BunchEditHandles	2	0
definition_snapshot.OnSimulationCreated.Listeners[].Target.SimulationGraph.ClustersToUpdate	2	0
definition_snapshot.OnSimulationCreated.Listeners[].Target.SimulationGraph.ClustersToUpdateSoon	2	0
definition_snapshot.OnSimulationCreated.Listeners[].Target.SimulationGraph.NodePool.PooledInstances	2	0
definition_snapshot.OnSimulationCreated.Listeners[].Target.SimulationGraph.SimulationsCreatedDuringBunchEditMode	2	0
definition_snapshot.OnSimulationCreated.Listeners[].Target.SimulationsCreatedDuringBunchEditMode	2	0
definition_snapshot.OnSimulationCreated.Listeners[].Target.TileBasedSystems[].ISimulationSystem.ConnectableSimulations	2	0
definition_snapshot.OnSimulationCreated.Listeners[].Target.TileBasedSystems[].ReceivedShapes	2	0
definition_snapshot.TrainsSimulation.NavigationPredictor.InputsByRoutedOutput.Activator.Method.CustomAttributes	2	0
definition_snapshot.TrainsSimulation.NavigationPredictor.InputsByRoutedOutput.Activator.Method.ReflectedTypeInternal.CustomAttributes	2	0
definition_snapshot.TrainsSimulation.NavigationPredictor.InputsByRoutedOutput.Activator.Method.ReflectedTypeInternal.DeclaredEvents	2	0
definition_snapshot.TrainsSimulation.NavigationPredictor.InputsByRoutedOutput.Activator.Method.ReflectedTypeInternal.DeclaredNestedTypes	2	0
definition_snapshot.TrainsSimulation.NavigationPredictor.InputsByRoutedOutput.Activator.Method.ReflectedTypeInternal.DeclaredProperties	2	0
definition_snapshot.TrainsSimulation.NavigationPredictor.InputsByRoutedOutput.Activator.Method.ReflectedTypeInternal.GenericTypeParameters	2	0
definition_snapshot.TrainsSimulation.NavigationPredictor.InputsByRoutedOutput.Activator.Method.ReturnParameter.CustomAttributes	2	0
definition_snapshot.TrainsSimulation.NavigationPredictor.InputsByRoutedOutput.Activator.Method.ReturnTypeCustomAttributes.CustomAttributes	2	0
definition_snapshot.TrainsSimulation.NavigationPredictor.InputsByRoutedOutput.Deactivator.Method.CustomAttributes	2	0
definition_snapshot.TrainsSimulation.NavigationPredictor.InputsByRoutedOutput.Deactivator.Method.ReturnParameter.CustomAttributes	2	0
definition_snapshot.TrainsSimulation.NavigationPredictor.InputsByRoutedOutput.Deactivator.Method.ReturnTypeCustomAttributes.CustomAttributes	2	0
definition_snapshot.TrainsSimulation.NavigationPredictor.NavigationCoordinators[].TrainCatcherOutputs	2	0
definition_snapshot.TrainsSimulation.NavigationPredictor.NavigationCoordinators[].TrainLauncherInputs	2	0
definition_snapshot.TrainsSimulation.NavigationPredictor.RoutesByInput.Activator.Method.CustomAttributes	2	0
definition_snapshot.TrainsSimulation.NavigationPredictor.RoutesByInput.Activator.Method.ReflectedTypeInternal.CustomAttributes	2	0
definition_snapshot.TrainsSimulation.NavigationPredictor.RoutesByInput.Activator.Method.ReflectedTypeInternal.DeclaredEvents	2	0
definition_snapshot.TrainsSimulation.NavigationPredictor.RoutesByInput.Activator.Method.ReflectedTypeInternal.DeclaredNestedTypes	2	0
definition_snapshot.TrainsSimulation.NavigationPredictor.RoutesByInput.Activator.Method.ReflectedTypeInternal.DeclaredProperties	2	0
definition_snapshot.TrainsSimulation.NavigationPredictor.RoutesByInput.Activator.Method.ReflectedTypeInternal.GenericTypeParameters	2	0
definition_snapshot.TrainsSimulation.NavigationPredictor.RoutesByInput.Activator.Method.ReturnParameter.CustomAttributes	2	0
definition_snapshot.TrainsSimulation.NavigationPredictor.RoutesByInput.Activator.Method.ReturnTypeCustomAttributes.CustomAttributes	2	0
definition_snapshot.TrainsSimulation.NavigationPredictor.RoutesByInput.Deactivator.Method.CustomAttributes	2	0
definition_snapshot.TrainsSimulation.NavigationPredictor.RoutesByInput.Deactivator.Method.ReturnParameter.CustomAttributes	2	0
definition_snapshot.TrainsSimulation.NavigationPredictor.RoutesByInput.Deactivator.Method.ReturnTypeCustomAttributes.CustomAttributes	2	0
definition_snapshot.TrainsSimulation.TrainsProductionSimulator.TrainSpawnerValidator.Inputs	2	0
definition_snapshot.TrainsSimulation.TrainsProductionSimulator.TrainSpawnerValidator.NavigationSimulator.NavigationCoordinators[].TrainCatcherOutputs	2	0
definition_snapshot.TrainsSimulation.TrainsProductionSimulator.TrainSpawnerValidator.NavigationSimulator.NavigationCoordinators[].TrainLauncherInputs	2	0
definition_snapshot.TrainsSimulation.TrainsProductionSimulator.TrainSpawnerValidator.NavigationSimulator.NavigationCoordinators[].UpsideDownTrainCatcherInputs	2	0
definition_snapshot.TrainsSimulation.TrainsProductionSimulator.TrainSpawnerValidator.NavigationSimulator.NavigationCoordinators[].UpsideDownTrainLauncherOutputs	2	0
simulation_parameters.ConnectableSimulations[].Simulation.Receivers	2	0
simulation_parameters.ConnectableSimulations[].Simulation._PrimaryReceivers	2	0
simulation_parameters.ConnectableSimulations[].Simulation._SecondaryProviders	2	0
simulation_parameters.ConnectableSimulations[].Simulation._SecondaryReceivers	2	0
simulation_parameters.OnBeforeSimulationDestroyed.Listeners[].Method.CustomAttributes	2	0
simulation_parameters.OnSimulationCreated.Listeners[].Method.CustomAttributes	2	0
simulation_parameters.OnSimulationCreated.Listeners[].Target.GenericBuildingTenantSystems	2	0
simulation_parameters.OnSimulationCreated.Listeners[].Target.SimulationsCreatedDuringBunchEditMode	2	0
simulation_parameters.TrainsSimulation.NavigationPredictor.NavigationCoordinators[].TrainCatcherOutputs	2	0
simulation_parameters.TrainsSimulation.NavigationPredictor.NavigationCoordinators[].TrainLauncherInputs	2	0
simulation_parameters.TrainsSimulation.TrainSimulationCoordinators[].TrainCatcherOutputs	2	0
simulation_parameters.TrainsSimulation.TrainSimulationCoordinators[].TrainLauncherInputs	2	0
simulation_parameters.TrainsSimulation.TrainSimulationCoordinators[].UpsideDownTrainCatcherInputs	2	0
simulation_parameters.TrainsSimulation.TrainSimulationCoordinators[].UpsideDownTrainLauncherOutputs	2	0
simulation_parameters.TrainsSimulation.TrainsProductionSimulator.TrainSpawnerValidator.Inputs	2	0
